{
    "kind": "youtube#searchListResponse",
    "etag": "JwUcvjMKLn0n1TpgRPAKI2oVVxM",
    "nextPageToken": "CPQDEAA",
    "prevPageToken": "CMIDEAE",
    "regionCode": "ID",
    "pageInfo": {
        "totalResults": 374646,
        "resultsPerPage": 50
    },
    "items": [
        {
            "kind": "youtube#searchResult",
            "etag": "ATIOBTLqRTkAdI0v3FsCY12Uf0Y",
            "id": {
                "kind": "youtube#video",
                "videoId": "dOryRH9iZOI"
            },
            "snippet": {
                "publishedAt": "2021-01-09T17:00:12Z",
                "channelId": "UCFLWVRxGt-BCX7WqEdLCulg",
                "title": "KOMPLIKASI DIARE YANG HARUS DI WASPADAI",
                "description": "KOMPLIKASI DIARE YANG HARUS DI WASPADAI Diare merupakan gangguan pencernaan yang sangat umum dialami ...",
                "thumbnails": {
                    "default": {
                        "url": "https://i.ytimg.com/vi/dOryRH9iZOI/default.jpg",
                        "width": 120,
                        "height": 90
                    },
                    "medium": {
                        "url": "https://i.ytimg.com/vi/dOryRH9iZOI/mqdefault.jpg",
                        "width": 320,
                        "height": 180
                    },
                    "high": {
                        "url": "https://i.ytimg.com/vi/dOryRH9iZOI/hqdefault.jpg",
                        "width": 480,
                        "height": 360
                    }
                },
                "channelTitle": "BIO GM Official",
                "liveBroadcastContent": "none",
                "publishTime": "2021-01-09T17:00:12Z"
            }
        },
        {
            "kind": "youtube#searchResult",
            "etag": "tAdf5206y2dZ5fdy96bW0n0mZtc",
            "id": {
                "kind": "youtube#video",
                "videoId": "GddZKlRmyc4"
            },
            "snippet": {
                "publishedAt": "2021-10-26T06:52:26Z",
                "channelId": "UChAlbi_6aq6Jdy6TKgABSyA",
                "title": "Epidemiologi Penyakit Menular pada penyakit Diare",
                "description": "hallo, salam jumpa man teman    kali ini ada vidio tentang EPM penyakit Diare. yah walaupun belum sempurna, mohon ...",
                "thumbnails": {
                    "default": {
                        "url": "https://i.ytimg.com/vi/GddZKlRmyc4/default.jpg",
                        "width": 120,
                        "height": 90
                    },
                    "medium": {
                        "url": "https://i.ytimg.com/vi/GddZKlRmyc4/mqdefault.jpg",
                        "width": 320,
                        "height": 180
                    },
                    "high": {
                        "url": "https://i.ytimg.com/vi/GddZKlRmyc4/hqdefault.jpg",
                        "width": 480,
                        "height": 360
                    }
                },
                "channelTitle": "Lenny Boling",
                "liveBroadcastContent": "none",
                "publishTime": "2021-10-26T06:52:26Z"
            }
        },
        {
            "kind": "youtube#searchResult",
            "etag": "P3bAd0Uj9O46TSOMyR0pDwdmeW0",
            "id": {
                "kind": "youtube#video",
                "videoId": "j10_MpuEUII"
            },
            "snippet": {
                "publishedAt": "2021-11-09T08:41:39Z",
                "channelId": "UCyQ5aEFOG-OJ3ipa-UThYRQ",
                "title": "Cara mengatasi diare pada bayi dan orang dewasa dengan daun jambu biji #jsr#drzaidulakbar",
                "description": "berikut adalah cara untuk menybuhkan diare Cara alami mengatasi diare pada bayi dan orang dewasa#diare#daunjambubiji ...",
                "thumbnails": {
                    "default": {
                        "url": "https://i.ytimg.com/vi/j10_MpuEUII/default.jpg",
                        "width": 120,
                        "height": 90
                    },
                    "medium": {
                        "url": "https://i.ytimg.com/vi/j10_MpuEUII/mqdefault.jpg",
                        "width": 320,
                        "height": 180
                    },
                    "high": {
                        "url": "https://i.ytimg.com/vi/j10_MpuEUII/hqdefault.jpg",
                        "width": 480,
                        "height": 360
                    }
                },
                "channelTitle": "Tips dan info",
                "liveBroadcastContent": "none",
                "publishTime": "2021-11-09T08:41:39Z"
            }
        },
        {
            "kind": "youtube#searchResult",
            "etag": "XXpadH39QPlpunpB4PFccrdjGOw",
            "id": {
                "kind": "youtube#video",
                "videoId": "DjM7rWhYTpQ"
            },
            "snippet": {
                "publishedAt": "2021-12-05T09:16:28Z",
                "channelId": "UCr-alRIchh44nw6wv0UW-vg",
                "title": "hindari hal ini saat kucing diare || kesalahan yang sering terjadi",
                "description": "Hindari hal ini saat kucing diare || kesalahan yang sering terjadi Kita sering tidak menyadari akan hal yang kita lakukan saat ...",
                "thumbnails": {
                    "default": {
                        "url": "https://i.ytimg.com/vi/DjM7rWhYTpQ/default.jpg",
                        "width": 120,
                        "height": 90
                    },
                    "medium": {
                        "url": "https://i.ytimg.com/vi/DjM7rWhYTpQ/mqdefault.jpg",
                        "width": 320,
                        "height": 180
                    },
                    "high": {
                        "url": "https://i.ytimg.com/vi/DjM7rWhYTpQ/hqdefault.jpg",
                        "width": 480,
                        "height": 360
                    }
                },
                "channelTitle": "inda tyas",
                "liveBroadcastContent": "none",
                "publishTime": "2021-12-05T09:16:28Z"
            }
        },
        {
            "kind": "youtube#searchResult",
            "etag": "OfCshS-HxmiFD7EhSGAk_OeNurQ",
            "id": {
                "kind": "youtube#video",
                "videoId": "RNDZ1YXZ6v0"
            },
            "snippet": {
                "publishedAt": "2020-07-27T07:34:35Z",
                "channelId": "UCk7IVdQWmm_xsv7tE4rvaSg",
                "title": "MODUL KESEHATAN DAN GIZI - SESI 3 &quot;Mengenal Penyakit Diare&quot;",
                "description": "sesi kali ini, saya akan menjelaskan mengenal penyakit diare pada modul kesehatan dan gizi. #diklatp2k2yogyakarta2020 #pkh ...",
                "thumbnails": {
                    "default": {
                        "url": "https://i.ytimg.com/vi/RNDZ1YXZ6v0/default.jpg",
                        "width": 120,
                        "height": 90
                    },
                    "medium": {
                        "url": "https://i.ytimg.com/vi/RNDZ1YXZ6v0/mqdefault.jpg",
                        "width": 320,
                        "height": 180
                    },
                    "high": {
                        "url": "https://i.ytimg.com/vi/RNDZ1YXZ6v0/hqdefault.jpg",
                        "width": 480,
                        "height": 360
                    }
                },
                "channelTitle": "Anisa Amalia",
                "liveBroadcastContent": "none",
                "publishTime": "2020-07-27T07:34:35Z"
            }
        },
        {
            "kind": "youtube#searchResult",
            "etag": "T1TpVVkTWLXjSOG4bcaV_Qb4pRo",
            "id": {
                "kind": "youtube#video",
                "videoId": "XjxaaauBBZM"
            },
            "snippet": {
                "publishedAt": "2021-11-14T08:57:02Z",
                "channelId": "UC0api3h7WfgfkJbLsxxdabA",
                "title": "SWAMEDIKASI PASIEN DIARE",
                "description": "Video ini dibuat untuk memenuhi tugas UAS mata kuliah pengantar farmasi klinik. Semoga dengan adanya video ini menjadi ...",
                "thumbnails": {
                    "default": {
                        "url": "https://i.ytimg.com/vi/XjxaaauBBZM/default.jpg",
                        "width": 120,
                        "height": 90
                    },
                    "medium": {
                        "url": "https://i.ytimg.com/vi/XjxaaauBBZM/mqdefault.jpg",
                        "width": 320,
                        "height": 180
                    },
                    "high": {
                        "url": "https://i.ytimg.com/vi/XjxaaauBBZM/hqdefault.jpg",
                        "width": 480,
                        "height": 360
                    }
                },
                "channelTitle": "Hawa Wilis",
                "liveBroadcastContent": "none",
                "publishTime": "2021-11-14T08:57:02Z"
            }
        },
        {
            "kind": "youtube#searchResult",
            "etag": "bXN_i-KF7BW-v3q8PDeWOdx39Q0",
            "id": {
                "kind": "youtube#video",
                "videoId": "5hvMkAqDmKA"
            },
            "snippet": {
                "publishedAt": "2021-12-27T15:02:16Z",
                "channelId": "UCN9oQSnrHbU0Rh_Xnf34q2A",
                "title": "REVIEW KONSUMSI INTERLAC - (anti sembelit, diare, kolik, gumoh)",
                "description": "INTERLAC ✨ . @interlacprobiotics adalah suplemen makanan yang sudah teruji keamanannya dan efikasinya untuk menjaga ...",
                "thumbnails": {
                    "default": {
                        "url": "https://i.ytimg.com/vi/5hvMkAqDmKA/default.jpg",
                        "width": 120,
                        "height": 90
                    },
                    "medium": {
                        "url": "https://i.ytimg.com/vi/5hvMkAqDmKA/mqdefault.jpg",
                        "width": 320,
                        "height": 180
                    },
                    "high": {
                        "url": "https://i.ytimg.com/vi/5hvMkAqDmKA/hqdefault.jpg",
                        "width": 480,
                        "height": 360
                    }
                },
                "channelTitle": "Claudia Gracia",
                "liveBroadcastContent": "none",
                "publishTime": "2021-12-27T15:02:16Z"
            }
        },
        {
            "kind": "youtube#searchResult",
            "etag": "7kIqarCY8SuCN26wE7etjmI2oQQ",
            "id": {
                "kind": "youtube#video",
                "videoId": "2hexiQnIWmU"
            },
            "snippet": {
                "publishedAt": "2022-03-04T08:55:36Z",
                "channelId": "UC9ecy_EPoagMU5xgECQ2-Tw",
                "title": "Penatalaksanaan pneumonia dan diare pada balita dengan pendekatan MTBS",
                "description": "",
                "thumbnails": {
                    "default": {
                        "url": "https://i.ytimg.com/vi/2hexiQnIWmU/default.jpg",
                        "width": 120,
                        "height": 90
                    },
                    "medium": {
                        "url": "https://i.ytimg.com/vi/2hexiQnIWmU/mqdefault.jpg",
                        "width": 320,
                        "height": 180
                    },
                    "high": {
                        "url": "https://i.ytimg.com/vi/2hexiQnIWmU/hqdefault.jpg",
                        "width": 480,
                        "height": 360
                    }
                },
                "channelTitle": "Promkes Penjaringan",
                "liveBroadcastContent": "none",
                "publishTime": "2022-03-04T08:55:36Z"
            }
        },
        {
            "kind": "youtube#searchResult",
            "etag": "X3jfcFtHrhnp1ZJE__JEvdOccsc",
            "id": {
                "kind": "youtube#video",
                "videoId": "Mt239UeAnJg"
            },
            "snippet": {
                "publishedAt": "2022-01-22T03:44:14Z",
                "channelId": "UCX8tpQScV2c_JKIUtJlL34w",
                "title": "Mengalami Diare#shorts",
                "description": "Mengalami Diare#shorts.",
                "thumbnails": {
                    "default": {
                        "url": "https://i.ytimg.com/vi/Mt239UeAnJg/default.jpg",
                        "width": 120,
                        "height": 90
                    },
                    "medium": {
                        "url": "https://i.ytimg.com/vi/Mt239UeAnJg/mqdefault.jpg",
                        "width": 320,
                        "height": 180
                    },
                    "high": {
                        "url": "https://i.ytimg.com/vi/Mt239UeAnJg/hqdefault.jpg",
                        "width": 480,
                        "height": 360
                    }
                },
                "channelTitle": "dunia kucing",
                "liveBroadcastContent": "none",
                "publishTime": "2022-01-22T03:44:14Z"
            }
        },
        {
            "kind": "youtube#searchResult",
            "etag": "ufjGPMjhpGjeiaQvYlUHbFlxIF8",
            "id": {
                "kind": "youtube#video",
                "videoId": "rXvbiPRF0Ao"
            },
            "snippet": {
                "publishedAt": "2022-01-25T07:27:50Z",
                "channelId": "UCJphWg6N0Kqsf4VS5JPJSRw",
                "title": "Cegah Diare Agar Terhindar Dampak yang Buruk Pada Anak",
                "description": "anak mengalami diare dan tidak sedikit para bunda yang khawatir, selain membuat anak lemas, diare juga berdampak buruk ...",
                "thumbnails": {
                    "default": {
                        "url": "https://i.ytimg.com/vi/rXvbiPRF0Ao/default.jpg",
                        "width": 120,
                        "height": 90
                    },
                    "medium": {
                        "url": "https://i.ytimg.com/vi/rXvbiPRF0Ao/mqdefault.jpg",
                        "width": 320,
                        "height": 180
                    },
                    "high": {
                        "url": "https://i.ytimg.com/vi/rXvbiPRF0Ao/hqdefault.jpg",
                        "width": 480,
                        "height": 360
                    }
                },
                "channelTitle": "Sehat Bersama Heppy",
                "liveBroadcastContent": "none",
                "publishTime": "2022-01-25T07:27:50Z"
            }
        },
        {
            "kind": "youtube#searchResult",
            "etag": "l0YKME3FKsymrGC9RbgGIh4r1ZU",
            "id": {
                "kind": "youtube#video",
                "videoId": "pqYnQGvDJkc"
            },
            "snippet": {
                "publishedAt": "2021-09-13T19:46:01Z",
                "channelId": "UC4QXaC4qqZdX29YtoiFeQhw",
                "title": "DIARE ABDOU SAKHO ( KAWOU KANOUTE )",
                "description": "DJ CHEIKH PROD EVENTS.",
                "thumbnails": {
                    "default": {
                        "url": "https://i.ytimg.com/vi/pqYnQGvDJkc/default.jpg",
                        "width": 120,
                        "height": 90
                    },
                    "medium": {
                        "url": "https://i.ytimg.com/vi/pqYnQGvDJkc/mqdefault.jpg",
                        "width": 320,
                        "height": 180
                    },
                    "high": {
                        "url": "https://i.ytimg.com/vi/pqYnQGvDJkc/hqdefault.jpg",
                        "width": 480,
                        "height": 360
                    }
                },
                "channelTitle": "djcheikh koite",
                "liveBroadcastContent": "none",
                "publishTime": "2021-09-13T19:46:01Z"
            }
        },
        {
            "kind": "youtube#searchResult",
            "etag": "D7Fmlsu6A2p4V-OIPfA6ZQ6iank",
            "id": {
                "kind": "youtube#video",
                "videoId": "bSZyB3-HHqY"
            },
            "snippet": {
                "publishedAt": "2021-01-18T03:25:51Z",
                "channelId": "UCXSS_KgiJwwLvEjTLCn2Zcw",
                "title": "(Roleplay) Penyuluhan dan Pendidikan Kesehatan Diare",
                "description": "Selamat menonton Mohon maaf bila ada kesalahan karena ini merupakan video roleplay yang di buat untuk memenuhi tugas ...",
                "thumbnails": {
                    "default": {
                        "url": "https://i.ytimg.com/vi/bSZyB3-HHqY/default.jpg",
                        "width": 120,
                        "height": 90
                    },
                    "medium": {
                        "url": "https://i.ytimg.com/vi/bSZyB3-HHqY/mqdefault.jpg",
                        "width": 320,
                        "height": 180
                    },
                    "high": {
                        "url": "https://i.ytimg.com/vi/bSZyB3-HHqY/hqdefault.jpg",
                        "width": 480,
                        "height": 360
                    }
                },
                "channelTitle": "NAnisa Channel",
                "liveBroadcastContent": "none",
                "publishTime": "2021-01-18T03:25:51Z"
            }
        },
        {
            "kind": "youtube#searchResult",
            "etag": "4cQ8FOpgNKBxRLA-bvxvv5AJ8MI",
            "id": {
                "kind": "youtube#video",
                "videoId": "PAXC7rVxu1c"
            },
            "snippet": {
                "publishedAt": "2020-08-18T16:19:01Z",
                "channelId": "UCRHH6muH6uTbL5qQWgV9zfQ",
                "title": "Resep JSR dr Zaidul Akbar Untuk Masuk Angin &amp; Diare",
                "description": "Sobat dirumah pasti pernah mengalami masuk angin dan tak jarang masuk angin tersebut dapat menimbulkan sakit perut hingga ...",
                "thumbnails": {
                    "default": {
                        "url": "https://i.ytimg.com/vi/PAXC7rVxu1c/default.jpg",
                        "width": 120,
                        "height": 90
                    },
                    "medium": {
                        "url": "https://i.ytimg.com/vi/PAXC7rVxu1c/mqdefault.jpg",
                        "width": 320,
                        "height": 180
                    },
                    "high": {
                        "url": "https://i.ytimg.com/vi/PAXC7rVxu1c/hqdefault.jpg",
                        "width": 480,
                        "height": 360
                    }
                },
                "channelTitle": "Herbal Tube",
                "liveBroadcastContent": "none",
                "publishTime": "2020-08-18T16:19:01Z"
            }
        },
        {
            "kind": "youtube#searchResult",
            "etag": "iID9p2wpHrPocyElYHS8_rZr07I",
            "id": {
                "kind": "youtube#video",
                "videoId": "T_fE8eT6IBQ"
            },
            "snippet": {
                "publishedAt": "2021-12-14T05:00:07Z",
                "channelId": "UCdcxa-O1deiR4F8dQk01XHQ",
                "title": "Obat diare Akut dan Kronik NOVADIUM Loperamide HCL 2mg #shorts",
                "description": "",
                "thumbnails": {
                    "default": {
                        "url": "https://i.ytimg.com/vi/T_fE8eT6IBQ/default.jpg",
                        "width": 120,
                        "height": 90
                    },
                    "medium": {
                        "url": "https://i.ytimg.com/vi/T_fE8eT6IBQ/mqdefault.jpg",
                        "width": 320,
                        "height": 180
                    },
                    "high": {
                        "url": "https://i.ytimg.com/vi/T_fE8eT6IBQ/hqdefault.jpg",
                        "width": 480,
                        "height": 360
                    }
                },
                "channelTitle": "Bincang OBAT",
                "liveBroadcastContent": "none",
                "publishTime": "2021-12-14T05:00:07Z"
            }
        },
        {
            "kind": "youtube#searchResult",
            "etag": "rlezck2oCVqqgs2STtW6XLMRbRE",
            "id": {
                "kind": "youtube#video",
                "videoId": "osDAMyu0_Mo"
            },
            "snippet": {
                "publishedAt": "2022-02-28T16:24:15Z",
                "channelId": "UC_44yFVo-2EMaW7QEkA2Isg",
                "title": "5 MANFAAT DAUN SALAM UNTUK KESEHATAN (DIARE, IMUN TUBUH, DARAH TINGGI, ASAM URAT DAN DIET)",
                "description": "5 manfaat daun salam untuk kesehatan tubuh 1.Menurunkan asam urat 2.Menurunkan darah tinggi 3.Menurunkan berat badan 4.",
                "thumbnails": {
                    "default": {
                        "url": "https://i.ytimg.com/vi/osDAMyu0_Mo/default.jpg",
                        "width": 120,
                        "height": 90
                    },
                    "medium": {
                        "url": "https://i.ytimg.com/vi/osDAMyu0_Mo/mqdefault.jpg",
                        "width": 320,
                        "height": 180
                    },
                    "high": {
                        "url": "https://i.ytimg.com/vi/osDAMyu0_Mo/hqdefault.jpg",
                        "width": 480,
                        "height": 360
                    }
                },
                "channelTitle": "GUBUK SEHAT",
                "liveBroadcastContent": "none",
                "publishTime": "2022-02-28T16:24:15Z"
            }
        },
        {
            "kind": "youtube#searchResult",
            "etag": "G3bJnCpE5JAlV0yziZR43nEbMvc",
            "id": {
                "kind": "youtube#video",
                "videoId": "3S27S1yGI8w"
            },
            "snippet": {
                "publishedAt": "2022-03-04T07:08:21Z",
                "channelId": "UCbaRDR-NiSmytYihCROz5CQ",
                "title": "Review Singkat Laporan Diare Lumajang 2022 (part 1)",
                "description": "download form pelaporan diare bit.ly/diare2022lmj.",
                "thumbnails": {
                    "default": {
                        "url": "https://i.ytimg.com/vi/3S27S1yGI8w/default.jpg",
                        "width": 120,
                        "height": 90
                    },
                    "medium": {
                        "url": "https://i.ytimg.com/vi/3S27S1yGI8w/mqdefault.jpg",
                        "width": 320,
                        "height": 180
                    },
                    "high": {
                        "url": "https://i.ytimg.com/vi/3S27S1yGI8w/hqdefault.jpg",
                        "width": 480,
                        "height": 360
                    }
                },
                "channelTitle": "Akukamikita Adianto",
                "liveBroadcastContent": "none",
                "publishTime": "2022-03-04T07:08:21Z"
            }
        },
        {
            "kind": "youtube#searchResult",
            "etag": "_d-lBFEDrw1tIINbgUoo1IPW5gw",
            "id": {
                "kind": "youtube#video",
                "videoId": "W4Ff4-8DmR4"
            },
            "snippet": {
                "publishedAt": "2020-09-01T07:52:20Z",
                "channelId": "UCs0l5r6QTd27ZcojiK7a1jA",
                "title": "❤Tanaman alami untuk obat diare - dr.Zaidul Akbar",
                "description": "Buang air besar yang encer lebih sering terjadi dari biasanya. Diare biasanya disebabkan oleh virus atau, terkadang, makanan ...",
                "thumbnails": {
                    "default": {
                        "url": "https://i.ytimg.com/vi/W4Ff4-8DmR4/default.jpg",
                        "width": 120,
                        "height": 90
                    },
                    "medium": {
                        "url": "https://i.ytimg.com/vi/W4Ff4-8DmR4/mqdefault.jpg",
                        "width": 320,
                        "height": 180
                    },
                    "high": {
                        "url": "https://i.ytimg.com/vi/W4Ff4-8DmR4/hqdefault.jpg",
                        "width": 480,
                        "height": 360
                    }
                },
                "channelTitle": "Bidanku.com",
                "liveBroadcastContent": "none",
                "publishTime": "2020-09-01T07:52:20Z"
            }
        },
        {
            "kind": "youtube#searchResult",
            "etag": "TdoJuAijaDU_okRYzur50aJfNkA",
            "id": {
                "kind": "youtube#video",
                "videoId": "E9PWM3XBoEg"
            },
            "snippet": {
                "publishedAt": "2019-12-18T08:40:50Z",
                "channelId": "UCoaYZ13uXALRPjtqmQfR-jQ",
                "title": "DIARE...??? Hanya Dengan Ini Diare Langsung Sirna Begitu Saja...!!! | Pijat Refleksi Untuk Diare",
                "description": "Cara mengobati diare secara alami dengan cara pijat refleksi, pada bagian pusat syaraf untuk mengobati diare Pijat Refleksi ini ...",
                "thumbnails": {
                    "default": {
                        "url": "https://i.ytimg.com/vi/E9PWM3XBoEg/default.jpg",
                        "width": 120,
                        "height": 90
                    },
                    "medium": {
                        "url": "https://i.ytimg.com/vi/E9PWM3XBoEg/mqdefault.jpg",
                        "width": 320,
                        "height": 180
                    },
                    "high": {
                        "url": "https://i.ytimg.com/vi/E9PWM3XBoEg/hqdefault.jpg",
                        "width": 480,
                        "height": 360
                    }
                },
                "channelTitle": "Ramuan Mujarab",
                "liveBroadcastContent": "none",
                "publishTime": "2019-12-18T08:40:50Z"
            }
        },
        {
            "kind": "youtube#searchResult",
            "etag": "ckxv91HM-urTuDqPNu1nGDF8kw4",
            "id": {
                "kind": "youtube#video",
                "videoId": "MdroudgXNOI"
            },
            "snippet": {
                "publishedAt": "2022-01-30T02:40:24Z",
                "channelId": "UCQHkWQXaJa-FRRiyHLQQipw",
                "title": "Penjelasan Penyakit Diare pada Sapi - Mahasiswa Peternakan Polbangtan Gowa",
                "description": "Sebagai media pembelajaran agar mahasiswa lebih mengenal dekat dengan berbagai jenis penyakit yang dapat terjangkit pada ...",
                "thumbnails": {
                    "default": {
                        "url": "https://i.ytimg.com/vi/MdroudgXNOI/default.jpg",
                        "width": 120,
                        "height": 90
                    },
                    "medium": {
                        "url": "https://i.ytimg.com/vi/MdroudgXNOI/mqdefault.jpg",
                        "width": 320,
                        "height": 180
                    },
                    "high": {
                        "url": "https://i.ytimg.com/vi/MdroudgXNOI/hqdefault.jpg",
                        "width": 480,
                        "height": 360
                    }
                },
                "channelTitle": "Nunivet",
                "liveBroadcastContent": "none",
                "publishTime": "2022-01-30T02:40:24Z"
            }
        },
        {
            "kind": "youtube#searchResult",
            "etag": "MfIw_F47h57htO91scPKHBwECI4",
            "id": {
                "kind": "youtube#video",
                "videoId": "pmOWREYFJek"
            },
            "snippet": {
                "publishedAt": "2021-12-23T10:23:12Z",
                "channelId": "UCjb2c1cgrosFvBOTSZybnbg",
                "title": "Obat Diare Mujarab - Langsung Metik di Hutan",
                "description": "Obat Diare.",
                "thumbnails": {
                    "default": {
                        "url": "https://i.ytimg.com/vi/pmOWREYFJek/default.jpg",
                        "width": 120,
                        "height": 90
                    },
                    "medium": {
                        "url": "https://i.ytimg.com/vi/pmOWREYFJek/mqdefault.jpg",
                        "width": 320,
                        "height": 180
                    },
                    "high": {
                        "url": "https://i.ytimg.com/vi/pmOWREYFJek/hqdefault.jpg",
                        "width": 480,
                        "height": 360
                    }
                },
                "channelTitle": "Ripai Sriamangin",
                "liveBroadcastContent": "none",
                "publishTime": "2021-12-23T10:23:12Z"
            }
        },
        {
            "kind": "youtube#searchResult",
            "etag": "hqN6wtZyWejYygZpU5cb6c8YPmM",
            "id": {
                "kind": "youtube#video",
                "videoId": "56I5M2ZbRrs"
            },
            "snippet": {
                "publishedAt": "2021-12-09T05:56:34Z",
                "channelId": "UCNwkQdI1S6NOCids-53KrIw",
                "title": "Cara Mengatasi Diare Secara Alami dan Cepat || CARA SEHAT",
                "description": "MengatasiDiare #ObatDiare #Diare Cara Mengatasi Diare Secara Alami dan Cepat. Diare juga dapat berakibat fatal jika ...",
                "thumbnails": {
                    "default": {
                        "url": "https://i.ytimg.com/vi/56I5M2ZbRrs/default.jpg",
                        "width": 120,
                        "height": 90
                    },
                    "medium": {
                        "url": "https://i.ytimg.com/vi/56I5M2ZbRrs/mqdefault.jpg",
                        "width": 320,
                        "height": 180
                    },
                    "high": {
                        "url": "https://i.ytimg.com/vi/56I5M2ZbRrs/hqdefault.jpg",
                        "width": 480,
                        "height": 360
                    }
                },
                "channelTitle": "Cara Sehat",
                "liveBroadcastContent": "none",
                "publishTime": "2021-12-09T05:56:34Z"
            }
        },
        {
            "kind": "youtube#searchResult",
            "etag": "_d_y_uCVkZNro-A7ggAAFsES96k",
            "id": {
                "kind": "youtube#video",
                "videoId": "ONdSv27ALJo"
            },
            "snippet": {
                "publishedAt": "2022-03-02T13:00:11Z",
                "channelId": "UCnr8H7RyWiZuH3nwCFiPQMQ",
                "title": "cara mengobati kucing diare ( mencret ) || penyebab diare",
                "description": "hai sahabat cat lovers , di video kali ini kucing junior akan membahas mengenai penyebab kucing diare dan cara mengobati ...",
                "thumbnails": {
                    "default": {
                        "url": "https://i.ytimg.com/vi/ONdSv27ALJo/default.jpg",
                        "width": 120,
                        "height": 90
                    },
                    "medium": {
                        "url": "https://i.ytimg.com/vi/ONdSv27ALJo/mqdefault.jpg",
                        "width": 320,
                        "height": 180
                    },
                    "high": {
                        "url": "https://i.ytimg.com/vi/ONdSv27ALJo/hqdefault.jpg",
                        "width": 480,
                        "height": 360
                    }
                },
                "channelTitle": "KUCING JUNIOR",
                "liveBroadcastContent": "none",
                "publishTime": "2022-03-02T13:00:11Z"
            }
        },
        {
            "kind": "youtube#searchResult",
            "etag": "pW-RJhOSND7pHCJwl_nvMq4V04M",
            "id": {
                "kind": "youtube#video",
                "videoId": "_bul7AMDquU"
            },
            "snippet": {
                "publishedAt": "2021-04-24T13:31:57Z",
                "channelId": "UCa7bQaFWlmJF0V1EROCDlFg",
                "title": "[4TABLET] NEW DIATABS / DIARE NYERI PERUT / MULES MENCRET / FESES ENCER / BAB TERUS",
                "description": "[4TABLET] NEW DIATABS / DIARE NYERI PERUT / MULES MENCRET / FESES ENCER / BAB TERUS KHASIAT DAN ...",
                "thumbnails": {
                    "default": {
                        "url": "https://i.ytimg.com/vi/_bul7AMDquU/default.jpg",
                        "width": 120,
                        "height": 90
                    },
                    "medium": {
                        "url": "https://i.ytimg.com/vi/_bul7AMDquU/mqdefault.jpg",
                        "width": 320,
                        "height": 180
                    },
                    "high": {
                        "url": "https://i.ytimg.com/vi/_bul7AMDquU/hqdefault.jpg",
                        "width": 480,
                        "height": 360
                    }
                },
                "channelTitle": "tokobatkita _",
                "liveBroadcastContent": "none",
                "publishTime": "2021-04-24T13:31:57Z"
            }
        },
        {
            "kind": "youtube#searchResult",
            "etag": "NCam6VwJlN9Ic6USYvKbxo7hFks",
            "id": {
                "kind": "youtube#video",
                "videoId": "kFvxDl-6xo8"
            },
            "snippet": {
                "publishedAt": "2022-03-04T12:00:15Z",
                "channelId": "UCkjlNFEM9LhrdOhQhCYRjZw",
                "title": "Diare karena Efek Vaksin Booster, Begini Cara Mengatasinya",
                "description": "Diare karena Efek Vaksin Booster, Begini Cara Mengatasinya Vaksin booster diperlukan untuk menguatkan vaksin yang sudah ...",
                "thumbnails": {
                    "default": {
                        "url": "https://i.ytimg.com/vi/kFvxDl-6xo8/default.jpg",
                        "width": 120,
                        "height": 90
                    },
                    "medium": {
                        "url": "https://i.ytimg.com/vi/kFvxDl-6xo8/mqdefault.jpg",
                        "width": 320,
                        "height": 180
                    },
                    "high": {
                        "url": "https://i.ytimg.com/vi/kFvxDl-6xo8/hqdefault.jpg",
                        "width": 480,
                        "height": 360
                    }
                },
                "channelTitle": "GridHEALTH",
                "liveBroadcastContent": "none",
                "publishTime": "2022-03-04T12:00:15Z"
            }
        },
        {
            "kind": "youtube#searchResult",
            "etag": "DIpgwkg-GyvLr8b8LhfdupqyjwY",
            "id": {
                "kind": "youtube#video",
                "videoId": "6CK9jCxu6To"
            },
            "snippet": {
                "publishedAt": "2022-01-29T01:03:09Z",
                "channelId": "UCa3LyML5olu4WfnloeBBfQQ",
                "title": "CARA INI SANGAT AMPUH SEMBUHKAN DIARE PADA BURUNG",
                "description": "Prawatan Burung Branjangan Trotol DUDUK SANTAI KLUARKAN SUARA EMAS   Untuk branjangan harian, penjemuran bisa ...",
                "thumbnails": {
                    "default": {
                        "url": "https://i.ytimg.com/vi/6CK9jCxu6To/default.jpg",
                        "width": 120,
                        "height": 90
                    },
                    "medium": {
                        "url": "https://i.ytimg.com/vi/6CK9jCxu6To/mqdefault.jpg",
                        "width": 320,
                        "height": 180
                    },
                    "high": {
                        "url": "https://i.ytimg.com/vi/6CK9jCxu6To/hqdefault.jpg",
                        "width": 480,
                        "height": 360
                    }
                },
                "channelTitle": "Moazzam TV",
                "liveBroadcastContent": "none",
                "publishTime": "2022-01-29T01:03:09Z"
            }
        },
        {
            "kind": "youtube#searchResult",
            "etag": "8b0SR7tkLXQpdu9Jk1uXnEqi9r0",
            "id": {
                "kind": "youtube#video",
                "videoId": "cMZN-XqD1M0"
            },
            "snippet": {
                "publishedAt": "2022-03-03T06:24:08Z",
                "channelId": "UCvX2XzIYfkWVuF1z578oSuA",
                "title": "Daun Jambu Biji Obat Ampuh Diare",
                "description": "shorts #shortsvideo.",
                "thumbnails": {
                    "default": {
                        "url": "https://i.ytimg.com/vi/cMZN-XqD1M0/default.jpg",
                        "width": 120,
                        "height": 90
                    },
                    "medium": {
                        "url": "https://i.ytimg.com/vi/cMZN-XqD1M0/mqdefault.jpg",
                        "width": 320,
                        "height": 180
                    },
                    "high": {
                        "url": "https://i.ytimg.com/vi/cMZN-XqD1M0/hqdefault.jpg",
                        "width": 480,
                        "height": 360
                    }
                },
                "channelTitle": "Vlog Kuring",
                "liveBroadcastContent": "none",
                "publishTime": "2022-03-03T06:24:08Z"
            }
        },
        {
            "kind": "youtube#searchResult",
            "etag": "j9zgGXcASU0otJQqf9I9MnyyuW0",
            "id": {
                "kind": "youtube#video",
                "videoId": "vFdgLDAnxII"
            },
            "snippet": {
                "publishedAt": "2021-08-14T10:41:17Z",
                "channelId": "UCfX7VfGDpm78iuP2om1mF8Q",
                "title": "Diare sebabkan dehidrasi??? #MariKitaBuka (Konan Seja Podcast)",
                "description": "Diare merupakan peningkatan jumlah (tiga kali atau lebih) atau penurunan konsistensi dari tinja (menjadi lunak atau cair) dalam ...",
                "thumbnails": {
                    "default": {
                        "url": "https://i.ytimg.com/vi/vFdgLDAnxII/default.jpg",
                        "width": 120,
                        "height": 90
                    },
                    "medium": {
                        "url": "https://i.ytimg.com/vi/vFdgLDAnxII/mqdefault.jpg",
                        "width": 320,
                        "height": 180
                    },
                    "high": {
                        "url": "https://i.ytimg.com/vi/vFdgLDAnxII/hqdefault.jpg",
                        "width": 480,
                        "height": 360
                    }
                },
                "channelTitle": "Konan Seja",
                "liveBroadcastContent": "none",
                "publishTime": "2021-08-14T10:41:17Z"
            }
        },
        {
            "kind": "youtube#searchResult",
            "etag": "AjgLNs8PJgJU-RN2pCngyKrv0DA",
            "id": {
                "kind": "youtube#video",
                "videoId": "ZTQlJzaMtGw"
            },
            "snippet": {
                "publishedAt": "2020-02-18T12:39:45Z",
                "channelId": "UCFLpaC4gLEdN5hLNQ1wGnBQ",
                "title": "OBAT DIARE ATAU OBAT MENCRET (OBAT DISENTRI) DAPAT DIATASI DENGAN LODIA LOPERAMIDE",
                "description": "Kegunaan Lodia loperamide untuk membantu mengobati beberapa jenis diare/mencret seperti diare akut nonspesifik, diare ...",
                "thumbnails": {
                    "default": {
                        "url": "https://i.ytimg.com/vi/ZTQlJzaMtGw/default.jpg",
                        "width": 120,
                        "height": 90
                    },
                    "medium": {
                        "url": "https://i.ytimg.com/vi/ZTQlJzaMtGw/mqdefault.jpg",
                        "width": 320,
                        "height": 180
                    },
                    "high": {
                        "url": "https://i.ytimg.com/vi/ZTQlJzaMtGw/hqdefault.jpg",
                        "width": 480,
                        "height": 360
                    }
                },
                "channelTitle": "Mazmur Harapanta Tarigan",
                "liveBroadcastContent": "none",
                "publishTime": "2020-02-18T12:39:45Z"
            }
        },
        {
            "kind": "youtube#searchResult",
            "etag": "_PpfhO-Ixp42daz7sFRkrRUouDs",
            "id": {
                "kind": "youtube#video",
                "videoId": "yS0MYlKj1LE"
            },
            "snippet": {
                "publishedAt": "2021-03-31T04:26:21Z",
                "channelId": "UClKvQlhV4FGUkATQZKH5cvw",
                "title": "Awas diare!! 10 obat herbal alami paling manjur mengobati diare pada anak dan orang dewasa",
                "description": "Cara mengobati diare pada anak dan orang dewasa dengan bahan bahan herbal alami yang mudah ditemukan tidak kalah ...",
                "thumbnails": {
                    "default": {
                        "url": "https://i.ytimg.com/vi/yS0MYlKj1LE/default.jpg",
                        "width": 120,
                        "height": 90
                    },
                    "medium": {
                        "url": "https://i.ytimg.com/vi/yS0MYlKj1LE/mqdefault.jpg",
                        "width": 320,
                        "height": 180
                    },
                    "high": {
                        "url": "https://i.ytimg.com/vi/yS0MYlKj1LE/hqdefault.jpg",
                        "width": 480,
                        "height": 360
                    }
                },
                "channelTitle": "Planet Herbal",
                "liveBroadcastContent": "none",
                "publishTime": "2021-03-31T04:26:21Z"
            }
        },
        {
            "kind": "youtube#searchResult",
            "etag": "RDxpb4oPNEtQDOt520RapuheKJE",
            "id": {
                "kind": "youtube#video",
                "videoId": "O26X6y4jfzM"
            },
            "snippet": {
                "publishedAt": "2020-11-01T07:36:07Z",
                "channelId": "UC33gE53NLMKJ6IxpupZJKAw",
                "title": "Probiotik Dapat Membantu Mengobati Diare Sekaligus Dapat Membuat Diare WARBIASA !!! #KonsulApt 21",
                "description": "Probiotik adalah mikroorganisme hidup yang memiliki banyak manfaat diantaranya, 1.Membantu Pengobatan Diare 2.Melindungi ...",
                "thumbnails": {
                    "default": {
                        "url": "https://i.ytimg.com/vi/O26X6y4jfzM/default.jpg",
                        "width": 120,
                        "height": 90
                    },
                    "medium": {
                        "url": "https://i.ytimg.com/vi/O26X6y4jfzM/mqdefault.jpg",
                        "width": 320,
                        "height": 180
                    },
                    "high": {
                        "url": "https://i.ytimg.com/vi/O26X6y4jfzM/hqdefault.jpg",
                        "width": 480,
                        "height": 360
                    }
                },
                "channelTitle": "APOTEKER GABUT GAMING & KONSULTASI",
                "liveBroadcastContent": "none",
                "publishTime": "2020-11-01T07:36:07Z"
            }
        },
        {
            "kind": "youtube#searchResult",
            "etag": "t_6RofUd6H3ak9av5KPHw_TfhEo",
            "id": {
                "kind": "youtube#video",
                "videoId": "IO4P1qjdEho"
            },
            "snippet": {
                "publishedAt": "2022-01-01T05:30:03Z",
                "channelId": "UC0u71cf5KAsKgRF8MY90X8w",
                "title": "KUCING MENCRET KUCING DIARE GA USAH PANIK !! 7 MAKANAN UNTUK KUCING MENCRET - MENGOBATI KUCING DIARE",
                "description": "sobat, kucing nggak selalu sehat, iya pasti ada saja masalah kesehatan yang menyerang hewan lucu berbulu ini. salah satunya ...",
                "thumbnails": {
                    "default": {
                        "url": "https://i.ytimg.com/vi/IO4P1qjdEho/default.jpg",
                        "width": 120,
                        "height": 90
                    },
                    "medium": {
                        "url": "https://i.ytimg.com/vi/IO4P1qjdEho/mqdefault.jpg",
                        "width": 320,
                        "height": 180
                    },
                    "high": {
                        "url": "https://i.ytimg.com/vi/IO4P1qjdEho/hqdefault.jpg",
                        "width": 480,
                        "height": 360
                    }
                },
                "channelTitle": "puspusmiaw",
                "liveBroadcastContent": "none",
                "publishTime": "2022-01-01T05:30:03Z"
            }
        },
        {
            "kind": "youtube#searchResult",
            "etag": "VXxWV4g47H8oeDMEv9R7JQS3c3w",
            "id": {
                "kind": "youtube#video",
                "videoId": "buiVWb-PMeY"
            },
            "snippet": {
                "publishedAt": "2021-12-24T14:47:49Z",
                "channelId": "UCkwbzAUh15Xv1z6-Wjisn1A",
                "title": "OBAT DIARE ALAMI",
                "description": "obatherbal#diare#jamboebidjie #infosehat#viral#obatherbal.",
                "thumbnails": {
                    "default": {
                        "url": "https://i.ytimg.com/vi/buiVWb-PMeY/default.jpg",
                        "width": 120,
                        "height": 90
                    },
                    "medium": {
                        "url": "https://i.ytimg.com/vi/buiVWb-PMeY/mqdefault.jpg",
                        "width": 320,
                        "height": 180
                    },
                    "high": {
                        "url": "https://i.ytimg.com/vi/buiVWb-PMeY/hqdefault.jpg",
                        "width": 480,
                        "height": 360
                    }
                },
                "channelTitle": "JAMBOE BIDJIE",
                "liveBroadcastContent": "none",
                "publishTime": "2021-12-24T14:47:49Z"
            }
        },
        {
            "kind": "youtube#searchResult",
            "etag": "VGfM9RrKE0O7CL28bpX3NUoZodc",
            "id": {
                "kind": "youtube#video",
                "videoId": "3kYXkF3t8AA"
            },
            "snippet": {
                "publishedAt": "2020-05-21T14:44:45Z",
                "channelId": "UC5UdauMRvB3OlDir9RM1biQ",
                "title": "TUTORIAL TOTOK PUNGGUNG DIARE SAAT LEBARAN",
                "description": "Tutorial ini menggambarkan penanganan kejadian diare saat lebaran dengan terapi komplementer Totok Punggung.",
                "thumbnails": {
                    "default": {
                        "url": "https://i.ytimg.com/vi/3kYXkF3t8AA/default.jpg",
                        "width": 120,
                        "height": 90
                    },
                    "medium": {
                        "url": "https://i.ytimg.com/vi/3kYXkF3t8AA/mqdefault.jpg",
                        "width": 320,
                        "height": 180
                    },
                    "high": {
                        "url": "https://i.ytimg.com/vi/3kYXkF3t8AA/hqdefault.jpg",
                        "width": 480,
                        "height": 360
                    }
                },
                "channelTitle": "BOLO WARAS MEDIA",
                "liveBroadcastContent": "none",
                "publishTime": "2020-05-21T14:44:45Z"
            }
        },
        {
            "kind": "youtube#searchResult",
            "etag": "DITPNAsGtLodD54gQXUNwhdhSvo",
            "id": {
                "kind": "youtube#video",
                "videoId": "5Y05BW_2mrg"
            },
            "snippet": {
                "publishedAt": "2022-01-07T15:59:16Z",
                "channelId": "UC9pm9jAiNuvcOBS6o4BbBjw",
                "title": "Farmakoterapi Diare",
                "description": "Dibuat untuk memenuhi tugas Mata Kuliah Farmakoterapi IGTPS. Fakultas Farmasi. Universitas Buana Perjuangan Karawang.",
                "thumbnails": {
                    "default": {
                        "url": "https://i.ytimg.com/vi/5Y05BW_2mrg/default.jpg",
                        "width": 120,
                        "height": 90
                    },
                    "medium": {
                        "url": "https://i.ytimg.com/vi/5Y05BW_2mrg/mqdefault.jpg",
                        "width": 320,
                        "height": 180
                    },
                    "high": {
                        "url": "https://i.ytimg.com/vi/5Y05BW_2mrg/hqdefault.jpg",
                        "width": 480,
                        "height": 360
                    }
                },
                "channelTitle": "Andariningtyas Putri",
                "liveBroadcastContent": "none",
                "publishTime": "2022-01-07T15:59:16Z"
            }
        },
        {
            "kind": "youtube#searchResult",
            "etag": "8Lcj6_f8lO1T1Bv6Uqx7V-R6glE",
            "id": {
                "kind": "youtube#video",
                "videoId": "sKm3ddHT0iw"
            },
            "snippet": {
                "publishedAt": "2022-01-23T10:46:42Z",
                "channelId": "UCTqOwAp9Pt34UY0fbODGRcw",
                "title": "PROMOSI KESEHATAN DIARE",
                "description": "Nama : Ratu Tria Nurfitria Sari NIM : C1914201124 Tingkat : 3D Mata Kuliah : Keperawatan Komunitas I Dosen Pembimbing : Lilis ...",
                "thumbnails": {
                    "default": {
                        "url": "https://i.ytimg.com/vi/sKm3ddHT0iw/default.jpg",
                        "width": 120,
                        "height": 90
                    },
                    "medium": {
                        "url": "https://i.ytimg.com/vi/sKm3ddHT0iw/mqdefault.jpg",
                        "width": 320,
                        "height": 180
                    },
                    "high": {
                        "url": "https://i.ytimg.com/vi/sKm3ddHT0iw/hqdefault.jpg",
                        "width": 480,
                        "height": 360
                    }
                },
                "channelTitle": "Ratu Tria Nurfitria Sari",
                "liveBroadcastContent": "none",
                "publishTime": "2022-01-23T10:46:42Z"
            }
        },
        {
            "kind": "youtube#searchResult",
            "etag": "H5ylHrlTVoa-uHM0dIVhwgWpKko",
            "id": {
                "kind": "youtube#video",
                "videoId": "UTllqR4aWWk"
            },
            "snippet": {
                "publishedAt": "2022-03-03T03:40:09Z",
                "channelId": "UChG2bFqd_sHtD375XSCJAHw",
                "title": "Gammbir Mengobati Diare Dan Mencret",
                "description": "Gambir sangat bgs mengobati diare dan mencrrt#Gammbirobatdiaredanobatmencret #",
                "thumbnails": {
                    "default": {
                        "url": "https://i.ytimg.com/vi/UTllqR4aWWk/default.jpg",
                        "width": 120,
                        "height": 90
                    },
                    "medium": {
                        "url": "https://i.ytimg.com/vi/UTllqR4aWWk/mqdefault.jpg",
                        "width": 320,
                        "height": 180
                    },
                    "high": {
                        "url": "https://i.ytimg.com/vi/UTllqR4aWWk/hqdefault.jpg",
                        "width": 480,
                        "height": 360
                    }
                },
                "channelTitle": "Potret Harianku Vlog",
                "liveBroadcastContent": "none",
                "publishTime": "2022-03-03T03:40:09Z"
            }
        },
        {
            "kind": "youtube#searchResult",
            "etag": "nJ2oPDwtwqRx-v0A5bvqISGi2yo",
            "id": {
                "kind": "youtube#video",
                "videoId": "cqUdCzs7_MI"
            },
            "snippet": {
                "publishedAt": "2022-03-02T10:02:28Z",
                "channelId": "UCueFj7XcFDSJfBg8wnuyezQ",
                "title": "CARA MENGOBATI KELINCI MENCRET KELINCI DIARE",
                "description": "Baru mulai beternak kelinci ? coba belajar berikut ini. Cek Video Menarik Lainnya ...",
                "thumbnails": {
                    "default": {
                        "url": "https://i.ytimg.com/vi/cqUdCzs7_MI/default.jpg",
                        "width": 120,
                        "height": 90
                    },
                    "medium": {
                        "url": "https://i.ytimg.com/vi/cqUdCzs7_MI/mqdefault.jpg",
                        "width": 320,
                        "height": 180
                    },
                    "high": {
                        "url": "https://i.ytimg.com/vi/cqUdCzs7_MI/hqdefault.jpg",
                        "width": 480,
                        "height": 360
                    }
                },
                "channelTitle": "Edy Ssntt",
                "liveBroadcastContent": "none",
                "publishTime": "2022-03-02T10:02:28Z"
            }
        },
        {
            "kind": "youtube#searchResult",
            "etag": "AWVw6gYuOY-uQ5F9RipEUvQARto",
            "id": {
                "kind": "youtube#video",
                "videoId": "UMCLQvr6pJg"
            },
            "snippet": {
                "publishedAt": "2021-10-15T11:30:09Z",
                "channelId": "UCKXpCt31_96-2PRDP3qZL-w",
                "title": "Penyebab dan pengobatan diare pada ANAK ❗",
                "description": "Penyebab diare pada bayi dan anak penting untuk orang tua bisa mencegah dan mengobati diare pada bayi dan anak. Karena ...",
                "thumbnails": {
                    "default": {
                        "url": "https://i.ytimg.com/vi/UMCLQvr6pJg/default.jpg",
                        "width": 120,
                        "height": 90
                    },
                    "medium": {
                        "url": "https://i.ytimg.com/vi/UMCLQvr6pJg/mqdefault.jpg",
                        "width": 320,
                        "height": 180
                    },
                    "high": {
                        "url": "https://i.ytimg.com/vi/UMCLQvr6pJg/hqdefault.jpg",
                        "width": 480,
                        "height": 360
                    }
                },
                "channelTitle": "Dokter Sasa",
                "liveBroadcastContent": "none",
                "publishTime": "2021-10-15T11:30:09Z"
            }
        },
        {
            "kind": "youtube#searchResult",
            "etag": "RAq8S_AkYsmkrWGL1aGdvAxuTVY",
            "id": {
                "kind": "youtube#video",
                "videoId": "lZvNkL6RGNs"
            },
            "snippet": {
                "publishedAt": "2022-01-24T17:34:34Z",
                "channelId": "UCVTme1YExrfXD-xQ43u37QQ",
                "title": "suara 3mass.diare hati. cover by ali akbar",
                "description": "Saya menemukan rekaman keren dari \"♥️ DIARI HATIMU ♥️ by siti nurhaliza\" di #Smule: ...",
                "thumbnails": {
                    "default": {
                        "url": "https://i.ytimg.com/vi/lZvNkL6RGNs/default.jpg",
                        "width": 120,
                        "height": 90
                    },
                    "medium": {
                        "url": "https://i.ytimg.com/vi/lZvNkL6RGNs/mqdefault.jpg",
                        "width": 320,
                        "height": 180
                    },
                    "high": {
                        "url": "https://i.ytimg.com/vi/lZvNkL6RGNs/hqdefault.jpg",
                        "width": 480,
                        "height": 360
                    }
                },
                "channelTitle": "Ali Akbar",
                "liveBroadcastContent": "none",
                "publishTime": "2022-01-24T17:34:34Z"
            }
        },
        {
            "kind": "youtube#searchResult",
            "etag": "GvSfnb-n5J0owr2SY5U_rI4CfoA",
            "id": {
                "kind": "youtube#video",
                "videoId": "2xePsv6d1uw"
            },
            "snippet": {
                "publishedAt": "2021-11-01T05:47:15Z",
                "channelId": "UC52x3Jdoy_J7YyA9P6pQuFQ",
                "title": "Askep Diare (Binarta Adilah)",
                "description": "",
                "thumbnails": {
                    "default": {
                        "url": "https://i.ytimg.com/vi/2xePsv6d1uw/default.jpg",
                        "width": 120,
                        "height": 90
                    },
                    "medium": {
                        "url": "https://i.ytimg.com/vi/2xePsv6d1uw/mqdefault.jpg",
                        "width": 320,
                        "height": 180
                    },
                    "high": {
                        "url": "https://i.ytimg.com/vi/2xePsv6d1uw/hqdefault.jpg",
                        "width": 480,
                        "height": 360
                    }
                },
                "channelTitle": "TK.2B_KepLLG",
                "liveBroadcastContent": "none",
                "publishTime": "2021-11-01T05:47:15Z"
            }
        },
        {
            "kind": "youtube#searchResult",
            "etag": "V9tyCGG6ZesLFwSiut7PtnjRKF0",
            "id": {
                "kind": "youtube#video",
                "videoId": "puIOggp72tI"
            },
            "snippet": {
                "publishedAt": "2022-01-31T11:57:51Z",
                "channelId": "UCdWO-kQF5ed54lq8NPNyv6Q",
                "title": "AYO!! Kenali Diare #Stikmakassar",
                "description": "KOMUNIKASI KESEHATAN AYO!! Kenali Diare Nama : Putri Usdah Nim : 22103044 Prodi : S1 Kesehatan Masyarakat - B Dosen ...",
                "thumbnails": {
                    "default": {
                        "url": "https://i.ytimg.com/vi/puIOggp72tI/default.jpg",
                        "width": 120,
                        "height": 90
                    },
                    "medium": {
                        "url": "https://i.ytimg.com/vi/puIOggp72tI/mqdefault.jpg",
                        "width": 320,
                        "height": 180
                    },
                    "high": {
                        "url": "https://i.ytimg.com/vi/puIOggp72tI/hqdefault.jpg",
                        "width": 480,
                        "height": 360
                    }
                },
                "channelTitle": "Putri Usdah",
                "liveBroadcastContent": "none",
                "publishTime": "2022-01-31T11:57:51Z"
            }
        },
        {
            "kind": "youtube#searchResult",
            "etag": "rs1hWvIZ4SdhNRZcCgIOVrD_21c",
            "id": {
                "kind": "youtube#video",
                "videoId": "_5oACp45NnI"
            },
            "snippet": {
                "publishedAt": "2022-03-05T07:00:57Z",
                "channelId": "UC-v5XTN-BDffaw0UJ3esKFg",
                "title": "Dijamin Ampuh!!! Rebusan Daun Jambu Biji Atasi Diare|| Begini Caranya",
                "description": "rebusan #jambubiji #diare #obatherbal #obatdiare.",
                "thumbnails": {
                    "default": {
                        "url": "https://i.ytimg.com/vi/_5oACp45NnI/default.jpg",
                        "width": 120,
                        "height": 90
                    },
                    "medium": {
                        "url": "https://i.ytimg.com/vi/_5oACp45NnI/mqdefault.jpg",
                        "width": 320,
                        "height": 180
                    },
                    "high": {
                        "url": "https://i.ytimg.com/vi/_5oACp45NnI/hqdefault.jpg",
                        "width": 480,
                        "height": 360
                    }
                },
                "channelTitle": "Bu Asih",
                "liveBroadcastContent": "none",
                "publishTime": "2022-03-05T07:00:57Z"
            }
        },
        {
            "kind": "youtube#searchResult",
            "etag": "1_vBokKK7oiSLLndBBvNmpGlw_g",
            "id": {
                "kind": "youtube#video",
                "videoId": "DE8rDUnLYxw"
            },
            "snippet": {
                "publishedAt": "2021-11-12T07:02:01Z",
                "channelId": "UCwLz10mmMURNSEVBFA5GwrA",
                "title": "OBAT DIARE ALAMI PALING AMPUH",
                "description": "obat diare alami paling ampuh yang di sajikan oleh rumhat channel.semoga bisa membantu saudara saudara sekalian yang ...",
                "thumbnails": {
                    "default": {
                        "url": "https://i.ytimg.com/vi/DE8rDUnLYxw/default.jpg",
                        "width": 120,
                        "height": 90
                    },
                    "medium": {
                        "url": "https://i.ytimg.com/vi/DE8rDUnLYxw/mqdefault.jpg",
                        "width": 320,
                        "height": 180
                    },
                    "high": {
                        "url": "https://i.ytimg.com/vi/DE8rDUnLYxw/hqdefault.jpg",
                        "width": 480,
                        "height": 360
                    }
                },
                "channelTitle": "RUMHAT CHANNEL",
                "liveBroadcastContent": "none",
                "publishTime": "2021-11-12T07:02:01Z"
            }
        },
        {
            "kind": "youtube#searchResult",
            "etag": "3Sig2k8SoyrtztRtbjsiRH6rCwE",
            "id": {
                "kind": "youtube#video",
                "videoId": "7LpxHrQ-X0M"
            },
            "snippet": {
                "publishedAt": "2022-02-28T05:41:20Z",
                "channelId": "UCDFzCqiOtNPg2shH-wGTXjw",
                "title": "OBAT DIARE ALAMI DARI DAUN JAMBU BIJI",
                "description": "ipungofficial #obatdiare #obatherbal Obat diare alami Bahan: daun jambu biji, air panas daun jambu biji masukkan gelas ...",
                "thumbnails": {
                    "default": {
                        "url": "https://i.ytimg.com/vi/7LpxHrQ-X0M/default.jpg",
                        "width": 120,
                        "height": 90
                    },
                    "medium": {
                        "url": "https://i.ytimg.com/vi/7LpxHrQ-X0M/mqdefault.jpg",
                        "width": 320,
                        "height": 180
                    },
                    "high": {
                        "url": "https://i.ytimg.com/vi/7LpxHrQ-X0M/hqdefault.jpg",
                        "width": 480,
                        "height": 360
                    }
                },
                "channelTitle": "Ipung Official",
                "liveBroadcastContent": "none",
                "publishTime": "2022-02-28T05:41:20Z"
            }
        },
        {
            "kind": "youtube#searchResult",
            "etag": "3RLnS2mGAbgvLadSXgzpQu7eYUE",
            "id": {
                "kind": "youtube#video",
                "videoId": "-ZpOPY76frw"
            },
            "snippet": {
                "publishedAt": "2019-07-27T02:22:17Z",
                "channelId": "UCFLpaC4gLEdN5hLNQ1wGnBQ",
                "title": "OBAT DIARE - LOPERAMIDE",
                "description": "Loperamide merupakan obat untuk mengatasi diare, yang bekerja dengan memperlambat gerakan saluran pencernaan, ...",
                "thumbnails": {
                    "default": {
                        "url": "https://i.ytimg.com/vi/-ZpOPY76frw/default.jpg",
                        "width": 120,
                        "height": 90
                    },
                    "medium": {
                        "url": "https://i.ytimg.com/vi/-ZpOPY76frw/mqdefault.jpg",
                        "width": 320,
                        "height": 180
                    },
                    "high": {
                        "url": "https://i.ytimg.com/vi/-ZpOPY76frw/hqdefault.jpg",
                        "width": 480,
                        "height": 360
                    }
                },
                "channelTitle": "Mazmur Harapanta Tarigan",
                "liveBroadcastContent": "none",
                "publishTime": "2019-07-27T02:22:17Z"
            }
        },
        {
            "kind": "youtube#searchResult",
            "etag": "7HDSZW9mhNCMkaApiIy3hc-B3Js",
            "id": {
                "kind": "youtube#video",
                "videoId": "vvJt0ZakU9o"
            },
            "snippet": {
                "publishedAt": "2020-05-31T11:25:40Z",
                "channelId": "UCzuqGSjnriw07Qdq_5fPHoQ",
                "title": "Diare ? Gunakan Bioglass &amp; Magic Stick MCI",
                "description": "Hai....... Ini testimoni pribadi saya sendiri. Saya sudah menggunakan cara ini setiap anak-anak tiba-tiba diare. Dan ini bekerja loh.",
                "thumbnails": {
                    "default": {
                        "url": "https://i.ytimg.com/vi/vvJt0ZakU9o/default.jpg",
                        "width": 120,
                        "height": 90
                    },
                    "medium": {
                        "url": "https://i.ytimg.com/vi/vvJt0ZakU9o/mqdefault.jpg",
                        "width": 320,
                        "height": 180
                    },
                    "high": {
                        "url": "https://i.ytimg.com/vi/vvJt0ZakU9o/hqdefault.jpg",
                        "width": 480,
                        "height": 360
                    }
                },
                "channelTitle": "Linda Lin",
                "liveBroadcastContent": "none",
                "publishTime": "2020-05-31T11:25:40Z"
            }
        },
        {
            "kind": "youtube#searchResult",
            "etag": "-VECbB5lyv-nwC123n67MZIVcwE",
            "id": {
                "kind": "youtube#video",
                "videoId": "ov7TRiIKBLk"
            },
            "snippet": {
                "publishedAt": "2021-08-01T22:49:13Z",
                "channelId": "UCWxzaXRPYc06DjdMO7qUjfw",
                "title": "Solusi Diare dan Sembelit pada Anak-Anak Konsumsi Madu Syifa Kids DIAR",
                "description": "Madu SYIFA KIDS DIAR Obat Herbal Mencegah Diare BAB Sembelit Anak Herbal Indo Utama Isi 100 ml . ☎️ Info Pemesanan ...",
                "thumbnails": {
                    "default": {
                        "url": "https://i.ytimg.com/vi/ov7TRiIKBLk/default.jpg",
                        "width": 120,
                        "height": 90
                    },
                    "medium": {
                        "url": "https://i.ytimg.com/vi/ov7TRiIKBLk/mqdefault.jpg",
                        "width": 320,
                        "height": 180
                    },
                    "high": {
                        "url": "https://i.ytimg.com/vi/ov7TRiIKBLk/hqdefault.jpg",
                        "width": 480,
                        "height": 360
                    }
                },
                "channelTitle": "AVISTORES Organic Herbal",
                "liveBroadcastContent": "none",
                "publishTime": "2021-08-01T22:49:13Z"
            }
        },
        {
            "kind": "youtube#searchResult",
            "etag": "7lIm-qbn4Ms14h0sjYviz4VIE_8",
            "id": {
                "kind": "youtube#video",
                "videoId": "Og5Lb05ZaAM"
            },
            "snippet": {
                "publishedAt": "2019-12-23T13:00:03Z",
                "channelId": "UCcvquV4aJ8zM_oSUHpiFAVQ",
                "title": "SANGAT AMPUH !!! INI CARA MENGOBATI DIARE YANG TIDAK KUNJUNG SEMBUH",
                "description": "SANGAT AMPUH !!! INI CARA MENGOBATI DIARE YANG TIDAK KUNJUNG SEMBUH Selamat Datang di Channel ...",
                "thumbnails": {
                    "default": {
                        "url": "https://i.ytimg.com/vi/Og5Lb05ZaAM/default.jpg",
                        "width": 120,
                        "height": 90
                    },
                    "medium": {
                        "url": "https://i.ytimg.com/vi/Og5Lb05ZaAM/mqdefault.jpg",
                        "width": 320,
                        "height": 180
                    },
                    "high": {
                        "url": "https://i.ytimg.com/vi/Og5Lb05ZaAM/hqdefault.jpg",
                        "width": 480,
                        "height": 360
                    }
                },
                "channelTitle": "SERIBU AMALAN",
                "liveBroadcastContent": "none",
                "publishTime": "2019-12-23T13:00:03Z"
            }
        },
        {
            "kind": "youtube#searchResult",
            "etag": "Ct2KpVEx26XHttL7gZ0DUjz0tJ0",
            "id": {
                "kind": "youtube#video",
                "videoId": "it4yQkpWJek"
            },
            "snippet": {
                "publishedAt": "2022-03-02T10:00:21Z",
                "channelId": "UCoaYZ13uXALRPjtqmQfR-jQ",
                "title": "PART 2 | INI TITIK KUNCINYA | Pijat Refleksi Untuk Diare | Pijat Refleksi",
                "description": "PART 2 | INI TITIK KUNCINYA | Pijat Refleksi Untuk Diare | Pijat Refleksi Selamat Datang Di Chanel \" Ramuan Mujarab \" Chanel ...",
                "thumbnails": {
                    "default": {
                        "url": "https://i.ytimg.com/vi/it4yQkpWJek/default.jpg",
                        "width": 120,
                        "height": 90
                    },
                    "medium": {
                        "url": "https://i.ytimg.com/vi/it4yQkpWJek/mqdefault.jpg",
                        "width": 320,
                        "height": 180
                    },
                    "high": {
                        "url": "https://i.ytimg.com/vi/it4yQkpWJek/hqdefault.jpg",
                        "width": 480,
                        "height": 360
                    }
                },
                "channelTitle": "Ramuan Mujarab",
                "liveBroadcastContent": "none",
                "publishTime": "2022-03-02T10:00:21Z"
            }
        },
        {
            "kind": "youtube#searchResult",
            "etag": "yjSPwetUrsB_juONS1EB928qqyA",
            "id": {
                "kind": "youtube#video",
                "videoId": "mYy4KxRyA-A"
            },
            "snippet": {
                "publishedAt": "2021-11-01T01:42:41Z",
                "channelId": "UCeZd34F-ncIhC8T5nB4suKQ",
                "title": "Essenzo | Bumil diare | normal | nggak sih?",
                "description": "Helloooo semua, teman teman kita jumpa lagi ya lewat videoku kali ini. Disini saya sharingkan tentang Bumil diare, normal nggak ...",
                "thumbnails": {
                    "default": {
                        "url": "https://i.ytimg.com/vi/mYy4KxRyA-A/default.jpg",
                        "width": 120,
                        "height": 90
                    },
                    "medium": {
                        "url": "https://i.ytimg.com/vi/mYy4KxRyA-A/mqdefault.jpg",
                        "width": 320,
                        "height": 180
                    },
                    "high": {
                        "url": "https://i.ytimg.com/vi/mYy4KxRyA-A/hqdefault.jpg",
                        "width": 480,
                        "height": 360
                    }
                },
                "channelTitle": "Inspirasi hati Wayan Sri Official",
                "liveBroadcastContent": "none",
                "publishTime": "2021-11-01T01:42:41Z"
            }
        }
    ]
}