{
    "kind": "youtube#searchListResponse",
    "etag": "R6fJPxu92Vwlt948e8N2a4hbciQ",
    "nextPageToken": "CKYEEAA",
    "prevPageToken": "CPQDEAE",
    "regionCode": "ID",
    "pageInfo": {
        "totalResults": 372378,
        "resultsPerPage": 50
    },
    "items": [
        {
            "kind": "youtube#searchResult",
            "etag": "7HDSZW9mhNCMkaApiIy3hc-B3Js",
            "id": {
                "kind": "youtube#video",
                "videoId": "vvJt0ZakU9o"
            },
            "snippet": {
                "publishedAt": "2020-05-31T11:25:40Z",
                "channelId": "UCzuqGSjnriw07Qdq_5fPHoQ",
                "title": "Diare ? Gunakan Bioglass &amp; Magic Stick MCI",
                "description": "Hai....... Ini testimoni pribadi saya sendiri. Saya sudah menggunakan cara ini setiap anak-anak tiba-tiba diare. Dan ini bekerja loh.",
                "thumbnails": {
                    "default": {
                        "url": "https://i.ytimg.com/vi/vvJt0ZakU9o/default.jpg",
                        "width": 120,
                        "height": 90
                    },
                    "medium": {
                        "url": "https://i.ytimg.com/vi/vvJt0ZakU9o/mqdefault.jpg",
                        "width": 320,
                        "height": 180
                    },
                    "high": {
                        "url": "https://i.ytimg.com/vi/vvJt0ZakU9o/hqdefault.jpg",
                        "width": 480,
                        "height": 360
                    }
                },
                "channelTitle": "Linda Lin",
                "liveBroadcastContent": "none",
                "publishTime": "2020-05-31T11:25:40Z"
            }
        },
        {
            "kind": "youtube#searchResult",
            "etag": "-VECbB5lyv-nwC123n67MZIVcwE",
            "id": {
                "kind": "youtube#video",
                "videoId": "ov7TRiIKBLk"
            },
            "snippet": {
                "publishedAt": "2021-08-01T22:49:13Z",
                "channelId": "UCWxzaXRPYc06DjdMO7qUjfw",
                "title": "Solusi Diare dan Sembelit pada Anak-Anak Konsumsi Madu Syifa Kids DIAR",
                "description": "Madu SYIFA KIDS DIAR Obat Herbal Mencegah Diare BAB Sembelit Anak Herbal Indo Utama Isi 100 ml . ☎️ Info Pemesanan ...",
                "thumbnails": {
                    "default": {
                        "url": "https://i.ytimg.com/vi/ov7TRiIKBLk/default.jpg",
                        "width": 120,
                        "height": 90
                    },
                    "medium": {
                        "url": "https://i.ytimg.com/vi/ov7TRiIKBLk/mqdefault.jpg",
                        "width": 320,
                        "height": 180
                    },
                    "high": {
                        "url": "https://i.ytimg.com/vi/ov7TRiIKBLk/hqdefault.jpg",
                        "width": 480,
                        "height": 360
                    }
                },
                "channelTitle": "AVISTORES Organic Herbal",
                "liveBroadcastContent": "none",
                "publishTime": "2021-08-01T22:49:13Z"
            }
        },
        {
            "kind": "youtube#searchResult",
            "etag": "dxyJg2fYIpb5S36IjpZqKsTfJcE",
            "id": {
                "kind": "youtube#video",
                "videoId": "Z8M1ToUaa00"
            },
            "snippet": {
                "publishedAt": "2022-01-12T04:34:07Z",
                "channelId": "UCBvXckGxBKMGP8i7nfk6bng",
                "title": "SOLUSI ATASI DIARE PADA ANAK SYIFA KIDS DIAR HIU",
                "description": "zainuljogja.",
                "thumbnails": {
                    "default": {
                        "url": "https://i.ytimg.com/vi/Z8M1ToUaa00/default.jpg",
                        "width": 120,
                        "height": 90
                    },
                    "medium": {
                        "url": "https://i.ytimg.com/vi/Z8M1ToUaa00/mqdefault.jpg",
                        "width": 320,
                        "height": 180
                    },
                    "high": {
                        "url": "https://i.ytimg.com/vi/Z8M1ToUaa00/hqdefault.jpg",
                        "width": 480,
                        "height": 360
                    }
                },
                "channelTitle": "Zainul Musthofa #Jogja",
                "liveBroadcastContent": "none",
                "publishTime": "2022-01-12T04:34:07Z"
            }
        },
        {
            "kind": "youtube#searchResult",
            "etag": "XlnazXeAQXv1W6a_UPkchR6zNA8",
            "id": {
                "kind": "youtube#video",
                "videoId": "mYwE0pSKmX8"
            },
            "snippet": {
                "publishedAt": "2022-02-17T09:04:50Z",
                "channelId": "UC-LYn-3Nh0sgRna8sRCMndQ",
                "title": "Obat diare dewasa,obat mencret,Obat diare paling ampuh",
                "description": "Obat diare dewasa yang sering di gunakan maupun obat mencret yang ampuh,Obat diare paling ampuh yang banyak di temukan ...",
                "thumbnails": {
                    "default": {
                        "url": "https://i.ytimg.com/vi/mYwE0pSKmX8/default.jpg",
                        "width": 120,
                        "height": 90
                    },
                    "medium": {
                        "url": "https://i.ytimg.com/vi/mYwE0pSKmX8/mqdefault.jpg",
                        "width": 320,
                        "height": 180
                    },
                    "high": {
                        "url": "https://i.ytimg.com/vi/mYwE0pSKmX8/hqdefault.jpg",
                        "width": 480,
                        "height": 360
                    }
                },
                "channelTitle": "Hidup sehat chanel",
                "liveBroadcastContent": "none",
                "publishTime": "2022-02-17T09:04:50Z"
            }
        },
        {
            "kind": "youtube#searchResult",
            "etag": "7lIm-qbn4Ms14h0sjYviz4VIE_8",
            "id": {
                "kind": "youtube#video",
                "videoId": "Og5Lb05ZaAM"
            },
            "snippet": {
                "publishedAt": "2019-12-23T13:00:03Z",
                "channelId": "UCcvquV4aJ8zM_oSUHpiFAVQ",
                "title": "SANGAT AMPUH !!! INI CARA MENGOBATI DIARE YANG TIDAK KUNJUNG SEMBUH",
                "description": "SANGAT AMPUH !!! INI CARA MENGOBATI DIARE YANG TIDAK KUNJUNG SEMBUH Selamat Datang di Channel ...",
                "thumbnails": {
                    "default": {
                        "url": "https://i.ytimg.com/vi/Og5Lb05ZaAM/default.jpg",
                        "width": 120,
                        "height": 90
                    },
                    "medium": {
                        "url": "https://i.ytimg.com/vi/Og5Lb05ZaAM/mqdefault.jpg",
                        "width": 320,
                        "height": 180
                    },
                    "high": {
                        "url": "https://i.ytimg.com/vi/Og5Lb05ZaAM/hqdefault.jpg",
                        "width": 480,
                        "height": 360
                    }
                },
                "channelTitle": "SERIBU AMALAN",
                "liveBroadcastContent": "none",
                "publishTime": "2019-12-23T13:00:03Z"
            }
        },
        {
            "kind": "youtube#searchResult",
            "etag": "Ct2KpVEx26XHttL7gZ0DUjz0tJ0",
            "id": {
                "kind": "youtube#video",
                "videoId": "it4yQkpWJek"
            },
            "snippet": {
                "publishedAt": "2022-03-02T10:00:21Z",
                "channelId": "UCoaYZ13uXALRPjtqmQfR-jQ",
                "title": "PART 2 | INI TITIK KUNCINYA | Pijat Refleksi Untuk Diare | Pijat Refleksi",
                "description": "PART 2 | INI TITIK KUNCINYA | Pijat Refleksi Untuk Diare | Pijat Refleksi Selamat Datang Di Chanel \" Ramuan Mujarab \" Chanel ...",
                "thumbnails": {
                    "default": {
                        "url": "https://i.ytimg.com/vi/it4yQkpWJek/default.jpg",
                        "width": 120,
                        "height": 90
                    },
                    "medium": {
                        "url": "https://i.ytimg.com/vi/it4yQkpWJek/mqdefault.jpg",
                        "width": 320,
                        "height": 180
                    },
                    "high": {
                        "url": "https://i.ytimg.com/vi/it4yQkpWJek/hqdefault.jpg",
                        "width": 480,
                        "height": 360
                    }
                },
                "channelTitle": "Ramuan Mujarab",
                "liveBroadcastContent": "none",
                "publishTime": "2022-03-02T10:00:21Z"
            }
        },
        {
            "kind": "youtube#searchResult",
            "etag": "yjSPwetUrsB_juONS1EB928qqyA",
            "id": {
                "kind": "youtube#video",
                "videoId": "mYy4KxRyA-A"
            },
            "snippet": {
                "publishedAt": "2021-11-01T01:42:41Z",
                "channelId": "UCeZd34F-ncIhC8T5nB4suKQ",
                "title": "Essenzo | Bumil diare | normal | nggak sih?",
                "description": "Helloooo semua, teman teman kita jumpa lagi ya lewat videoku kali ini. Disini saya sharingkan tentang Bumil diare, normal nggak ...",
                "thumbnails": {
                    "default": {
                        "url": "https://i.ytimg.com/vi/mYy4KxRyA-A/default.jpg",
                        "width": 120,
                        "height": 90
                    },
                    "medium": {
                        "url": "https://i.ytimg.com/vi/mYy4KxRyA-A/mqdefault.jpg",
                        "width": 320,
                        "height": 180
                    },
                    "high": {
                        "url": "https://i.ytimg.com/vi/mYy4KxRyA-A/hqdefault.jpg",
                        "width": 480,
                        "height": 360
                    }
                },
                "channelTitle": "Inspirasi hati Wayan Sri Official",
                "liveBroadcastContent": "none",
                "publishTime": "2021-11-01T01:42:41Z"
            }
        },
        {
            "kind": "youtube#searchResult",
            "etag": "S3RpV-AnM0a3lZ_NNb2CD7A6QCI",
            "id": {
                "kind": "youtube#video",
                "videoId": "4iLzfBWdmHA"
            },
            "snippet": {
                "publishedAt": "2022-02-25T03:52:33Z",
                "channelId": "UC0cXvr9I324N3SmyCzwaPIg",
                "title": "SP2D TERMIN 2 CAIRAN PKH TAHAP 1 2022 SUDAH TURUN - BPNT CAIR TUNAI BEBAS BELANJA DI WARUNG MANAPUN",
                "description": "Dipublikasikan tanggal 25 Februari 2022 Hore data bayar termin 2 pencairan PKH tahap 1 2022 sudah turun, tapi...? Dan update ...",
                "thumbnails": {
                    "default": {
                        "url": "https://i.ytimg.com/vi/4iLzfBWdmHA/default.jpg",
                        "width": 120,
                        "height": 90
                    },
                    "medium": {
                        "url": "https://i.ytimg.com/vi/4iLzfBWdmHA/mqdefault.jpg",
                        "width": 320,
                        "height": 180
                    },
                    "high": {
                        "url": "https://i.ytimg.com/vi/4iLzfBWdmHA/hqdefault.jpg",
                        "width": 480,
                        "height": 360
                    }
                },
                "channelTitle": "DIARY PKH",
                "liveBroadcastContent": "none",
                "publishTime": "2022-02-25T03:52:33Z"
            }
        },
        {
            "kind": "youtube#searchResult",
            "etag": "gRqmVy9ZZUoIYCxHZ7PXJ8TtSXQ",
            "id": {
                "kind": "youtube#video",
                "videoId": "sCq_kLPdyIk"
            },
            "snippet": {
                "publishedAt": "2022-03-05T03:55:44Z",
                "channelId": "UCjNwPC-nC7c8JkHWL6wreAQ",
                "title": "Tindakan Pemberian Obat Oral pada pasien anak dengan Diare",
                "description": "Nama : Lulu Muthiah Kelas/NIM : 2A / 20017 Tindakan Pemberian Obat Oral pada pasien anak dengan Diare Dosen Pembimbing ...",
                "thumbnails": {
                    "default": {
                        "url": "https://i.ytimg.com/vi/sCq_kLPdyIk/default.jpg",
                        "width": 120,
                        "height": 90
                    },
                    "medium": {
                        "url": "https://i.ytimg.com/vi/sCq_kLPdyIk/mqdefault.jpg",
                        "width": 320,
                        "height": 180
                    },
                    "high": {
                        "url": "https://i.ytimg.com/vi/sCq_kLPdyIk/hqdefault.jpg",
                        "width": 480,
                        "height": 360
                    }
                },
                "channelTitle": "Lulu Muthiahh",
                "liveBroadcastContent": "none",
                "publishTime": "2022-03-05T03:55:44Z"
            }
        },
        {
            "kind": "youtube#searchResult",
            "etag": "pKCP8K0g8DXhb2lhQMeFnNxninc",
            "id": {
                "kind": "youtube#video",
                "videoId": "bDzrnSkK9mk"
            },
            "snippet": {
                "publishedAt": "2022-03-01T10:00:28Z",
                "channelId": "UCoaYZ13uXALRPjtqmQfR-jQ",
                "title": "TERNYATA BEGINI | KALAU BISA KELU4R JANGAN DITAHAN | Pijat Refleksi Untuk Diare",
                "description": "TERNYATA BEGINI | KALAU BISA KELU4R JANGAN DITAHAN | Pijat Refleksi Untuk Diare Selamat Datang Di Chanel \" Ramuan ...",
                "thumbnails": {
                    "default": {
                        "url": "https://i.ytimg.com/vi/bDzrnSkK9mk/default.jpg",
                        "width": 120,
                        "height": 90
                    },
                    "medium": {
                        "url": "https://i.ytimg.com/vi/bDzrnSkK9mk/mqdefault.jpg",
                        "width": 320,
                        "height": 180
                    },
                    "high": {
                        "url": "https://i.ytimg.com/vi/bDzrnSkK9mk/hqdefault.jpg",
                        "width": 480,
                        "height": 360
                    }
                },
                "channelTitle": "Ramuan Mujarab",
                "liveBroadcastContent": "none",
                "publishTime": "2022-03-01T10:00:28Z"
            }
        },
        {
            "kind": "youtube#searchResult",
            "etag": "CXsx7r9vWsxiMutPYkQZmIOpS80",
            "id": {
                "kind": "youtube#video",
                "videoId": "XsN8U-G60RA"
            },
            "snippet": {
                "publishedAt": "2020-07-08T15:38:01Z",
                "channelId": "UCRHH6muH6uTbL5qQWgV9zfQ",
                "title": "Resep JSR dr Zaidul Akbar Atasi Diare, Perut Kembung dan Mual! Bisa Untuk Mual Ibu Hamil",
                "description": "Apa kabar sahabat? Di video kali ini herbal tube akan berbagi resep JSR untuk mengatasi masalah diare, perut kembung hingga ...",
                "thumbnails": {
                    "default": {
                        "url": "https://i.ytimg.com/vi/XsN8U-G60RA/default.jpg",
                        "width": 120,
                        "height": 90
                    },
                    "medium": {
                        "url": "https://i.ytimg.com/vi/XsN8U-G60RA/mqdefault.jpg",
                        "width": 320,
                        "height": 180
                    },
                    "high": {
                        "url": "https://i.ytimg.com/vi/XsN8U-G60RA/hqdefault.jpg",
                        "width": 480,
                        "height": 360
                    }
                },
                "channelTitle": "Herbal Tube",
                "liveBroadcastContent": "none",
                "publishTime": "2020-07-08T15:38:01Z"
            }
        },
        {
            "kind": "youtube#searchResult",
            "etag": "O3Ix0QhsxiDD5alxwNKuDE7fsWQ",
            "id": {
                "kind": "youtube#video",
                "videoId": "Gi7XbsX34iY"
            },
            "snippet": {
                "publishedAt": "2022-03-04T05:25:40Z",
                "channelId": "UCSCy0v1SbGQIBjv4aUzt7dw",
                "title": "TEH HERBAL OBAT DIARE",
                "description": "SYAHIDATUN NAFILAH XII MIPA 5 34 KIMIA.",
                "thumbnails": {
                    "default": {
                        "url": "https://i.ytimg.com/vi/Gi7XbsX34iY/default.jpg",
                        "width": 120,
                        "height": 90
                    },
                    "medium": {
                        "url": "https://i.ytimg.com/vi/Gi7XbsX34iY/mqdefault.jpg",
                        "width": 320,
                        "height": 180
                    },
                    "high": {
                        "url": "https://i.ytimg.com/vi/Gi7XbsX34iY/hqdefault.jpg",
                        "width": 480,
                        "height": 360
                    }
                },
                "channelTitle": "33_XII MIPA 5_Syahidatun Nafilah",
                "liveBroadcastContent": "none",
                "publishTime": "2022-03-04T05:25:40Z"
            }
        },
        {
            "kind": "youtube#searchResult",
            "etag": "Nbhe_7yHK3f7hyLEPDxPG2ZShrU",
            "id": {
                "kind": "youtube#video",
                "videoId": "n3L2edWmeAk"
            },
            "snippet": {
                "publishedAt": "2021-11-24T10:45:57Z",
                "channelId": "UCwIZ65ynHGVCW2SWwWeTegg",
                "title": "TUTORIAL TOTOK PUNGGUNG UNTUK SAKIT DIARE",
                "description": "TUTORIAL TOTOK PUNGGUNG UNTUK SAKIT DIARE Diare adalah sakit pengeluaran kotoran tinja atau BAB dengan kondisi ...",
                "thumbnails": {
                    "default": {
                        "url": "https://i.ytimg.com/vi/n3L2edWmeAk/default.jpg",
                        "width": 120,
                        "height": 90
                    },
                    "medium": {
                        "url": "https://i.ytimg.com/vi/n3L2edWmeAk/mqdefault.jpg",
                        "width": 320,
                        "height": 180
                    },
                    "high": {
                        "url": "https://i.ytimg.com/vi/n3L2edWmeAk/hqdefault.jpg",
                        "width": 480,
                        "height": 360
                    }
                },
                "channelTitle": "Verri JP Channel",
                "liveBroadcastContent": "none",
                "publishTime": "2021-11-24T10:45:57Z"
            }
        },
        {
            "kind": "youtube#searchResult",
            "etag": "DRHoAJeaEIkXuYXQjNvh1cphi0w",
            "id": {
                "kind": "youtube#video",
                "videoId": "mqNx1-ZxPZE"
            },
            "snippet": {
                "publishedAt": "2019-10-20T08:37:31Z",
                "channelId": "UCsEPumRDEpZAfLu38Lew5KA",
                "title": "JSR Dr. Zaidul Akbar Cara Atasi Diare, Kembung, Mual pada Bumil",
                "description": "Gejala umum diare adalah: Feses lembek dan cair. Sakit perut. Kram perut. Mual dan muntah. Sakit kepala. Kehilangan nafsu ...",
                "thumbnails": {
                    "default": {
                        "url": "https://i.ytimg.com/vi/mqNx1-ZxPZE/default.jpg",
                        "width": 120,
                        "height": 90
                    },
                    "medium": {
                        "url": "https://i.ytimg.com/vi/mqNx1-ZxPZE/mqdefault.jpg",
                        "width": 320,
                        "height": 180
                    },
                    "high": {
                        "url": "https://i.ytimg.com/vi/mqNx1-ZxPZE/hqdefault.jpg",
                        "width": 480,
                        "height": 360
                    }
                },
                "channelTitle": "Erna Page",
                "liveBroadcastContent": "none",
                "publishTime": "2019-10-20T08:37:31Z"
            }
        },
        {
            "kind": "youtube#searchResult",
            "etag": "-F26wZ2FLnWVwRG8wtpJWMnnnik",
            "id": {
                "kind": "youtube#video",
                "videoId": "GvJhaKQyY5o"
            },
            "snippet": {
                "publishedAt": "2022-03-04T11:40:08Z",
                "channelId": "UCcOdFkLfKGdZhxFMNJc24VA",
                "title": "obat mujarab untuk diare//daun jambu biji",
                "description": "indonesia #nusantara #herbal #Daun jambu biji telah dikenal sebagai obat alami yang dapat mengatasi diare. Teh dari daun ...",
                "thumbnails": {
                    "default": {
                        "url": "https://i.ytimg.com/vi/GvJhaKQyY5o/default.jpg",
                        "width": 120,
                        "height": 90
                    },
                    "medium": {
                        "url": "https://i.ytimg.com/vi/GvJhaKQyY5o/mqdefault.jpg",
                        "width": 320,
                        "height": 180
                    },
                    "high": {
                        "url": "https://i.ytimg.com/vi/GvJhaKQyY5o/hqdefault.jpg",
                        "width": 480,
                        "height": 360
                    }
                },
                "channelTitle": "Nyoman Firdaus",
                "liveBroadcastContent": "none",
                "publishTime": "2022-03-04T11:40:08Z"
            }
        },
        {
            "kind": "youtube#searchResult",
            "etag": "pExVbcyxCBPVeciwn8yjBrPq4bU",
            "id": {
                "kind": "youtube#video",
                "videoId": "7X1BkeQLe-g"
            },
            "snippet": {
                "publishedAt": "2022-02-25T19:44:31Z",
                "channelId": "UCiTuSiNigP_HgrWDNfWWDNA",
                "title": "IN  DIARE   /GARENA FREE FRE❤",
                "description": "",
                "thumbnails": {
                    "default": {
                        "url": "https://i.ytimg.com/vi/7X1BkeQLe-g/default.jpg",
                        "width": 120,
                        "height": 90
                    },
                    "medium": {
                        "url": "https://i.ytimg.com/vi/7X1BkeQLe-g/mqdefault.jpg",
                        "width": 320,
                        "height": 180
                    },
                    "high": {
                        "url": "https://i.ytimg.com/vi/7X1BkeQLe-g/hqdefault.jpg",
                        "width": 480,
                        "height": 360
                    }
                },
                "channelTitle": "AMELIA OFFICIAL FF",
                "liveBroadcastContent": "none",
                "publishTime": "2022-02-25T19:44:31Z"
            }
        },
        {
            "kind": "youtube#searchResult",
            "etag": "Dp5K0-IqlBLahN0G3ZqiTZGzYdQ",
            "id": {
                "kind": "youtube#video",
                "videoId": "sLqVxfOxppI"
            },
            "snippet": {
                "publishedAt": "2022-02-27T12:26:20Z",
                "channelId": "UCDFzCqiOtNPg2shH-wGTXjw",
                "title": "OBAT DIARE ALAMI DENGAN TEH JAHE",
                "description": "obatdiare #ipungofficial Obat Diare Alami Bahan: teh, jahe, gula, air panas Seduh teh seperti biasa kemudian tambahkan jahe.",
                "thumbnails": {
                    "default": {
                        "url": "https://i.ytimg.com/vi/sLqVxfOxppI/default.jpg",
                        "width": 120,
                        "height": 90
                    },
                    "medium": {
                        "url": "https://i.ytimg.com/vi/sLqVxfOxppI/mqdefault.jpg",
                        "width": 320,
                        "height": 180
                    },
                    "high": {
                        "url": "https://i.ytimg.com/vi/sLqVxfOxppI/hqdefault.jpg",
                        "width": 480,
                        "height": 360
                    }
                },
                "channelTitle": "Ipung Official",
                "liveBroadcastContent": "none",
                "publishTime": "2022-02-27T12:26:20Z"
            }
        },
        {
            "kind": "youtube#searchResult",
            "etag": "YpvXyP9qdAQSPTksNxlnN4lmxqA",
            "id": {
                "kind": "youtube#video",
                "videoId": "ob9ln0NfdKU"
            },
            "snippet": {
                "publishedAt": "2021-09-09T05:09:19Z",
                "channelId": "UC2ey0rMccpxWE0Xy8oFnXxQ",
                "title": "Penyebab Diare Pada Bayi Dan Cara Menanganinya || Info Kesehatan Bayi",
                "description": "Ada berbagai macam penyebab diare pada bayi salah satunya adalah infeksi usus karena disebabkan oleh virus, bakteri dan ...",
                "thumbnails": {
                    "default": {
                        "url": "https://i.ytimg.com/vi/ob9ln0NfdKU/default.jpg",
                        "width": 120,
                        "height": 90
                    },
                    "medium": {
                        "url": "https://i.ytimg.com/vi/ob9ln0NfdKU/mqdefault.jpg",
                        "width": 320,
                        "height": 180
                    },
                    "high": {
                        "url": "https://i.ytimg.com/vi/ob9ln0NfdKU/hqdefault.jpg",
                        "width": 480,
                        "height": 360
                    }
                },
                "channelTitle": "Fakta Plus",
                "liveBroadcastContent": "none",
                "publishTime": "2021-09-09T05:09:19Z"
            }
        },
        {
            "kind": "youtube#searchResult",
            "etag": "lGBGxr5NLOU2JBj-z6tM3uQIp7U",
            "id": {
                "kind": "youtube#video",
                "videoId": "BAouhF62Y6E"
            },
            "snippet": {
                "publishedAt": "2022-02-26T19:01:28Z",
                "channelId": "UCFR0Zu-V_a7mporWcEv5IjA",
                "title": "Busta John fè diare pran tout kriminel ki fin kraze peyia men video a ann gade",
                "description": "Frèm ak Sèm yo byen vini sou channel TV NEWS HAITIEN / sonje abone nou svp , mèsi pou patisipasyon nou. ansanm ansanm ...",
                "thumbnails": {
                    "default": {
                        "url": "https://i.ytimg.com/vi/BAouhF62Y6E/default.jpg",
                        "width": 120,
                        "height": 90
                    },
                    "medium": {
                        "url": "https://i.ytimg.com/vi/BAouhF62Y6E/mqdefault.jpg",
                        "width": 320,
                        "height": 180
                    },
                    "high": {
                        "url": "https://i.ytimg.com/vi/BAouhF62Y6E/hqdefault.jpg",
                        "width": 480,
                        "height": 360
                    }
                },
                "channelTitle": "Tv News Haitien",
                "liveBroadcastContent": "none",
                "publishTime": "2022-02-26T19:01:28Z"
            }
        },
        {
            "kind": "youtube#searchResult",
            "etag": "ztrNuiGJZRAn3o3LrveYNhfV63A",
            "id": {
                "kind": "youtube#video",
                "videoId": "2xWPox9q8qE"
            },
            "snippet": {
                "publishedAt": "2022-01-10T14:57:04Z",
                "channelId": "UCj4OYqKoPwX5WeX3hCv3taw",
                "title": "Promkes Penyakit Diare",
                "description": "",
                "thumbnails": {
                    "default": {
                        "url": "https://i.ytimg.com/vi/2xWPox9q8qE/default.jpg",
                        "width": 120,
                        "height": 90
                    },
                    "medium": {
                        "url": "https://i.ytimg.com/vi/2xWPox9q8qE/mqdefault.jpg",
                        "width": 320,
                        "height": 180
                    },
                    "high": {
                        "url": "https://i.ytimg.com/vi/2xWPox9q8qE/hqdefault.jpg",
                        "width": 480,
                        "height": 360
                    }
                },
                "channelTitle": "Asriani Rosalia Riada",
                "liveBroadcastContent": "none",
                "publishTime": "2022-01-10T14:57:04Z"
            }
        },
        {
            "kind": "youtube#searchResult",
            "etag": "qNlusAGFhmTL9bVHZPsDArWT_9o",
            "id": {
                "kind": "youtube#video",
                "videoId": "eL5TIgcNeQI"
            },
            "snippet": {
                "publishedAt": "2022-03-03T02:34:16Z",
                "channelId": "UCObci5a9WHHifUKl2dJY0hQ",
                "title": "HERBAL MENCRET/DIARE #shorts",
                "description": "Mencret / Diare Buang air besar yang encer lebih sering terjadi dari biasanya. Diare biasanya disebabkan oleh virus atau, ...",
                "thumbnails": {
                    "default": {
                        "url": "https://i.ytimg.com/vi/eL5TIgcNeQI/default.jpg",
                        "width": 120,
                        "height": 90
                    },
                    "medium": {
                        "url": "https://i.ytimg.com/vi/eL5TIgcNeQI/mqdefault.jpg",
                        "width": 320,
                        "height": 180
                    },
                    "high": {
                        "url": "https://i.ytimg.com/vi/eL5TIgcNeQI/hqdefault.jpg",
                        "width": 480,
                        "height": 360
                    }
                },
                "channelTitle": "HERBAL HNI RIZKA",
                "liveBroadcastContent": "none",
                "publishTime": "2022-03-03T02:34:16Z"
            }
        },
        {
            "kind": "youtube#searchResult",
            "etag": "0KgqwCJwuW1WhSwzBPzK4RchC2w",
            "id": {
                "kind": "youtube#video",
                "videoId": "NCpewDaabRg"
            },
            "snippet": {
                "publishedAt": "2022-02-20T13:00:08Z",
                "channelId": "UCyt7il8spkgv3dVUCg-RGGQ",
                "title": "Dear diary ku ingin bercerita semalam aku bermimpi",
                "description": "Jangan pernah ketinggalan update terbaru lagu kami ! silakan berlangganan Channel Happy Sing Lirik di sini: ...",
                "thumbnails": {
                    "default": {
                        "url": "https://i.ytimg.com/vi/NCpewDaabRg/default.jpg",
                        "width": 120,
                        "height": 90
                    },
                    "medium": {
                        "url": "https://i.ytimg.com/vi/NCpewDaabRg/mqdefault.jpg",
                        "width": 320,
                        "height": 180
                    },
                    "high": {
                        "url": "https://i.ytimg.com/vi/NCpewDaabRg/hqdefault.jpg",
                        "width": 480,
                        "height": 360
                    }
                },
                "channelTitle": "Happy Sing Lirik",
                "liveBroadcastContent": "none",
                "publishTime": "2022-02-20T13:00:08Z"
            }
        },
        {
            "kind": "youtube#searchResult",
            "etag": "oCOzDXI2g2wegdpFRJQm6yUzH8w",
            "id": {
                "kind": "youtube#video",
                "videoId": "iZSHGLn5UG4"
            },
            "snippet": {
                "publishedAt": "2022-01-12T09:52:39Z",
                "channelId": "UC7oHk--rGDVV1maGWu3-jkQ",
                "title": "diare langsung mampet hanya dengan rebusan daun jambu biji ini",
                "description": "obatherbalalami #rebusandaunjambubiji#obatherbalalami rebusandaunjambubiji# selamat datang di channel karya tunggal ...",
                "thumbnails": {
                    "default": {
                        "url": "https://i.ytimg.com/vi/iZSHGLn5UG4/default.jpg",
                        "width": 120,
                        "height": 90
                    },
                    "medium": {
                        "url": "https://i.ytimg.com/vi/iZSHGLn5UG4/mqdefault.jpg",
                        "width": 320,
                        "height": 180
                    },
                    "high": {
                        "url": "https://i.ytimg.com/vi/iZSHGLn5UG4/hqdefault.jpg",
                        "width": 480,
                        "height": 360
                    }
                },
                "channelTitle": "Karya Tunggal",
                "liveBroadcastContent": "none",
                "publishTime": "2022-01-12T09:52:39Z"
            }
        },
        {
            "kind": "youtube#searchResult",
            "etag": "wqgfErzV3k4u2HFKGuxDAbPetjc",
            "id": {
                "kind": "youtube#video",
                "videoId": "NlAwc5L4otM"
            },
            "snippet": {
                "publishedAt": "2022-01-30T04:11:36Z",
                "channelId": "UCVJBVbJgAyXS02YvtaA6eoQ",
                "title": "Inilah Bahan Alami yang Ampuh dan Sehat untuk Mengatasi Diare - Ayo Hidup Sehat",
                "description": "Video ini berisi informasi tentang --------------------------------------------------------------------------------- Social Media: Facebook ...",
                "thumbnails": {
                    "default": {
                        "url": "https://i.ytimg.com/vi/NlAwc5L4otM/default.jpg",
                        "width": 120,
                        "height": 90
                    },
                    "medium": {
                        "url": "https://i.ytimg.com/vi/NlAwc5L4otM/mqdefault.jpg",
                        "width": 320,
                        "height": 180
                    },
                    "high": {
                        "url": "https://i.ytimg.com/vi/NlAwc5L4otM/hqdefault.jpg",
                        "width": 480,
                        "height": 360
                    }
                },
                "channelTitle": "AYO HIDUP SEHAT",
                "liveBroadcastContent": "none",
                "publishTime": "2022-01-30T04:11:36Z"
            }
        },
        {
            "kind": "youtube#searchResult",
            "etag": "hHYztEgIAjMlB5W7btvgVuUvPMw",
            "id": {
                "kind": "youtube#video",
                "videoId": "f__3N61bLKY"
            },
            "snippet": {
                "publishedAt": "2022-03-04T08:37:18Z",
                "channelId": "UCfVg6AbdVVqDH502O4vyeMw",
                "title": "penkes tentang diare(Yessy)",
                "description": "",
                "thumbnails": {
                    "default": {
                        "url": "https://i.ytimg.com/vi/f__3N61bLKY/default.jpg",
                        "width": 120,
                        "height": 90
                    },
                    "medium": {
                        "url": "https://i.ytimg.com/vi/f__3N61bLKY/mqdefault.jpg",
                        "width": 320,
                        "height": 180
                    },
                    "high": {
                        "url": "https://i.ytimg.com/vi/f__3N61bLKY/hqdefault.jpg",
                        "width": 480,
                        "height": 360
                    }
                },
                "channelTitle": "Yessy Febiasarisari",
                "liveBroadcastContent": "none",
                "publishTime": "2022-03-04T08:37:18Z"
            }
        },
        {
            "kind": "youtube#searchResult",
            "etag": "RCN5VaC3bVkWGm_S7I9mDpaLa2E",
            "id": {
                "kind": "youtube#video",
                "videoId": "ne61rC7Xg0U"
            },
            "snippet": {
                "publishedAt": "2022-03-03T11:30:53Z",
                "channelId": "UC8JwoCtqaZ_UH0k5XnG_hLg",
                "title": "WhatsApp Video 2022 03 03 at 11 25 14 lune bass diare diare youssou ndour",
                "description": "",
                "thumbnails": {
                    "default": {
                        "url": "https://i.ytimg.com/vi/ne61rC7Xg0U/default.jpg",
                        "width": 120,
                        "height": 90
                    },
                    "medium": {
                        "url": "https://i.ytimg.com/vi/ne61rC7Xg0U/mqdefault.jpg",
                        "width": 320,
                        "height": 180
                    },
                    "high": {
                        "url": "https://i.ytimg.com/vi/ne61rC7Xg0U/hqdefault.jpg",
                        "width": 480,
                        "height": 360
                    }
                },
                "channelTitle": "Ousseynou Gueye",
                "liveBroadcastContent": "none",
                "publishTime": "2022-03-03T11:30:53Z"
            }
        },
        {
            "kind": "youtube#searchResult",
            "etag": "jNY5g_Siou3H3AmBhT0Nq-XKrMI",
            "id": {
                "kind": "youtube#video",
                "videoId": "xxkAfTY3Nc4"
            },
            "snippet": {
                "publishedAt": "2022-02-27T08:28:09Z",
                "channelId": "UCKVhVpWD_t66RNw7IfJVl_Q",
                "title": "Kamu Harus Tau! Obat - Obat Bebas Tanpa Resep Dokter untuk Isoman!",
                "description": "Wow, ternyata Gejala Omicron bisa diatasi hanya dengan \"Obat Warung\" kok bisa ya? yuk Simak ulasan lengkap nya bersama dr.",
                "thumbnails": {
                    "default": {
                        "url": "https://i.ytimg.com/vi/xxkAfTY3Nc4/default.jpg",
                        "width": 120,
                        "height": 90
                    },
                    "medium": {
                        "url": "https://i.ytimg.com/vi/xxkAfTY3Nc4/mqdefault.jpg",
                        "width": 320,
                        "height": 180
                    },
                    "high": {
                        "url": "https://i.ytimg.com/vi/xxkAfTY3Nc4/hqdefault.jpg",
                        "width": 480,
                        "height": 360
                    }
                },
                "channelTitle": "DRV CHANNEL",
                "liveBroadcastContent": "none",
                "publishTime": "2022-02-27T08:28:09Z"
            }
        },
        {
            "kind": "youtube#searchResult",
            "etag": "0v-Ws0ZxATfXtvzL4ukrC1EJRPY",
            "id": {
                "kind": "youtube#video",
                "videoId": "vFzMVswJElI"
            },
            "snippet": {
                "publishedAt": "2022-03-04T02:50:23Z",
                "channelId": "UCL31H_jw_iZTXi-1UzduGew",
                "title": "PROMKES PENCEGAHAN DAN PERTOLONGAN PERTAMA DIARE",
                "description": "",
                "thumbnails": {
                    "default": {
                        "url": "https://i.ytimg.com/vi/vFzMVswJElI/default.jpg",
                        "width": 120,
                        "height": 90
                    },
                    "medium": {
                        "url": "https://i.ytimg.com/vi/vFzMVswJElI/mqdefault.jpg",
                        "width": 320,
                        "height": 180
                    },
                    "high": {
                        "url": "https://i.ytimg.com/vi/vFzMVswJElI/hqdefault.jpg",
                        "width": 480,
                        "height": 360
                    }
                },
                "channelTitle": "Wiwien Usnitasari",
                "liveBroadcastContent": "none",
                "publishTime": "2022-03-04T02:50:23Z"
            }
        },
        {
            "kind": "youtube#searchResult",
            "etag": "tlx4hgqrLsQsnhbY8Twjp61joqA",
            "id": {
                "kind": "youtube#video",
                "videoId": "n1c8fULld8k"
            },
            "snippet": {
                "publishedAt": "2022-02-24T11:30:08Z",
                "channelId": "UC0cXvr9I324N3SmyCzwaPIg",
                "title": "3 INFORMASI PENCAIRAN PKH DAN BPNT BESOK 25 FEBRUARI 2022 - BIKIN HATI KPM TENANG DAN TIDAK KHAWATIR",
                "description": "Dipublikasikan tanggal 24 Februari 2022 Update informasi untuk besok pencairan PKH dan BPNT tunai 600 ribu hari jum'at 25 ...",
                "thumbnails": {
                    "default": {
                        "url": "https://i.ytimg.com/vi/n1c8fULld8k/default.jpg",
                        "width": 120,
                        "height": 90
                    },
                    "medium": {
                        "url": "https://i.ytimg.com/vi/n1c8fULld8k/mqdefault.jpg",
                        "width": 320,
                        "height": 180
                    },
                    "high": {
                        "url": "https://i.ytimg.com/vi/n1c8fULld8k/hqdefault.jpg",
                        "width": 480,
                        "height": 360
                    }
                },
                "channelTitle": "DIARY PKH",
                "liveBroadcastContent": "none",
                "publishTime": "2022-02-24T11:30:08Z"
            }
        },
        {
            "kind": "youtube#searchResult",
            "etag": "6zsM8Nv-ZcGOza0BGLWl8tSMkuE",
            "id": {
                "kind": "youtube#video",
                "videoId": "zco78ZFpVD0"
            },
            "snippet": {
                "publishedAt": "2022-03-04T18:14:39Z",
                "channelId": "UCppi1eWaV35n2HCdQDcv4Tw",
                "title": "diare terus pipis terus juga",
                "description": "",
                "thumbnails": {
                    "default": {
                        "url": "https://i.ytimg.com/vi/zco78ZFpVD0/default.jpg",
                        "width": 120,
                        "height": 90
                    },
                    "medium": {
                        "url": "https://i.ytimg.com/vi/zco78ZFpVD0/mqdefault.jpg",
                        "width": 320,
                        "height": 180
                    },
                    "high": {
                        "url": "https://i.ytimg.com/vi/zco78ZFpVD0/hqdefault.jpg",
                        "width": 480,
                        "height": 360
                    }
                },
                "channelTitle": "Jiovani AS",
                "liveBroadcastContent": "none",
                "publishTime": "2022-03-04T18:14:39Z"
            }
        },
        {
            "kind": "youtube#searchResult",
            "etag": "EyaqjDFd3e3q8UslF1FbFWLUt1Q",
            "id": {
                "kind": "youtube#video",
                "videoId": "x7FCVNHlFi8"
            },
            "snippet": {
                "publishedAt": "2022-02-21T09:25:47Z",
                "channelId": "UC1JALYXiiqy9Xw9J_lFlGWg",
                "title": "Lagu Kesukaan Raja Ho Cocok Untuk Vlog",
                "description": "ini adalah lagu kesukaan saya, Lagu Kesukaan Raja Ho Cocok Untuk Vlog.",
                "thumbnails": {
                    "default": {
                        "url": "https://i.ytimg.com/vi/x7FCVNHlFi8/default.jpg",
                        "width": 120,
                        "height": 90
                    },
                    "medium": {
                        "url": "https://i.ytimg.com/vi/x7FCVNHlFi8/mqdefault.jpg",
                        "width": 320,
                        "height": 180
                    },
                    "high": {
                        "url": "https://i.ytimg.com/vi/x7FCVNHlFi8/hqdefault.jpg",
                        "width": 480,
                        "height": 360
                    }
                },
                "channelTitle": "RM LIRIK",
                "liveBroadcastContent": "none",
                "publishTime": "2022-02-21T09:25:47Z"
            }
        },
        {
            "kind": "youtube#searchResult",
            "etag": "ffOXvpY8Cag--L6X0M-jViyAqEU",
            "id": {
                "kind": "youtube#video",
                "videoId": "JYhP0jIXYM8"
            },
            "snippet": {
                "publishedAt": "2022-03-05T03:00:12Z",
                "channelId": "UCyvj5SUcQjuXpv4a_Q6BQBg",
                "title": "MENGOBATI DIARE PADA ANAK DENGAN HERBAL",
                "description": "",
                "thumbnails": {
                    "default": {
                        "url": "https://i.ytimg.com/vi/JYhP0jIXYM8/default.jpg",
                        "width": 120,
                        "height": 90
                    },
                    "medium": {
                        "url": "https://i.ytimg.com/vi/JYhP0jIXYM8/mqdefault.jpg",
                        "width": 320,
                        "height": 180
                    },
                    "high": {
                        "url": "https://i.ytimg.com/vi/JYhP0jIXYM8/hqdefault.jpg",
                        "width": 480,
                        "height": 360
                    }
                },
                "channelTitle": "Komunitas Sahabat Sehat",
                "liveBroadcastContent": "none",
                "publishTime": "2022-03-05T03:00:12Z"
            }
        },
        {
            "kind": "youtube#searchResult",
            "etag": "7oaa529yimcX71oMTgbmpeNWpAE",
            "id": {
                "kind": "youtube#video",
                "videoId": "O4-bman-8YQ"
            },
            "snippet": {
                "publishedAt": "2022-03-02T09:11:46Z",
                "channelId": "UCJTkQnH001RpkLmY9_7iLzQ",
                "title": "racikan alami untuk mengobati burung diare dan kurus lesu",
                "description": "",
                "thumbnails": {
                    "default": {
                        "url": "https://i.ytimg.com/vi/O4-bman-8YQ/default.jpg",
                        "width": 120,
                        "height": 90
                    },
                    "medium": {
                        "url": "https://i.ytimg.com/vi/O4-bman-8YQ/mqdefault.jpg",
                        "width": 320,
                        "height": 180
                    },
                    "high": {
                        "url": "https://i.ytimg.com/vi/O4-bman-8YQ/hqdefault.jpg",
                        "width": 480,
                        "height": 360
                    }
                },
                "channelTitle": "andy BFKK",
                "liveBroadcastContent": "none",
                "publishTime": "2022-03-02T09:11:46Z"
            }
        },
        {
            "kind": "youtube#searchResult",
            "etag": "PWLOmnzXrcXydULWofLn5ODbdhQ",
            "id": {
                "kind": "youtube#video",
                "videoId": "8p0wPQcHgjQ"
            },
            "snippet": {
                "publishedAt": "2022-02-26T04:01:09Z",
                "channelId": "UCZNwt8bxQsHDbeS_MLeQzcw",
                "title": "BELUM DAPAT UNDANGAN PENCAIRAN BPNT?INI JAWABAN PT POS INDONESIA||WAJIB TAU TAHAP BERAPA BPNTMU CAIR",
                "description": "Subscribe : @LISVIKA CHANNEL *FOLLOW INSTAGRAM* @alismarlis https://instagram.com/alismarlis?utm_medium=copy_link ...",
                "thumbnails": {
                    "default": {
                        "url": "https://i.ytimg.com/vi/8p0wPQcHgjQ/default.jpg",
                        "width": 120,
                        "height": 90
                    },
                    "medium": {
                        "url": "https://i.ytimg.com/vi/8p0wPQcHgjQ/mqdefault.jpg",
                        "width": 320,
                        "height": 180
                    },
                    "high": {
                        "url": "https://i.ytimg.com/vi/8p0wPQcHgjQ/hqdefault.jpg",
                        "width": 480,
                        "height": 360
                    }
                },
                "channelTitle": "Belajar Bersama Lisvika",
                "liveBroadcastContent": "none",
                "publishTime": "2022-02-26T04:01:09Z"
            }
        },
        {
            "kind": "youtube#searchResult",
            "etag": "QaMSRh1wSEtrbV_5bxtpSDZrNjE",
            "id": {
                "kind": "youtube#video",
                "videoId": "skqBYjtwouY"
            },
            "snippet": {
                "publishedAt": "2020-06-21T13:17:34Z",
                "channelId": "UC_2ZipIwMt-PXhRAbedPBiQ",
                "title": "Totok - bekam diare pada anak2 (Tutorial Cupping and Acupressure step by step for diarrhea child)",
                "description": "Diare anak dengan bantuan pijatan sangat efektif hasilnya. Diare pada anak biasanya disebut gangguan pencernaan. Sesuai ...",
                "thumbnails": {
                    "default": {
                        "url": "https://i.ytimg.com/vi/skqBYjtwouY/default.jpg",
                        "width": 120,
                        "height": 90
                    },
                    "medium": {
                        "url": "https://i.ytimg.com/vi/skqBYjtwouY/mqdefault.jpg",
                        "width": 320,
                        "height": 180
                    },
                    "high": {
                        "url": "https://i.ytimg.com/vi/skqBYjtwouY/hqdefault.jpg",
                        "width": 480,
                        "height": 360
                    }
                },
                "channelTitle": "Suharti Simbolon",
                "liveBroadcastContent": "none",
                "publishTime": "2020-06-21T13:17:34Z"
            }
        },
        {
            "kind": "youtube#searchResult",
            "etag": "4PdiJA0hZPhjPwJ7ohqNl7-9Kuw",
            "id": {
                "kind": "youtube#video",
                "videoId": "prTdECMIvvs"
            },
            "snippet": {
                "publishedAt": "2022-03-04T14:20:13Z",
                "channelId": "UCW1hDNfrVQr_BfaKlTWH_EQ",
                "title": "cara mengobati sapi mencret",
                "description": "sapi mencret bisa di karenakan dengan berbagai macam penyebab tetapi di video kali ini penyebab mencret karena pemberian ...",
                "thumbnails": {
                    "default": {
                        "url": "https://i.ytimg.com/vi/prTdECMIvvs/default.jpg",
                        "width": 120,
                        "height": 90
                    },
                    "medium": {
                        "url": "https://i.ytimg.com/vi/prTdECMIvvs/mqdefault.jpg",
                        "width": 320,
                        "height": 180
                    },
                    "high": {
                        "url": "https://i.ytimg.com/vi/prTdECMIvvs/hqdefault.jpg",
                        "width": 480,
                        "height": 360
                    }
                },
                "channelTitle": "aaf farm",
                "liveBroadcastContent": "none",
                "publishTime": "2022-03-04T14:20:13Z"
            }
        },
        {
            "kind": "youtube#searchResult",
            "etag": "RPpDlGreK8XNxV4aS9PgnwgoduQ",
            "id": {
                "kind": "youtube#video",
                "videoId": "X1nkh2drxL4"
            },
            "snippet": {
                "publishedAt": "2022-02-24T02:21:15Z",
                "channelId": "UCOI4yTCoJ87YtDAVFAOCShw",
                "title": "UPDATE BANTUAN PKH YANG CAIR HARI INI BERIKUT DAERAH DAERAHNYA MELIMPAH PKH HARI INI",
                "description": "UPDATE BANTUAN PKH YANG CAIR HARI INI BERIKUT DAERAH DAERAHNYA MELIMPAH PKH HARI INI Info Pkh Hari ini Pkh ...",
                "thumbnails": {
                    "default": {
                        "url": "https://i.ytimg.com/vi/X1nkh2drxL4/default.jpg",
                        "width": 120,
                        "height": 90
                    },
                    "medium": {
                        "url": "https://i.ytimg.com/vi/X1nkh2drxL4/mqdefault.jpg",
                        "width": 320,
                        "height": 180
                    },
                    "high": {
                        "url": "https://i.ytimg.com/vi/X1nkh2drxL4/hqdefault.jpg",
                        "width": 480,
                        "height": 360
                    }
                },
                "channelTitle": "GANIA VLOG",
                "liveBroadcastContent": "none",
                "publishTime": "2022-02-24T02:21:15Z"
            }
        },
        {
            "kind": "youtube#searchResult",
            "etag": "mEWaXboiUZ8RsRqoyDcZHYNOKoc",
            "id": {
                "kind": "youtube#video",
                "videoId": "S2ex6x5Oezk"
            },
            "snippet": {
                "publishedAt": "2022-03-02T01:48:36Z",
                "channelId": "UCR15eSgsV_ms14zIneXwQqw",
                "title": "🆘🆘🆘Jemmy&#39;s story 6  October 2018 : mengurangi frekuensi diare ...",
                "description": "",
                "thumbnails": {
                    "default": {
                        "url": "https://i.ytimg.com/vi/S2ex6x5Oezk/default.jpg",
                        "width": 120,
                        "height": 90
                    },
                    "medium": {
                        "url": "https://i.ytimg.com/vi/S2ex6x5Oezk/mqdefault.jpg",
                        "width": 320,
                        "height": 180
                    },
                    "high": {
                        "url": "https://i.ytimg.com/vi/S2ex6x5Oezk/hqdefault.jpg",
                        "width": 480,
                        "height": 360
                    }
                },
                "channelTitle": "Jemmy S",
                "liveBroadcastContent": "none",
                "publishTime": "2022-03-02T01:48:36Z"
            }
        },
        {
            "kind": "youtube#searchResult",
            "etag": "Yp6vvh_483Vlmg7_YOpMzOCamzk",
            "id": {
                "kind": "youtube#video",
                "videoId": "bw79ECHl0Ao"
            },
            "snippet": {
                "publishedAt": "2022-02-28T12:15:01Z",
                "channelId": "UC7WSGwps6glpZrMqq1K4M9w",
                "title": "Dear Diary - Els Warouw [Karaoke Lirik] | CBerhibur",
                "description": "KaraokeDearDiary #ElsWarouw #KaraokeElsWarouwDearDiary #DearDiaryElsWarouwKaraokeLirikTanpaVocal ...",
                "thumbnails": {
                    "default": {
                        "url": "https://i.ytimg.com/vi/bw79ECHl0Ao/default.jpg",
                        "width": 120,
                        "height": 90
                    },
                    "medium": {
                        "url": "https://i.ytimg.com/vi/bw79ECHl0Ao/mqdefault.jpg",
                        "width": 320,
                        "height": 180
                    },
                    "high": {
                        "url": "https://i.ytimg.com/vi/bw79ECHl0Ao/hqdefault.jpg",
                        "width": 480,
                        "height": 360
                    }
                },
                "channelTitle": "coba berhibur",
                "liveBroadcastContent": "none",
                "publishTime": "2022-02-28T12:15:01Z"
            }
        },
        {
            "kind": "youtube#searchResult",
            "etag": "FbS_omjl9G6ij9iRqTjhb4MgnuE",
            "id": {
                "kind": "youtube#video",
                "videoId": "KXhJmLfJjRA"
            },
            "snippet": {
                "publishedAt": "2022-03-02T23:09:49Z",
                "channelId": "UCOI4yTCoJ87YtDAVFAOCShw",
                "title": "CEK SALDO PKH HARI INI KAMIS TANGGAL 3 MARET YES CAIR SEMUA MERATA DAERAH INI INFO PKH HARI INI",
                "description": "CEK SALDO PKH HARI INI KAMIS TANGGAL 3 MARET YES CAIR SEMUA MERATA DAERAH INI INFO PKH HARI INI Info Pkh ...",
                "thumbnails": {
                    "default": {
                        "url": "https://i.ytimg.com/vi/KXhJmLfJjRA/default.jpg",
                        "width": 120,
                        "height": 90
                    },
                    "medium": {
                        "url": "https://i.ytimg.com/vi/KXhJmLfJjRA/mqdefault.jpg",
                        "width": 320,
                        "height": 180
                    },
                    "high": {
                        "url": "https://i.ytimg.com/vi/KXhJmLfJjRA/hqdefault.jpg",
                        "width": 480,
                        "height": 360
                    }
                },
                "channelTitle": "GANIA VLOG",
                "liveBroadcastContent": "none",
                "publishTime": "2022-03-02T23:09:49Z"
            }
        },
        {
            "kind": "youtube#searchResult",
            "etag": "jURVE_UIhl7_Z9xmc7mcCKcr5tc",
            "id": {
                "kind": "youtube#video",
                "videoId": "OfgK056hh7Q"
            },
            "snippet": {
                "publishedAt": "2022-02-25T23:45:01Z",
                "channelId": "UCXSheWTLD6aF7306ThV1DBg",
                "title": "DJ SLOW 2022 NONSTOP - DJ DEAR DIARY ELS WAROUW | CINTA SAMPAI MATI FULL ALBUM",
                "description": "DJ SLOW 2022 NONSTOP - DJ DEAR DIARY ELS WAROUW | CINTA SAMPAI MATI FULL ALBUM 1. DJ DEAR DIARY ELS ...",
                "thumbnails": {
                    "default": {
                        "url": "https://i.ytimg.com/vi/OfgK056hh7Q/default.jpg",
                        "width": 120,
                        "height": 90
                    },
                    "medium": {
                        "url": "https://i.ytimg.com/vi/OfgK056hh7Q/mqdefault.jpg",
                        "width": 320,
                        "height": 180
                    },
                    "high": {
                        "url": "https://i.ytimg.com/vi/OfgK056hh7Q/hqdefault.jpg",
                        "width": 480,
                        "height": 360
                    }
                },
                "channelTitle": "MUSIC Solution",
                "liveBroadcastContent": "none",
                "publishTime": "2022-02-25T23:45:01Z"
            }
        },
        {
            "kind": "youtube#searchResult",
            "etag": "2iirt7vjvha-R3MeRSnpFK79Sx0",
            "id": {
                "kind": "youtube#video",
                "videoId": "q0y81eSxqQU"
            },
            "snippet": {
                "publishedAt": "2022-03-04T13:41:18Z",
                "channelId": "UCkhGZKZTP8v4CzgRDVwy0VQ",
                "title": "Bülent ATEŞCİ&#39;den Halide Edip Adıvar Bulvarı Üstünde 2+1 Diare",
                "description": "143 m2 kullanım alanı 90 m2 net alandır. 2+1 dairemiz Kombi ve peteklidir. Yapım yılı 2020'dir 3 cephelidir Batı-kuzey-güney ...",
                "thumbnails": {
                    "default": {
                        "url": "https://i.ytimg.com/vi/q0y81eSxqQU/default.jpg",
                        "width": 120,
                        "height": 90
                    },
                    "medium": {
                        "url": "https://i.ytimg.com/vi/q0y81eSxqQU/mqdefault.jpg",
                        "width": 320,
                        "height": 180
                    },
                    "high": {
                        "url": "https://i.ytimg.com/vi/q0y81eSxqQU/hqdefault.jpg",
                        "width": 480,
                        "height": 360
                    }
                },
                "channelTitle": "Defne Gayrimenkul Aliağa İZMİR",
                "liveBroadcastContent": "none",
                "publishTime": "2022-03-04T13:41:18Z"
            }
        },
        {
            "kind": "youtube#searchResult",
            "etag": "xAW9Hnlggc3CG5pljGQVz7x47-E",
            "id": {
                "kind": "youtube#video",
                "videoId": "kaTzvbuzpzo"
            },
            "snippet": {
                "publishedAt": "2022-03-03T19:55:34Z",
                "channelId": "UCJQ9X0mms9kAMwi03vtfy7A",
                "title": "🛑Conférence Dr Oury Barry &amp; Chaik Aboubacar N&#39;diare Diallo Fii #Bhoural_Gandal &amp; Karmokôbhe bhen",
                "description": "ABONNEZ-VOUS SUR NOTRE CHÊNE YOUTUBE. POUR RECEVOIR LE NOUVEAU PROCHAINES VIDEOS.",
                "thumbnails": {
                    "default": {
                        "url": "https://i.ytimg.com/vi/kaTzvbuzpzo/default.jpg",
                        "width": 120,
                        "height": 90
                    },
                    "medium": {
                        "url": "https://i.ytimg.com/vi/kaTzvbuzpzo/mqdefault.jpg",
                        "width": 320,
                        "height": 180
                    },
                    "high": {
                        "url": "https://i.ytimg.com/vi/kaTzvbuzpzo/hqdefault.jpg",
                        "width": 480,
                        "height": 360
                    }
                },
                "channelTitle": "IBRAHIM MARELLA",
                "liveBroadcastContent": "none",
                "publishTime": "2022-03-03T19:55:34Z"
            }
        },
        {
            "kind": "youtube#searchResult",
            "etag": "dbAi8IMLmeut8FST6x_BYXCX4xI",
            "id": {
                "kind": "youtube#video",
                "videoId": "CaHQK4xkoyI"
            },
            "snippet": {
                "publishedAt": "2022-02-27T09:00:45Z",
                "channelId": "UCIB0LUV3E-atCY05Y119zhg",
                "title": "CAIR LAGII 😍 UNTUK KPM PKH WILAYAH INI BANK INI PKH TAHAP 1 TERMIN 2 BISA DICEK.. INFO PKH HARI INI",
                "description": "CAIR LAGII UNTUK KPM PKH WILAYAH INI BANK INI PKH TAHAP 1 TERMIN 2 BISA DICEK.. INFO PKH HARI INI info Pkh hari ...",
                "thumbnails": {
                    "default": {
                        "url": "https://i.ytimg.com/vi/CaHQK4xkoyI/default.jpg",
                        "width": 120,
                        "height": 90
                    },
                    "medium": {
                        "url": "https://i.ytimg.com/vi/CaHQK4xkoyI/mqdefault.jpg",
                        "width": 320,
                        "height": 180
                    },
                    "high": {
                        "url": "https://i.ytimg.com/vi/CaHQK4xkoyI/hqdefault.jpg",
                        "width": 480,
                        "height": 360
                    }
                },
                "channelTitle": "Bang Ir Channel",
                "liveBroadcastContent": "none",
                "publishTime": "2022-02-27T09:00:45Z"
            }
        },
        {
            "kind": "youtube#searchResult",
            "etag": "nM9co-mlqADZIH9OaOH_OJjxNFs",
            "id": {
                "kind": "youtube#video",
                "videoId": "JHS4ueY2_Ak"
            },
            "snippet": {
                "publishedAt": "2022-02-27T11:00:31Z",
                "channelId": "UCaKLg1ELiX0zTJ6Je3c5esA",
                "title": "Baby AMEENA Bersama Keluarga FULL TEAM Atta Aurel.",
                "description": "Follow juga: Instagram : @attahalilintar , @aurelie.hermansyah Facebook : Atta Halilintar tiktok : @attahalilintar ...",
                "thumbnails": {
                    "default": {
                        "url": "https://i.ytimg.com/vi/JHS4ueY2_Ak/default.jpg",
                        "width": 120,
                        "height": 90
                    },
                    "medium": {
                        "url": "https://i.ytimg.com/vi/JHS4ueY2_Ak/mqdefault.jpg",
                        "width": 320,
                        "height": 180
                    },
                    "high": {
                        "url": "https://i.ytimg.com/vi/JHS4ueY2_Ak/hqdefault.jpg",
                        "width": 480,
                        "height": 360
                    }
                },
                "channelTitle": "AH",
                "liveBroadcastContent": "none",
                "publishTime": "2022-02-27T11:00:31Z"
            }
        },
        {
            "kind": "youtube#searchResult",
            "etag": "0tEO3E6HvMnY25-mZSPEifYDy7c",
            "id": {
                "kind": "youtube#video",
                "videoId": "fmlSk8388D0"
            },
            "snippet": {
                "publishedAt": "2022-03-02T03:36:29Z",
                "channelId": "UC0cXvr9I324N3SmyCzwaPIg",
                "title": "KPM PKH PUASA BANTUAN ❗ - 3 BANTUAN INI TIDAK DICAIRKAN DIBULAN MARET 2022",
                "description": "Dipublikasikan tanggal 02 Maret 2022 3 bantuan ini tidak akan dicairkan dibulan maret 2022 para KPM PKH dan BPNT harus ...",
                "thumbnails": {
                    "default": {
                        "url": "https://i.ytimg.com/vi/fmlSk8388D0/default.jpg",
                        "width": 120,
                        "height": 90
                    },
                    "medium": {
                        "url": "https://i.ytimg.com/vi/fmlSk8388D0/mqdefault.jpg",
                        "width": 320,
                        "height": 180
                    },
                    "high": {
                        "url": "https://i.ytimg.com/vi/fmlSk8388D0/hqdefault.jpg",
                        "width": 480,
                        "height": 360
                    }
                },
                "channelTitle": "DIARY PKH",
                "liveBroadcastContent": "none",
                "publishTime": "2022-03-02T03:36:29Z"
            }
        },
        {
            "kind": "youtube#searchResult",
            "etag": "Kb_RxueiMLoT5T8MAnj4yvdlDpQ",
            "id": {
                "kind": "youtube#video",
                "videoId": "j4Cw_U74qQo"
            },
            "snippet": {
                "publishedAt": "2022-02-24T14:00:13Z",
                "channelId": "UC3ml9Fw1CKjUailVabnLn4w",
                "title": "ASMR DeepVoice Husband | Marahin Kamu yang Bandel| ASMR COWOK",
                "description": "Hai, Jay balik lagi nih '-') Gimana kabar kalian? Semoga baik-baik aja yah!, Jay cuma mau bilang, kita semua ngga pernah luput ...",
                "thumbnails": {
                    "default": {
                        "url": "https://i.ytimg.com/vi/j4Cw_U74qQo/default.jpg",
                        "width": 120,
                        "height": 90
                    },
                    "medium": {
                        "url": "https://i.ytimg.com/vi/j4Cw_U74qQo/mqdefault.jpg",
                        "width": 320,
                        "height": 180
                    },
                    "high": {
                        "url": "https://i.ytimg.com/vi/j4Cw_U74qQo/hqdefault.jpg",
                        "width": 480,
                        "height": 360
                    }
                },
                "channelTitle": "Wolfie Jay",
                "liveBroadcastContent": "none",
                "publishTime": "2022-02-24T14:00:13Z"
            }
        },
        {
            "kind": "youtube#searchResult",
            "etag": "lA4B7rC0HccNJmqL4T5dujBWzFs",
            "id": {
                "kind": "youtube#video",
                "videoId": "6LVu4Ell5EQ"
            },
            "snippet": {
                "publishedAt": "2022-03-05T02:30:01Z",
                "channelId": "UCzq4oGWHKl5UAzN5Rb4_hTw",
                "title": "multiple hair diare",
                "description": "Buy Here https://amzn.to/3MmhGSJ ➡️➡️➡️➡️➡️➡️➡️➡️➡️➡️➡️ free samle products in india free sample pack 7 Free ...",
                "thumbnails": {
                    "default": {
                        "url": "https://i.ytimg.com/vi/6LVu4Ell5EQ/default.jpg",
                        "width": 120,
                        "height": 90
                    },
                    "medium": {
                        "url": "https://i.ytimg.com/vi/6LVu4Ell5EQ/mqdefault.jpg",
                        "width": 320,
                        "height": 180
                    },
                    "high": {
                        "url": "https://i.ytimg.com/vi/6LVu4Ell5EQ/hqdefault.jpg",
                        "width": 480,
                        "height": 360
                    }
                },
                "channelTitle": "Rajesh RR",
                "liveBroadcastContent": "none",
                "publishTime": "2022-03-05T02:30:01Z"
            }
        },
        {
            "kind": "youtube#searchResult",
            "etag": "kruMqsykFJ3tOBSMMMcF0vk-kQg",
            "id": {
                "kind": "youtube#video",
                "videoId": "dcwSC8x5I_g"
            },
            "snippet": {
                "publishedAt": "2022-02-24T07:00:12Z",
                "channelId": "UCB1fvlA5xmLJ0tZblpoTuaQ",
                "title": "Putin Geram, Gegara Ini Rusia Ngebet Invasi Ukraina",
                "description": "VIVA - Rusia merasa terancam karena NATO menggandeng Ukraina untuk bergabung menjadi anggotanya. Rusia kemudian ...",
                "thumbnails": {
                    "default": {
                        "url": "https://i.ytimg.com/vi/dcwSC8x5I_g/default.jpg",
                        "width": 120,
                        "height": 90
                    },
                    "medium": {
                        "url": "https://i.ytimg.com/vi/dcwSC8x5I_g/mqdefault.jpg",
                        "width": 320,
                        "height": 180
                    },
                    "high": {
                        "url": "https://i.ytimg.com/vi/dcwSC8x5I_g/hqdefault.jpg",
                        "width": 480,
                        "height": 360
                    }
                },
                "channelTitle": "VIVACOID",
                "liveBroadcastContent": "none",
                "publishTime": "2022-02-24T07:00:12Z"
            }
        },
        {
            "kind": "youtube#searchResult",
            "etag": "i46ih1-bHEuTn31uUMlWcitKOjo",
            "id": {
                "kind": "youtube#video",
                "videoId": "usRAD0Kmmag"
            },
            "snippet": {
                "publishedAt": "2022-03-05T02:44:20Z",
                "channelId": "UCuPr-EBMVVJRSnBvr1FyVSg",
                "title": "dear diare",
                "description": "",
                "thumbnails": {
                    "default": {
                        "url": "https://i.ytimg.com/vi/usRAD0Kmmag/default.jpg",
                        "width": 120,
                        "height": 90
                    },
                    "medium": {
                        "url": "https://i.ytimg.com/vi/usRAD0Kmmag/mqdefault.jpg",
                        "width": 320,
                        "height": 180
                    },
                    "high": {
                        "url": "https://i.ytimg.com/vi/usRAD0Kmmag/hqdefault.jpg",
                        "width": 480,
                        "height": 360
                    }
                },
                "channelTitle": "yanthyy nini",
                "liveBroadcastContent": "none",
                "publishTime": "2022-03-05T02:44:20Z"
            }
        }
    ]
}