{
    "kind": "youtube#searchListResponse",
    "etag": "S2-km9kFJZaCjiXZq4l8vbEZ0k8",
    "prevPageToken": "CKYEEAE",
    "regionCode": "ID",
    "pageInfo": {
        "totalResults": 1000000,
        "resultsPerPage": 40
    },
    "items": [
        {
            "kind": "youtube#searchResult",
            "etag": "Eu-bpZARorBJ0hOnxD5roUWQgK8",
            "id": {
                "kind": "youtube#video",
                "videoId": "k0Y14xGZEPI"
            },
            "snippet": {
                "publishedAt": "2022-02-06T16:40:08Z",
                "channelId": "UCT5khpUNxPs2M_mFuJrAgig",
                "title": "penyakit diabetes bisa sembuh",
                "description": "bioesa #subscribe #komen #like #shere produk BIOESA yang minat silahkan komen produk Indonesia produk herbal alami ...",
                "thumbnails": {
                    "default": {
                        "url": "https://i.ytimg.com/vi/k0Y14xGZEPI/default.jpg",
                        "width": 120,
                        "height": 90
                    },
                    "medium": {
                        "url": "https://i.ytimg.com/vi/k0Y14xGZEPI/mqdefault.jpg",
                        "width": 320,
                        "height": 180
                    },
                    "high": {
                        "url": "https://i.ytimg.com/vi/k0Y14xGZEPI/hqdefault.jpg",
                        "width": 480,
                        "height": 360
                    }
                },
                "channelTitle": "samgong production",
                "liveBroadcastContent": "none",
                "publishTime": "2022-02-06T16:40:08Z"
            }
        },
        {
            "kind": "youtube#searchResult",
            "etag": "94OKdOYne3Io_dPIGlxK-97Ugz8",
            "id": {
                "kind": "youtube#video",
                "videoId": "pS4u4LU3tQM"
            },
            "snippet": {
                "publishedAt": "2020-09-29T02:35:14Z",
                "channelId": "UC9aDPNInFYooqsmk_AhZVdQ",
                "title": "Memahami Penyakit Diabetes dan Cara Pengobatannya | PropolisKu",
                "description": "Memahami Penyakit Diabetes dan Cara Pengobatannya | PropolisKu Dilansir dari Tempo.co ternyata setiap 6 detik ada satu ...",
                "thumbnails": {
                    "default": {
                        "url": "https://i.ytimg.com/vi/pS4u4LU3tQM/default.jpg",
                        "width": 120,
                        "height": 90
                    },
                    "medium": {
                        "url": "https://i.ytimg.com/vi/pS4u4LU3tQM/mqdefault.jpg",
                        "width": 320,
                        "height": 180
                    },
                    "high": {
                        "url": "https://i.ytimg.com/vi/pS4u4LU3tQM/hqdefault.jpg",
                        "width": 480,
                        "height": 360
                    }
                },
                "channelTitle": "Propolisku Indonesia",
                "liveBroadcastContent": "none",
                "publishTime": "2020-09-29T02:35:14Z"
            }
        },
        {
            "kind": "youtube#searchResult",
            "etag": "iVz69tuggS2i3fLiMJbhAo-lUdw",
            "id": {
                "kind": "youtube#video",
                "videoId": "XcWXVQVBSTI"
            },
            "snippet": {
                "publishedAt": "2021-08-31T11:15:42Z",
                "channelId": "UCvC5nmdZOjBsqaPSzND14nQ",
                "title": "LUAR BIASA PRODUK ECO RACING ,PENYAKIT DIABETES SEMBUH DENGAN HASPRO DAN KOLAGEN..‼️‼️",
                "description": "ecoracing #ecoracingindonesia #sembuh #sakitdiabetes #SHORT.",
                "thumbnails": {
                    "default": {
                        "url": "https://i.ytimg.com/vi/XcWXVQVBSTI/default.jpg",
                        "width": 120,
                        "height": 90
                    },
                    "medium": {
                        "url": "https://i.ytimg.com/vi/XcWXVQVBSTI/mqdefault.jpg",
                        "width": 320,
                        "height": 180
                    },
                    "high": {
                        "url": "https://i.ytimg.com/vi/XcWXVQVBSTI/hqdefault.jpg",
                        "width": 480,
                        "height": 360
                    }
                },
                "channelTitle": "nyoman riadi",
                "liveBroadcastContent": "none",
                "publishTime": "2021-08-31T11:15:42Z"
            }
        },
        {
            "kind": "youtube#searchResult",
            "etag": "rvkiMGBxEmr2YDWKup28Xsug4wk",
            "id": {
                "kind": "youtube#video",
                "videoId": "0Hdrf2yFjdM"
            },
            "snippet": {
                "publishedAt": "2021-01-17T08:34:55Z",
                "channelId": "UCCOUtI65qU30gxGHwplaENA",
                "title": "daun insulin menyembuhkan penyakit diabetes",
                "description": "Obat herbal untuk penyakit diabetes.",
                "thumbnails": {
                    "default": {
                        "url": "https://i.ytimg.com/vi/0Hdrf2yFjdM/default.jpg",
                        "width": 120,
                        "height": 90
                    },
                    "medium": {
                        "url": "https://i.ytimg.com/vi/0Hdrf2yFjdM/mqdefault.jpg",
                        "width": 320,
                        "height": 180
                    },
                    "high": {
                        "url": "https://i.ytimg.com/vi/0Hdrf2yFjdM/hqdefault.jpg",
                        "width": 480,
                        "height": 360
                    }
                },
                "channelTitle": "CIAJAG METAL",
                "liveBroadcastContent": "none",
                "publishTime": "2021-01-17T08:34:55Z"
            }
        },
        {
            "kind": "youtube#searchResult",
            "etag": "lC-j86KDLGKD-w8Oqy0wcxuDdAg",
            "id": {
                "kind": "youtube#video",
                "videoId": "WSMzxrcvWco"
            },
            "snippet": {
                "publishedAt": "2022-02-16T00:42:29Z",
                "channelId": "UCEtBMNtHM42BMWMWZXcR5EA",
                "title": "cara mengobati penyakit diabetes,, pengobatan tradisional",
                "description": "cara mengobati penyakit diabetes,, pengobatan tradisional,, Daun kencana ungu dengan daun jati kering,,,, ...",
                "thumbnails": {
                    "default": {
                        "url": "https://i.ytimg.com/vi/WSMzxrcvWco/default.jpg",
                        "width": 120,
                        "height": 90
                    },
                    "medium": {
                        "url": "https://i.ytimg.com/vi/WSMzxrcvWco/mqdefault.jpg",
                        "width": 320,
                        "height": 180
                    },
                    "high": {
                        "url": "https://i.ytimg.com/vi/WSMzxrcvWco/hqdefault.jpg",
                        "width": 480,
                        "height": 360
                    }
                },
                "channelTitle": "Zona Pengobatan",
                "liveBroadcastContent": "none",
                "publishTime": "2022-02-16T00:42:29Z"
            }
        },
        {
            "kind": "youtube#searchResult",
            "etag": "xJjS9sm9AI21W_pSsV7WlN0W4uE",
            "id": {
                "kind": "youtube#video",
                "videoId": "vkYR7Kbpg68"
            },
            "snippet": {
                "publishedAt": "2011-10-29T02:56:20Z",
                "channelId": "UC9T3X0VH40pWW2jYJaQDUWw",
                "title": "Penyakit Diabetes Melitus |Cara Manjur Secara Klinis Mengobatinya",
                "description": "Kunjungi situs - http://obatuntukdiabetes.com - untuk mengetahui cara manjur dan efektif mengobati penyakit diabetes melitus ...",
                "thumbnails": {
                    "default": {
                        "url": "https://i.ytimg.com/vi/vkYR7Kbpg68/default.jpg",
                        "width": 120,
                        "height": 90
                    },
                    "medium": {
                        "url": "https://i.ytimg.com/vi/vkYR7Kbpg68/mqdefault.jpg",
                        "width": 320,
                        "height": 180
                    },
                    "high": {
                        "url": "https://i.ytimg.com/vi/vkYR7Kbpg68/hqdefault.jpg",
                        "width": 480,
                        "height": 360
                    }
                },
                "channelTitle": "Johannes Irfan",
                "liveBroadcastContent": "none",
                "publishTime": "2011-10-29T02:56:20Z"
            }
        },
        {
            "kind": "youtube#searchResult",
            "etag": "-gac50l0Ux1ElwI-HseLevP5pRM",
            "id": {
                "kind": "youtube#video",
                "videoId": "NsDEuftF-UU"
            },
            "snippet": {
                "publishedAt": "2021-12-07T09:36:51Z",
                "channelId": "UC7bFS1hFQkZ2VzmyJmgCk5A",
                "title": "Mengobati penyakit diabetes yang sudah bertahun tahun",
                "description": "PADEPOKAN SYAHADAT SHOLAWAT Penyakit diabetes bertahun-tahun yang diderita salah seorang pasien, dengan cara totok ...",
                "thumbnails": {
                    "default": {
                        "url": "https://i.ytimg.com/vi/NsDEuftF-UU/default.jpg",
                        "width": 120,
                        "height": 90
                    },
                    "medium": {
                        "url": "https://i.ytimg.com/vi/NsDEuftF-UU/mqdefault.jpg",
                        "width": 320,
                        "height": 180
                    },
                    "high": {
                        "url": "https://i.ytimg.com/vi/NsDEuftF-UU/hqdefault.jpg",
                        "width": 480,
                        "height": 360
                    }
                },
                "channelTitle": "Padepokan Syahadat Sholawat",
                "liveBroadcastContent": "none",
                "publishTime": "2021-12-07T09:36:51Z"
            }
        },
        {
            "kind": "youtube#searchResult",
            "etag": "YI0mQmN6RbRdIg7UJwJAgZHOlhE",
            "id": {
                "kind": "youtube#video",
                "videoId": "TPejZoVfA5o"
            },
            "snippet": {
                "publishedAt": "2022-02-03T06:53:34Z",
                "channelId": "UC15G-fsCRWIG3WyF7K72-pA",
                "title": "TERBUKTI, CALLWA 0813 3155 1900, Pijat Penyakit Diabetes",
                "description": "\"Klik Https://WA.me/6281331551900, Klinik Diabetes Surabaya, Tempat Pengobatan Alternatif Diabetes, Tempat Terapi Diabetes, ...",
                "thumbnails": {
                    "default": {
                        "url": "https://i.ytimg.com/vi/TPejZoVfA5o/default.jpg",
                        "width": 120,
                        "height": 90
                    },
                    "medium": {
                        "url": "https://i.ytimg.com/vi/TPejZoVfA5o/mqdefault.jpg",
                        "width": 320,
                        "height": 180
                    },
                    "high": {
                        "url": "https://i.ytimg.com/vi/TPejZoVfA5o/hqdefault.jpg",
                        "width": 480,
                        "height": 360
                    }
                },
                "channelTitle": "Pengobatan Diabetes",
                "liveBroadcastContent": "none",
                "publishTime": "2022-02-03T06:53:34Z"
            }
        },
        {
            "kind": "youtube#searchResult",
            "etag": "MifeLZcz2-JKj-s_QcLi1k-cldM",
            "id": {
                "kind": "youtube#video",
                "videoId": "6RCXy71VXkk"
            },
            "snippet": {
                "publishedAt": "2022-02-03T06:04:21Z",
                "channelId": "UChslIxMuodGkF2-INi_Psyw",
                "title": "TERBUKTI, CALL/WA 0813-3155-1900, Pijat Penyakit Diabetes",
                "description": "Klik Https://WA.me/6281331551900, Klinik Diabetes Surabaya, Tempat Pengobatan Alternatif Diabetes, Tempat Terapi Diabetes, ...",
                "thumbnails": {
                    "default": {
                        "url": "https://i.ytimg.com/vi/6RCXy71VXkk/default.jpg",
                        "width": 120,
                        "height": 90
                    },
                    "medium": {
                        "url": "https://i.ytimg.com/vi/6RCXy71VXkk/mqdefault.jpg",
                        "width": 320,
                        "height": 180
                    },
                    "high": {
                        "url": "https://i.ytimg.com/vi/6RCXy71VXkk/hqdefault.jpg",
                        "width": 480,
                        "height": 360
                    }
                },
                "channelTitle": "Senja Jingga",
                "liveBroadcastContent": "none",
                "publishTime": "2022-02-03T06:04:21Z"
            }
        },
        {
            "kind": "youtube#searchResult",
            "etag": "tTKx7xFsCfGOLduoNYj_KBgasVo",
            "id": {
                "kind": "youtube#video",
                "videoId": "_gdmXcYPGeQ"
            },
            "snippet": {
                "publishedAt": "2015-09-24T13:22:23Z",
                "channelId": "UCGc_4P3uNXmizMpOTqbQJPw",
                "title": "HERBAL PUTIH Menyembuhkan penyakit DIABETES tanpa AMPUTASI Dan SUNTIK INSULIN",
                "description": "HERBAL PUTIH Adalah Satu - satunya Pengobatan Khusus Tanpa AMPUTASI & SUNTIK INSULIN.",
                "thumbnails": {
                    "default": {
                        "url": "https://i.ytimg.com/vi/_gdmXcYPGeQ/default.jpg",
                        "width": 120,
                        "height": 90
                    },
                    "medium": {
                        "url": "https://i.ytimg.com/vi/_gdmXcYPGeQ/mqdefault.jpg",
                        "width": 320,
                        "height": 180
                    },
                    "high": {
                        "url": "https://i.ytimg.com/vi/_gdmXcYPGeQ/hqdefault.jpg",
                        "width": 480,
                        "height": 360
                    }
                },
                "channelTitle": "Herbal Putih",
                "liveBroadcastContent": "none",
                "publishTime": "2015-09-24T13:22:23Z"
            }
        },
        {
            "kind": "youtube#searchResult",
            "etag": "d2s_vf4mNkCupr2Ejgjqcr5XjQI",
            "id": {
                "kind": "youtube#video",
                "videoId": "RSawabnh-Ps"
            },
            "snippet": {
                "publishedAt": "2019-03-17T13:50:59Z",
                "channelId": "UCmGzAj6gObYHoj4NbIwaGuQ",
                "title": "PENYEMBUHAN PENYAKIT DIABETES DALAM WAKTU 2 MINGGU",
                "description": "Silakan mencoba, karena tidak membutuhkan biaya yang besar. Semoga ALLAH SWT memberi kesembuhan lewat air kelapa ...",
                "thumbnails": {
                    "default": {
                        "url": "https://i.ytimg.com/vi/RSawabnh-Ps/default.jpg",
                        "width": 120,
                        "height": 90
                    },
                    "medium": {
                        "url": "https://i.ytimg.com/vi/RSawabnh-Ps/mqdefault.jpg",
                        "width": 320,
                        "height": 180
                    },
                    "high": {
                        "url": "https://i.ytimg.com/vi/RSawabnh-Ps/hqdefault.jpg",
                        "width": 480,
                        "height": 360
                    }
                },
                "channelTitle": "Life Education",
                "liveBroadcastContent": "none",
                "publishTime": "2019-03-17T13:50:59Z"
            }
        },
        {
            "kind": "youtube#searchResult",
            "etag": "bXtl3kKCNHW82cI_29Kr1kZdLm0",
            "id": {
                "kind": "youtube#video",
                "videoId": "pmKwnl5wEN4"
            },
            "snippet": {
                "publishedAt": "2022-02-03T17:58:51Z",
                "channelId": "UCxjRVuE97iJ5ER9-9zWeycw",
                "title": "Testimoni penyakit Diabetes bersama MR-Bios",
                "description": "Alhamdulillah wasilah produk NOS nutrisi Mr dan Bio Siklus penyakit diabetes yang awalnya di diagnosa dokter dan d anjurkan ...",
                "thumbnails": {
                    "default": {
                        "url": "https://i.ytimg.com/vi/pmKwnl5wEN4/default.jpg",
                        "width": 120,
                        "height": 90
                    },
                    "medium": {
                        "url": "https://i.ytimg.com/vi/pmKwnl5wEN4/mqdefault.jpg",
                        "width": 320,
                        "height": 180
                    },
                    "high": {
                        "url": "https://i.ytimg.com/vi/pmKwnl5wEN4/hqdefault.jpg",
                        "width": 480,
                        "height": 360
                    }
                },
                "channelTitle": "UD lukmarti sisputra",
                "liveBroadcastContent": "none",
                "publishTime": "2022-02-03T17:58:51Z"
            }
        },
        {
            "kind": "youtube#searchResult",
            "etag": "0ExHI6UlJDZbMPr27jOmj7rN1pE",
            "id": {
                "kind": "youtube#video",
                "videoId": "HuJAt4esDU4"
            },
            "snippet": {
                "publishedAt": "2017-10-06T08:49:02Z",
                "channelId": "UCGFqiX2a9E7cnupH6Ju12bA",
                "title": "Kehidupan Kedua dari Penyakit Diabetes",
                "description": "Kadar gula darah dan tensi darah yang sangat tinggi membuat Amelia Paskalina Luntungan tidak sadarkan diri selama 12 jam.",
                "thumbnails": {
                    "default": {
                        "url": "https://i.ytimg.com/vi/HuJAt4esDU4/default.jpg",
                        "width": 120,
                        "height": 90
                    },
                    "medium": {
                        "url": "https://i.ytimg.com/vi/HuJAt4esDU4/mqdefault.jpg",
                        "width": 320,
                        "height": 180
                    },
                    "high": {
                        "url": "https://i.ytimg.com/vi/HuJAt4esDU4/hqdefault.jpg",
                        "width": 480,
                        "height": 360
                    }
                },
                "channelTitle": "UNIHEALTH ID",
                "liveBroadcastContent": "none",
                "publishTime": "2017-10-06T08:49:02Z"
            }
        },
        {
            "kind": "youtube#searchResult",
            "etag": "sz9JRyoanWqZnhgV1pwbOSWnySE",
            "id": {
                "kind": "youtube#video",
                "videoId": "3Mza0I5X810"
            },
            "snippet": {
                "publishedAt": "2016-04-05T07:47:55Z",
                "channelId": "UCQluGrieOjeKpzqv70B_IVA",
                "title": "KESAKSIAN DARI BIO ALPHA TENTANG PENYAKIT DIABETES",
                "description": "KESAKSIAN PENYAKIT DIABETES BISA SEMBUH TANPA HARUS DIAMPUTASI, SILAHKAN BERGABUNG DAN BELI ...",
                "thumbnails": {
                    "default": {
                        "url": "https://i.ytimg.com/vi/3Mza0I5X810/default.jpg",
                        "width": 120,
                        "height": 90
                    },
                    "medium": {
                        "url": "https://i.ytimg.com/vi/3Mza0I5X810/mqdefault.jpg",
                        "width": 320,
                        "height": 180
                    },
                    "high": {
                        "url": "https://i.ytimg.com/vi/3Mza0I5X810/hqdefault.jpg",
                        "width": 480,
                        "height": 360
                    }
                },
                "channelTitle": "Ponco Handriyatmoko",
                "liveBroadcastContent": "none",
                "publishTime": "2016-04-05T07:47:55Z"
            }
        },
        {
            "kind": "youtube#searchResult",
            "etag": "b3HHjWl4B_9d6aaHGiwLH5mIZmY",
            "id": {
                "kind": "youtube#video",
                "videoId": "_4Pi9Yziozc"
            },
            "snippet": {
                "publishedAt": "2015-06-06T02:10:14Z",
                "channelId": "UCnVJqEbSkunRgEXMYKyVqYQ",
                "title": "Bagaimana Penyakit Diabetes Melitus Terjadi ?",
                "description": "Bagaimana Penyakit Diabetes Melitus Terjadi ? dan apa penyebab dari penyakit diabetes melitus ini ? brikut kami sampaikan ...",
                "thumbnails": {
                    "default": {
                        "url": "https://i.ytimg.com/vi/_4Pi9Yziozc/default.jpg",
                        "width": 120,
                        "height": 90
                    },
                    "medium": {
                        "url": "https://i.ytimg.com/vi/_4Pi9Yziozc/mqdefault.jpg",
                        "width": 320,
                        "height": 180
                    },
                    "high": {
                        "url": "https://i.ytimg.com/vi/_4Pi9Yziozc/hqdefault.jpg",
                        "width": 480,
                        "height": 360
                    }
                },
                "channelTitle": "QnC Jelly Gamat Original",
                "liveBroadcastContent": "none",
                "publishTime": "2015-06-06T02:10:14Z"
            }
        },
        {
            "kind": "youtube#searchResult",
            "etag": "-J_epTqL2BqhrON3kNoUJKM32Pg",
            "id": {
                "kind": "youtube#video",
                "videoId": "_rAbnL8ifjk"
            },
            "snippet": {
                "publishedAt": "2019-09-02T05:46:42Z",
                "channelId": "UC0ef5xfmr0nEdDfImbu0UYw",
                "title": "Selama 20 tahun menderita penyakit diabetes sembuh hanya dalam hitungan Minggu",
                "description": "Ditangani oleh Sang Pakar Herbal Indonesia Bunda Halimah bapak Ngadiyono asal Jepara yang kini sudah sembuh total dan ...",
                "thumbnails": {
                    "default": {
                        "url": "https://i.ytimg.com/vi/_rAbnL8ifjk/default.jpg",
                        "width": 120,
                        "height": 90
                    },
                    "medium": {
                        "url": "https://i.ytimg.com/vi/_rAbnL8ifjk/mqdefault.jpg",
                        "width": 320,
                        "height": 180
                    },
                    "high": {
                        "url": "https://i.ytimg.com/vi/_rAbnL8ifjk/hqdefault.jpg",
                        "width": 480,
                        "height": 360
                    }
                },
                "channelTitle": "H5 management",
                "liveBroadcastContent": "none",
                "publishTime": "2019-09-02T05:46:42Z"
            }
        },
        {
            "kind": "youtube#searchResult",
            "etag": "TcTiWgLEi_UB8phheZCEFJQgmYI",
            "id": {
                "kind": "youtube#video",
                "videoId": "VielYkDzwXc"
            },
            "snippet": {
                "publishedAt": "2022-03-04T13:51:36Z",
                "channelId": "UCCrUDxhW_Hn8nN8rCHfBAdw",
                "title": "Magic life.Testimoni Penyakit DIABETES info produk hubungi WA 085298800077",
                "description": "Video dari Abu Sa'id.",
                "thumbnails": {
                    "default": {
                        "url": "https://i.ytimg.com/vi/VielYkDzwXc/default.jpg",
                        "width": 120,
                        "height": 90
                    },
                    "medium": {
                        "url": "https://i.ytimg.com/vi/VielYkDzwXc/mqdefault.jpg",
                        "width": 320,
                        "height": 180
                    },
                    "high": {
                        "url": "https://i.ytimg.com/vi/VielYkDzwXc/hqdefault.jpg",
                        "width": 480,
                        "height": 360
                    }
                },
                "channelTitle": "Arief Lakudo",
                "liveBroadcastContent": "none",
                "publishTime": "2022-03-04T13:51:36Z"
            }
        },
        {
            "kind": "youtube#searchResult",
            "etag": "qcplVvHG7EiLBhLcrFxwY4rfprg",
            "id": {
                "kind": "youtube#video",
                "videoId": "1Afpa9kXARA"
            },
            "snippet": {
                "publishedAt": "2020-08-10T15:56:41Z",
                "channelId": "UCi4VihIdkjH1H4vP0OS1Ecg",
                "title": "SECARA NISKALA PENYAKIT DIABETES SEMBUH‼️ JRO MANGKU DARMA",
                "description": "lokasi ring banjar cegeng, sidemen, karangasem No hp jro mangku darma 0878-6152-6998 sane medue penyakit diabetes atau ...",
                "thumbnails": {
                    "default": {
                        "url": "https://i.ytimg.com/vi/1Afpa9kXARA/default.jpg",
                        "width": 120,
                        "height": 90
                    },
                    "medium": {
                        "url": "https://i.ytimg.com/vi/1Afpa9kXARA/mqdefault.jpg",
                        "width": 320,
                        "height": 180
                    },
                    "high": {
                        "url": "https://i.ytimg.com/vi/1Afpa9kXARA/hqdefault.jpg",
                        "width": 480,
                        "height": 360
                    }
                },
                "channelTitle": "KANDAPAT TV",
                "liveBroadcastContent": "none",
                "publishTime": "2020-08-10T15:56:41Z"
            }
        },
        {
            "kind": "youtube#searchResult",
            "etag": "K60nySP9EAnXJN9EPhVQTkgmTgY",
            "id": {
                "kind": "youtube#video",
                "videoId": "jy0ayX7ErDc"
            },
            "snippet": {
                "publishedAt": "2017-11-24T12:22:37Z",
                "channelId": "UCOxPCF84pAuWGTmtrRwicBQ",
                "title": "Ternyata Hilangkan penyakit diabetes, jantung dan kanker dengan telur yang dimasak seperti ini",
                "description": "",
                "thumbnails": {
                    "default": {
                        "url": "https://i.ytimg.com/vi/jy0ayX7ErDc/default.jpg",
                        "width": 120,
                        "height": 90
                    },
                    "medium": {
                        "url": "https://i.ytimg.com/vi/jy0ayX7ErDc/mqdefault.jpg",
                        "width": 320,
                        "height": 180
                    },
                    "high": {
                        "url": "https://i.ytimg.com/vi/jy0ayX7ErDc/hqdefault.jpg",
                        "width": 480,
                        "height": 360
                    }
                },
                "channelTitle": "murni ambarwati",
                "liveBroadcastContent": "none",
                "publishTime": "2017-11-24T12:22:37Z"
            }
        },
        {
            "kind": "youtube#searchResult",
            "etag": "evX7U-maRK54lLtrZfmqayB-0VA",
            "id": {
                "kind": "youtube#video",
                "videoId": "KphsFaIZf5k"
            },
            "snippet": {
                "publishedAt": "2014-01-23T11:50:45Z",
                "channelId": "UCE8QqR-74UMGy13wYdumrwQ",
                "title": "gejala dan ciri ciri penyakit diabetes melitus tipe 2 dan bagaimana cara mengobati nya",
                "description": "KLIK DISINI : http://jendelasehat.com Hubungi : 08161672703 (SMS/Whatsapp/Line) Pin BBM D64C7041 gejala dan ciri ciri ...",
                "thumbnails": {
                    "default": {
                        "url": "https://i.ytimg.com/vi/KphsFaIZf5k/default.jpg",
                        "width": 120,
                        "height": 90
                    },
                    "medium": {
                        "url": "https://i.ytimg.com/vi/KphsFaIZf5k/mqdefault.jpg",
                        "width": 320,
                        "height": 180
                    },
                    "high": {
                        "url": "https://i.ytimg.com/vi/KphsFaIZf5k/hqdefault.jpg",
                        "width": 480,
                        "height": 360
                    }
                },
                "channelTitle": "Hera Anwar",
                "liveBroadcastContent": "none",
                "publishTime": "2014-01-23T11:50:45Z"
            }
        },
        {
            "kind": "youtube#searchResult",
            "etag": "SYFL8UN7Xvl7OAGWrpCzXdxO4xc",
            "id": {
                "kind": "youtube#video",
                "videoId": "OcGHGdAvBy0"
            },
            "snippet": {
                "publishedAt": "2015-11-06T11:42:57Z",
                "channelId": "UCMUEQpQWTKEGvzTCjO34lnw",
                "title": "082288421001(TELKOMSEL), OBAT UNTUK DIABETES, DIABETES MELITUS, PENYAKIT DIABETES",
                "description": "085264647264(TELKOMSEL), Pengobatan Diabetes, Obat Diabetes Parah, Obat Untuk Diabetes Parah, Obat Diabetes Yang ...",
                "thumbnails": {
                    "default": {
                        "url": "https://i.ytimg.com/vi/OcGHGdAvBy0/default.jpg",
                        "width": 120,
                        "height": 90
                    },
                    "medium": {
                        "url": "https://i.ytimg.com/vi/OcGHGdAvBy0/mqdefault.jpg",
                        "width": 320,
                        "height": 180
                    },
                    "high": {
                        "url": "https://i.ytimg.com/vi/OcGHGdAvBy0/hqdefault.jpg",
                        "width": 480,
                        "height": 360
                    }
                },
                "channelTitle": "Diabetes Mellitus",
                "liveBroadcastContent": "none",
                "publishTime": "2015-11-06T11:42:57Z"
            }
        },
        {
            "kind": "youtube#searchResult",
            "etag": "YrkMp0o0vDl09XnpPlILqIXlv-o",
            "id": {
                "kind": "youtube#video",
                "videoId": "Mq6OIt5rx9g"
            },
            "snippet": {
                "publishedAt": "2013-12-16T03:43:05Z",
                "channelId": "UCmEGNM7NSPnNbqKm9EwYo5Q",
                "title": "Cara Mengobati Diabetes Kering - Cara Mengobati Penyakit Diabetes Melitus",
                "description": "Hubungi Pin BB: 2A3A5F82 , 2667011E , No telp : 0857 71500 908 , 0857 71500 909. Diabetes bisa diatasi oleh obat herbal ...",
                "thumbnails": {
                    "default": {
                        "url": "https://i.ytimg.com/vi/Mq6OIt5rx9g/default.jpg",
                        "width": 120,
                        "height": 90
                    },
                    "medium": {
                        "url": "https://i.ytimg.com/vi/Mq6OIt5rx9g/mqdefault.jpg",
                        "width": 320,
                        "height": 180
                    },
                    "high": {
                        "url": "https://i.ytimg.com/vi/Mq6OIt5rx9g/hqdefault.jpg",
                        "width": 480,
                        "height": 360
                    }
                },
                "channelTitle": "Konsultan Diabet",
                "liveBroadcastContent": "none",
                "publishTime": "2013-12-16T03:43:05Z"
            }
        },
        {
            "kind": "youtube#searchResult",
            "etag": "9GaWss4ecVUmQuSFPvByPCyqQ2g",
            "id": {
                "kind": "youtube#video",
                "videoId": "Q3lWafFtV-Q"
            },
            "snippet": {
                "publishedAt": "2013-09-16T13:25:09Z",
                "channelId": "UCpju8fs16x_gmVdjQF7jEIg",
                "title": "Cara mengobati penyakit diabetes atau kencing manis",
                "description": "Info Produk Nasa untuk Penyakit diabetetes Millitus http://tokonaturalnusantara.com Call: 081328667771 Diabetes Millitus Suatu ...",
                "thumbnails": {
                    "default": {
                        "url": "https://i.ytimg.com/vi/Q3lWafFtV-Q/default.jpg",
                        "width": 120,
                        "height": 90
                    },
                    "medium": {
                        "url": "https://i.ytimg.com/vi/Q3lWafFtV-Q/mqdefault.jpg",
                        "width": 320,
                        "height": 180
                    },
                    "high": {
                        "url": "https://i.ytimg.com/vi/Q3lWafFtV-Q/hqdefault.jpg",
                        "width": 480,
                        "height": 360
                    }
                },
                "channelTitle": "cara budidaya",
                "liveBroadcastContent": "none",
                "publishTime": "2013-09-16T13:25:09Z"
            }
        },
        {
            "kind": "youtube#searchResult",
            "etag": "Jj9wnx4Vpdcr2qxyH-6jkvgJaKQ",
            "id": {
                "kind": "youtube#video",
                "videoId": "_rsiLj7RgEg"
            },
            "snippet": {
                "publishedAt": "2017-12-29T07:13:46Z",
                "channelId": "UCX81-da4yBzIBNInLtUBy3w",
                "title": "Testimoni QNC Jelly Gamat Penyakit Diabetes &amp; Kolesterol",
                "description": "\"nama saya ibu musrawati usia saya 67 tahun.saya sakit diabetes dan kolesterol sejak tahun 2015 dan saya sudah berobat ke ...",
                "thumbnails": {
                    "default": {
                        "url": "https://i.ytimg.com/vi/_rsiLj7RgEg/default.jpg",
                        "width": 120,
                        "height": 90
                    },
                    "medium": {
                        "url": "https://i.ytimg.com/vi/_rsiLj7RgEg/mqdefault.jpg",
                        "width": 320,
                        "height": 180
                    },
                    "high": {
                        "url": "https://i.ytimg.com/vi/_rsiLj7RgEg/hqdefault.jpg",
                        "width": 480,
                        "height": 360
                    }
                },
                "channelTitle": "saepul aziz kantor",
                "liveBroadcastContent": "none",
                "publishTime": "2017-12-29T07:13:46Z"
            }
        },
        {
            "kind": "youtube#searchResult",
            "etag": "pUJNfjjp47IYZArH0o3XV0JHJvQ",
            "id": {
                "kind": "youtube#video",
                "videoId": "idoTFv1hEOU"
            },
            "snippet": {
                "publishedAt": "2018-04-04T16:42:58Z",
                "channelId": "UCtDJLSfwgpC5yEk4ltuYMMA",
                "title": "cara menyembukhan penyakit diabetes sangat parah bisa sembuh cuma 3 bulan tanpa ke rumah sakit",
                "description": "penderita diabetes sulit sekali disembuhkan karena kadar gula darah yang tinggi. Luka itu umumnya di kaki. Mengapa? Secara ...",
                "thumbnails": {
                    "default": {
                        "url": "https://i.ytimg.com/vi/idoTFv1hEOU/default.jpg",
                        "width": 120,
                        "height": 90
                    },
                    "medium": {
                        "url": "https://i.ytimg.com/vi/idoTFv1hEOU/mqdefault.jpg",
                        "width": 320,
                        "height": 180
                    },
                    "high": {
                        "url": "https://i.ytimg.com/vi/idoTFv1hEOU/hqdefault.jpg",
                        "width": 480,
                        "height": 360
                    }
                },
                "channelTitle": "Download Game",
                "liveBroadcastContent": "none",
                "publishTime": "2018-04-04T16:42:58Z"
            }
        },
        {
            "kind": "youtube#searchResult",
            "etag": "lkrabCcD11jKtukoQfpcBtqhGyM",
            "id": {
                "kind": "youtube#video",
                "videoId": "o0SNEa2jTI4"
            },
            "snippet": {
                "publishedAt": "2019-10-08T01:30:01Z",
                "channelId": "UCb2wr_Sy9rnNRgzmYX1LULw",
                "title": "Telah di Temukan! Cara Menyembuhkan Penyakit Diabetes Secara Alami | Obat Diabetes",
                "description": "Telah di Temukan! Cara Menyembuhkan Penyakit Diabetes Secara Alami | Obat Diabetes Telah di Temukan!",
                "thumbnails": {
                    "default": {
                        "url": "https://i.ytimg.com/vi/o0SNEa2jTI4/default.jpg",
                        "width": 120,
                        "height": 90
                    },
                    "medium": {
                        "url": "https://i.ytimg.com/vi/o0SNEa2jTI4/mqdefault.jpg",
                        "width": 320,
                        "height": 180
                    },
                    "high": {
                        "url": "https://i.ytimg.com/vi/o0SNEa2jTI4/hqdefault.jpg",
                        "width": 480,
                        "height": 360
                    }
                },
                "channelTitle": "Sangat Nyata",
                "liveBroadcastContent": "none",
                "publishTime": "2019-10-08T01:30:01Z"
            }
        },
        {
            "kind": "youtube#searchResult",
            "etag": "4GXNbULD7BlpM9tYcwntjh9Xkio",
            "id": {
                "kind": "youtube#video",
                "videoId": "53lykTkYkJc"
            },
            "snippet": {
                "publishedAt": "2022-02-09T11:30:06Z",
                "channelId": "UC9NHsgRm6Ou0nG6Igy4juRw",
                "title": "Cara penyembuhan penyakit diabetes menurut ahlinya (Dr. R Setio budiprajitno)",
                "description": "Trik penyembuhan pasien diabetes dengan teknologi transdermal.",
                "thumbnails": {
                    "default": {
                        "url": "https://i.ytimg.com/vi/53lykTkYkJc/default.jpg",
                        "width": 120,
                        "height": 90
                    },
                    "medium": {
                        "url": "https://i.ytimg.com/vi/53lykTkYkJc/mqdefault.jpg",
                        "width": 320,
                        "height": 180
                    },
                    "high": {
                        "url": "https://i.ytimg.com/vi/53lykTkYkJc/hqdefault.jpg",
                        "width": 480,
                        "height": 360
                    }
                },
                "channelTitle": "onemore peduli",
                "liveBroadcastContent": "none",
                "publishTime": "2022-02-09T11:30:06Z"
            }
        },
        {
            "kind": "youtube#searchResult",
            "etag": "p3hVWUGxIEUvACygJWXEsfNnlBA",
            "id": {
                "kind": "youtube#video",
                "videoId": "LHG6ExkuiBM"
            },
            "snippet": {
                "publishedAt": "2016-09-09T16:30:38Z",
                "channelId": "UCjO00j5Ic0I0Ui590-Pla6g",
                "title": "Ionasis - Ibu Tuti 67 tahun, Terbebas dari Penyakit Diabetes &amp; Tumor Jinak",
                "description": "www.ionasis.com.",
                "thumbnails": {
                    "default": {
                        "url": "https://i.ytimg.com/vi/LHG6ExkuiBM/default.jpg",
                        "width": 120,
                        "height": 90
                    },
                    "medium": {
                        "url": "https://i.ytimg.com/vi/LHG6ExkuiBM/mqdefault.jpg",
                        "width": 320,
                        "height": 180
                    },
                    "high": {
                        "url": "https://i.ytimg.com/vi/LHG6ExkuiBM/hqdefault.jpg",
                        "width": 480,
                        "height": 360
                    }
                },
                "channelTitle": "Prima Alam Internasional",
                "liveBroadcastContent": "none",
                "publishTime": "2016-09-09T16:30:38Z"
            }
        },
        {
            "kind": "youtube#searchResult",
            "etag": "9PMbu9Y7tLJOUzPlvKE4IBRjzhI",
            "id": {
                "kind": "youtube#video",
                "videoId": "gAFXLBO3Blc"
            },
            "snippet": {
                "publishedAt": "2015-12-21T01:37:58Z",
                "channelId": "UCHR_BiM31F2t-ZYkfF5EQSA",
                "title": "081226570627 - Obat Alami Untuk Menyembuhkan Penyakit Diabetes",
                "description": "Obat Alami Untuk Menyembuhkan Penyakit Diabetes - 081226570627 (obat untuk menyembuhkan penyakit gula darah, obat ...",
                "thumbnails": {
                    "default": {
                        "url": "https://i.ytimg.com/vi/gAFXLBO3Blc/default.jpg",
                        "width": 120,
                        "height": 90
                    },
                    "medium": {
                        "url": "https://i.ytimg.com/vi/gAFXLBO3Blc/mqdefault.jpg",
                        "width": 320,
                        "height": 180
                    },
                    "high": {
                        "url": "https://i.ytimg.com/vi/gAFXLBO3Blc/hqdefault.jpg",
                        "width": 480,
                        "height": 360
                    }
                },
                "channelTitle": "Minyak ikan",
                "liveBroadcastContent": "none",
                "publishTime": "2015-12-21T01:37:58Z"
            }
        },
        {
            "kind": "youtube#searchResult",
            "etag": "ITjLpBa97P6BOu62nC48rXCxhHE",
            "id": {
                "kind": "youtube#video",
                "videoId": "EKwkivWz23E"
            },
            "snippet": {
                "publishedAt": "2020-02-04T12:53:01Z",
                "channelId": "UCVMHgWF1ubH24EcrDVPm1Vg",
                "title": "Penyakit diabetes dan pengobatan secara herbal",
                "description": "Asalamualaikum wr wb halo teman-teman ketemu lagi di channel saya untuk kesempatan kali ini saya berbagi informasi ...",
                "thumbnails": {
                    "default": {
                        "url": "https://i.ytimg.com/vi/EKwkivWz23E/default.jpg",
                        "width": 120,
                        "height": 90
                    },
                    "medium": {
                        "url": "https://i.ytimg.com/vi/EKwkivWz23E/mqdefault.jpg",
                        "width": 320,
                        "height": 180
                    },
                    "high": {
                        "url": "https://i.ytimg.com/vi/EKwkivWz23E/hqdefault.jpg",
                        "width": 480,
                        "height": 360
                    }
                },
                "channelTitle": "Jamil Ashari Official",
                "liveBroadcastContent": "none",
                "publishTime": "2020-02-04T12:53:01Z"
            }
        },
        {
            "kind": "youtube#searchResult",
            "etag": "49n5buVQhWQN3TIO2l0EwRWSlk8",
            "id": {
                "kind": "youtube#video",
                "videoId": "5MHhxk5sPvM"
            },
            "snippet": {
                "publishedAt": "2017-10-26T03:02:41Z",
                "channelId": "UCvPYDrD6MUGX5aceX767ycg",
                "title": "Obat Diabetes Terbaik dan Terbukti untuk membantu penyembuhan penyakit diabetes anda ,085372726338",
                "description": "Kunjungi Kami di Jalan Setia Budi Gang Rahmad No. 7 Medan Untuk Mendapatkan Produk Dan Konsultasi Online, Mohon ...",
                "thumbnails": {
                    "default": {
                        "url": "https://i.ytimg.com/vi/5MHhxk5sPvM/default.jpg",
                        "width": 120,
                        "height": 90
                    },
                    "medium": {
                        "url": "https://i.ytimg.com/vi/5MHhxk5sPvM/mqdefault.jpg",
                        "width": 320,
                        "height": 180
                    },
                    "high": {
                        "url": "https://i.ytimg.com/vi/5MHhxk5sPvM/hqdefault.jpg",
                        "width": 480,
                        "height": 360
                    }
                },
                "channelTitle": "Obat Diabetes Paling Ampuh",
                "liveBroadcastContent": "none",
                "publishTime": "2017-10-26T03:02:41Z"
            }
        },
        {
            "kind": "youtube#searchResult",
            "etag": "X0mSyrzLkjifDk1Pm90hPNsn5aQ",
            "id": {
                "kind": "youtube#video",
                "videoId": "f-O7lHUzst8"
            },
            "snippet": {
                "publishedAt": "2019-08-01T20:04:48Z",
                "channelId": "UC0MptC9D-H4XWPCkWd9_mbQ",
                "title": "Testimoni Penyakit Diabetes &amp; Eksim Dengan Rokok Sin Herbal",
                "description": "Testimoni Penyakit Diabetes & Eksim Dengan Rokok Sin Herbal Untuk info: wa 0823 2000 5665 /089890 1 4746 #testimonisin, ...",
                "thumbnails": {
                    "default": {
                        "url": "https://i.ytimg.com/vi/f-O7lHUzst8/default.jpg",
                        "width": 120,
                        "height": 90
                    },
                    "medium": {
                        "url": "https://i.ytimg.com/vi/f-O7lHUzst8/mqdefault.jpg",
                        "width": 320,
                        "height": 180
                    },
                    "high": {
                        "url": "https://i.ytimg.com/vi/f-O7lHUzst8/hqdefault.jpg",
                        "width": 480,
                        "height": 360
                    }
                },
                "channelTitle": "Ar-rohman Ar-rohim",
                "liveBroadcastContent": "none",
                "publishTime": "2019-08-01T20:04:48Z"
            }
        },
        {
            "kind": "youtube#searchResult",
            "etag": "mxHfIRfxDWoVQO-lM4YhZxEsjB4",
            "id": {
                "kind": "youtube#video",
                "videoId": "2UA4t7zSL4E"
            },
            "snippet": {
                "publishedAt": "2017-12-11T13:16:10Z",
                "channelId": "UCCCTF_ymZZ42NRGC2utDNXA",
                "title": "MediTea untuk Penderita DIABETES dan penyakit  DEGENERATIF lainnya",
                "description": "MediTea bermanfaat untuk membantu pengobatan penyakit Diabetes Melitus khususnya yang tipe 2,. Hal ini disebabkan karena ...",
                "thumbnails": {
                    "default": {
                        "url": "https://i.ytimg.com/vi/2UA4t7zSL4E/default.jpg",
                        "width": 120,
                        "height": 90
                    },
                    "medium": {
                        "url": "https://i.ytimg.com/vi/2UA4t7zSL4E/mqdefault.jpg",
                        "width": 320,
                        "height": 180
                    },
                    "high": {
                        "url": "https://i.ytimg.com/vi/2UA4t7zSL4E/hqdefault.jpg",
                        "width": 480,
                        "height": 360
                    }
                },
                "channelTitle": "Meditea Indonesia",
                "liveBroadcastContent": "none",
                "publishTime": "2017-12-11T13:16:10Z"
            }
        },
        {
            "kind": "youtube#searchResult",
            "etag": "k2_7r6Y_DMZhY39NJOh9t9ak6Rk",
            "id": {
                "kind": "youtube#video",
                "videoId": "Vt6HCn-J7Y8"
            },
            "snippet": {
                "publishedAt": "2022-03-04T04:48:24Z",
                "channelId": "UCf-ML2-IdP6yg2ZaHRk_XWA",
                "title": "Testimoni Mosehat Diabetes - Bp. Slamet Mulyono, Kudus",
                "description": "Testimoni Mosehat Penyakit Diabetes Sumber ...",
                "thumbnails": {
                    "default": {
                        "url": "https://i.ytimg.com/vi/Vt6HCn-J7Y8/default.jpg",
                        "width": 120,
                        "height": 90
                    },
                    "medium": {
                        "url": "https://i.ytimg.com/vi/Vt6HCn-J7Y8/mqdefault.jpg",
                        "width": 320,
                        "height": 180
                    },
                    "high": {
                        "url": "https://i.ytimg.com/vi/Vt6HCn-J7Y8/hqdefault.jpg",
                        "width": 480,
                        "height": 360
                    }
                },
                "channelTitle": "Doni Bastian",
                "liveBroadcastContent": "none",
                "publishTime": "2022-03-04T04:48:24Z"
            }
        },
        {
            "kind": "youtube#searchResult",
            "etag": "vr5f8ntB0BLdSo6ICSdLxM1n8xY",
            "id": {
                "kind": "youtube#video",
                "videoId": "7UARHzcZxB4"
            },
            "snippet": {
                "publishedAt": "2022-03-04T04:42:29Z",
                "channelId": "UCf-ML2-IdP6yg2ZaHRk_XWA",
                "title": "Testimoni Mosehat Diabetes - H. Madina (54 Tahun)",
                "description": "Testimoni Mosehat Penyakit Diabetes Sumber ...",
                "thumbnails": {
                    "default": {
                        "url": "https://i.ytimg.com/vi/7UARHzcZxB4/default.jpg",
                        "width": 120,
                        "height": 90
                    },
                    "medium": {
                        "url": "https://i.ytimg.com/vi/7UARHzcZxB4/mqdefault.jpg",
                        "width": 320,
                        "height": 180
                    },
                    "high": {
                        "url": "https://i.ytimg.com/vi/7UARHzcZxB4/hqdefault.jpg",
                        "width": 480,
                        "height": 360
                    }
                },
                "channelTitle": "Doni Bastian",
                "liveBroadcastContent": "none",
                "publishTime": "2022-03-04T04:42:29Z"
            }
        },
        {
            "kind": "youtube#searchResult",
            "etag": "r_PyO2QP9I9Xxy2T1EviDhejnhc",
            "id": {
                "kind": "youtube#video",
                "videoId": "52OAmrOgKaY"
            },
            "snippet": {
                "publishedAt": "2018-07-29T17:37:24Z",
                "channelId": "UCY3dxA0lL3MAm-NUpz1M5cA",
                "title": "Penyakit Diabetes Basah | Testimoni Dengan Melia-Propolis",
                "description": "Penyakit Diabetes Basah | Testimoni Dengan Melia-Propolis Penyakit diabetes basah di sekujur kaki Di obati dengan Melia ...",
                "thumbnails": {
                    "default": {
                        "url": "https://i.ytimg.com/vi/52OAmrOgKaY/default.jpg",
                        "width": 120,
                        "height": 90
                    },
                    "medium": {
                        "url": "https://i.ytimg.com/vi/52OAmrOgKaY/mqdefault.jpg",
                        "width": 320,
                        "height": 180
                    },
                    "high": {
                        "url": "https://i.ytimg.com/vi/52OAmrOgKaY/hqdefault.jpg",
                        "width": 480,
                        "height": 360
                    }
                },
                "channelTitle": "CHOLIS 234",
                "liveBroadcastContent": "none",
                "publishTime": "2018-07-29T17:37:24Z"
            }
        },
        {
            "kind": "youtube#searchResult",
            "etag": "NVJcaNcnNFEJncIqtpOayOfrww0",
            "id": {
                "kind": "youtube#video",
                "videoId": "avwcn4EOYfw"
            },
            "snippet": {
                "publishedAt": "2022-03-04T04:31:37Z",
                "channelId": "UCf-ML2-IdP6yg2ZaHRk_XWA",
                "title": "Testimoni Mosehat Diabetes - Ibu Siti Hajar, Aceh",
                "description": "Testimoni Mosehat Penyakit Diabetes Sumber ...",
                "thumbnails": {
                    "default": {
                        "url": "https://i.ytimg.com/vi/avwcn4EOYfw/default.jpg",
                        "width": 120,
                        "height": 90
                    },
                    "medium": {
                        "url": "https://i.ytimg.com/vi/avwcn4EOYfw/mqdefault.jpg",
                        "width": 320,
                        "height": 180
                    },
                    "high": {
                        "url": "https://i.ytimg.com/vi/avwcn4EOYfw/hqdefault.jpg",
                        "width": 480,
                        "height": 360
                    }
                },
                "channelTitle": "Doni Bastian",
                "liveBroadcastContent": "none",
                "publishTime": "2022-03-04T04:31:37Z"
            }
        },
        {
            "kind": "youtube#searchResult",
            "etag": "yCCptE1CrX42E_T8BtyICLoQMqY",
            "id": {
                "kind": "youtube#video",
                "videoId": "rVzlm71qdOU"
            },
            "snippet": {
                "publishedAt": "2022-02-25T04:00:29Z",
                "channelId": "UCrWyJx6zq73S71Lg9QSe6YA",
                "title": "WA 0812 3039 4909 Suplier Obat DiabetesDi Blitar",
                "description": "KLIK https://wa.me/6281230394909 , Obat Diabetes Alami – Klinik Online Blitar, Obat Diabetes Tipe 2 – Klinik Online Blitar, Obat ...",
                "thumbnails": {
                    "default": {
                        "url": "https://i.ytimg.com/vi/rVzlm71qdOU/default.jpg",
                        "width": 120,
                        "height": 90
                    },
                    "medium": {
                        "url": "https://i.ytimg.com/vi/rVzlm71qdOU/mqdefault.jpg",
                        "width": 320,
                        "height": 180
                    },
                    "high": {
                        "url": "https://i.ytimg.com/vi/rVzlm71qdOU/hqdefault.jpg",
                        "width": 480,
                        "height": 360
                    }
                },
                "channelTitle": "Suplier Obat Diabetes Blitar",
                "liveBroadcastContent": "none",
                "publishTime": "2022-02-25T04:00:29Z"
            }
        },
        {
            "kind": "youtube#searchResult",
            "etag": "0_aBWRd5GSE8_oIbgTjSn2s5bEo",
            "id": {
                "kind": "youtube#video",
                "videoId": "lFtTnYeuvRA"
            },
            "snippet": {
                "publishedAt": "2022-02-03T02:00:26Z",
                "channelId": "UCwERadClYHlTxMAyAEDMYew",
                "title": "9b. GRATIS, Sembuh Diabetes tanpa obat. MENDERITA 40TH, PENYAKIT ANKYLOSING SPONDYLITIS dll. part II",
                "description": "",
                "thumbnails": {
                    "default": {
                        "url": "https://i.ytimg.com/vi/lFtTnYeuvRA/default.jpg",
                        "width": 120,
                        "height": 90
                    },
                    "medium": {
                        "url": "https://i.ytimg.com/vi/lFtTnYeuvRA/mqdefault.jpg",
                        "width": 320,
                        "height": 180
                    },
                    "high": {
                        "url": "https://i.ytimg.com/vi/lFtTnYeuvRA/hqdefault.jpg",
                        "width": 480,
                        "height": 360
                    }
                },
                "channelTitle": "Andi Latif",
                "liveBroadcastContent": "none",
                "publishTime": "2022-02-03T02:00:26Z"
            }
        },
        {
            "kind": "youtube#searchResult",
            "etag": "iN87cyd1P5ZO5thjToVZ729WUFU",
            "id": {
                "kind": "youtube#video",
                "videoId": "rTjpL-FgR4g"
            },
            "snippet": {
                "publishedAt": "2022-03-02T13:02:24Z",
                "channelId": "UCBKaMTccZDQxAXqwfE-nVKw",
                "title": "LUKA DIABETES SEMBUH IKHTIAR HERBAL KUNYIT HITAM MALAYSIA WA 0822 9631 2618",
                "description": "Herbal Kunyit Hitam atau DR4 adalah Herbal Kunyit Hitam Paling Efektif untuk #DIABETES . Bagi anda yang sedang mencari ...",
                "thumbnails": {
                    "default": {
                        "url": "https://i.ytimg.com/vi/rTjpL-FgR4g/default.jpg",
                        "width": 120,
                        "height": 90
                    },
                    "medium": {
                        "url": "https://i.ytimg.com/vi/rTjpL-FgR4g/mqdefault.jpg",
                        "width": 320,
                        "height": 180
                    },
                    "high": {
                        "url": "https://i.ytimg.com/vi/rTjpL-FgR4g/hqdefault.jpg",
                        "width": 480,
                        "height": 360
                    }
                },
                "channelTitle": "Boy Pratama",
                "liveBroadcastContent": "none",
                "publishTime": "2022-03-02T13:02:24Z"
            }
        }
    ]
}