{
    "kind": "youtube#searchListResponse",
    "etag": "wqUgpdFvzwZ9WDFmILFkz5j14n4",
    "nextPageToken": "CKYEEAA",
    "prevPageToken": "CPQDEAE",
    "regionCode": "ID",
    "pageInfo": {
        "totalResults": 621025,
        "resultsPerPage": 50
    },
    "items": [
        {
            "kind": "youtube#searchResult",
            "etag": "qcGlC60TdJG56282MJcG-x3VkY0",
            "id": {
                "kind": "youtube#video",
                "videoId": "csy-3ts9jXU"
            },
            "snippet": {
                "publishedAt": "2022-01-19T10:22:01Z",
                "channelId": "UCVhFZ6UDA2bd80q1hCUnTNw",
                "title": "Cara mengenali Gejala Demam Berdarah (DBD)",
                "description": "Rawat_Inap #Rawat_Jalan #kia #laboratory #poligigi.",
                "thumbnails": {
                    "default": {
                        "url": "https://i.ytimg.com/vi/csy-3ts9jXU/default.jpg",
                        "width": 120,
                        "height": 90
                    },
                    "medium": {
                        "url": "https://i.ytimg.com/vi/csy-3ts9jXU/mqdefault.jpg",
                        "width": 320,
                        "height": 180
                    },
                    "high": {
                        "url": "https://i.ytimg.com/vi/csy-3ts9jXU/hqdefault.jpg",
                        "width": 480,
                        "height": 360
                    }
                },
                "channelTitle": "Klinik Safaraz",
                "liveBroadcastContent": "none",
                "publishTime": "2022-01-19T10:22:01Z"
            }
        },
        {
            "kind": "youtube#searchResult",
            "etag": "TrilpGhzcGPBMmgFcxUmTI5yrgQ",
            "id": {
                "kind": "youtube#video",
                "videoId": "avBpF5OUSmo"
            },
            "snippet": {
                "publishedAt": "2022-01-28T02:15:05Z",
                "channelId": "UC6JXAUeHI-eJsJLkYh-BY_g",
                "title": "BELASAN MENINGGAL,AKIBAT DEMAM BERDARAH,DI JAWA TIMUR",
                "description": "FOLLOW LIKE SHARE YOUTUBE DIAN YES CHANNEL TIK TOK DIAN YES MUSIC YOUTUBE DIAN YES MUSIC ...",
                "thumbnails": {
                    "default": {
                        "url": "https://i.ytimg.com/vi/avBpF5OUSmo/default.jpg",
                        "width": 120,
                        "height": 90
                    },
                    "medium": {
                        "url": "https://i.ytimg.com/vi/avBpF5OUSmo/mqdefault.jpg",
                        "width": 320,
                        "height": 180
                    },
                    "high": {
                        "url": "https://i.ytimg.com/vi/avBpF5OUSmo/hqdefault.jpg",
                        "width": 480,
                        "height": 360
                    }
                },
                "channelTitle": "DIAN YES CHANNEL",
                "liveBroadcastContent": "none",
                "publishTime": "2022-01-28T02:15:05Z"
            }
        },
        {
            "kind": "youtube#searchResult",
            "etag": "bFFRBDFcd18Le7q-X16Xdr4hBgA",
            "id": {
                "kind": "youtube#video",
                "videoId": "m63yPVjUUBE"
            },
            "snippet": {
                "publishedAt": "2022-03-04T09:33:59Z",
                "channelId": "UCBFuqUVq7PFol7-HLsqRfEw",
                "title": "Fogging - Aksi Cegah Demam Berdarah [KARANG TARUNA DESA CIHUNI] RT/RW 001/001 - 002/001",
                "description": "Kegiatan Fogging bersama Karang Taruna Desa Cihuni dalam rangka Aksi Cegah Demam Berdarah telah dilaksanakan. Dukung ...",
                "thumbnails": {
                    "default": {
                        "url": "https://i.ytimg.com/vi/m63yPVjUUBE/default.jpg",
                        "width": 120,
                        "height": 90
                    },
                    "medium": {
                        "url": "https://i.ytimg.com/vi/m63yPVjUUBE/mqdefault.jpg",
                        "width": 320,
                        "height": 180
                    },
                    "high": {
                        "url": "https://i.ytimg.com/vi/m63yPVjUUBE/hqdefault.jpg",
                        "width": 480,
                        "height": 360
                    }
                },
                "channelTitle": "Karang Taruna Cihuni",
                "liveBroadcastContent": "none",
                "publishTime": "2022-03-04T09:33:59Z"
            }
        },
        {
            "kind": "youtube#searchResult",
            "etag": "9ulNw0x9XFa-rVWDOebyyqkERUE",
            "id": {
                "kind": "youtube#video",
                "videoId": "KLjH6tGLpNo"
            },
            "snippet": {
                "publishedAt": "2022-03-03T06:38:24Z",
                "channelId": "UCmQN1SnEuwFkWNL_kwAqFiQ",
                "title": "cara mencegah demam berdarah !! #shorts #komedijawa #guyonanlucu",
                "description": "Sor pipo production mempersembahkan video pendek yang dikemas menggunakan bahasa jawa lucu.. jangan lupa like ...",
                "thumbnails": {
                    "default": {
                        "url": "https://i.ytimg.com/vi/KLjH6tGLpNo/default.jpg",
                        "width": 120,
                        "height": 90
                    },
                    "medium": {
                        "url": "https://i.ytimg.com/vi/KLjH6tGLpNo/mqdefault.jpg",
                        "width": 320,
                        "height": 180
                    },
                    "high": {
                        "url": "https://i.ytimg.com/vi/KLjH6tGLpNo/hqdefault.jpg",
                        "width": 480,
                        "height": 360
                    }
                },
                "channelTitle": "Sor Pipo Production",
                "liveBroadcastContent": "none",
                "publishTime": "2022-03-03T06:38:24Z"
            }
        },
        {
            "kind": "youtube#searchResult",
            "etag": "Qp_j-me2nuvE4Gms_KTEHURX-yk",
            "id": {
                "kind": "youtube#video",
                "videoId": "ZAlkisO3ZAw"
            },
            "snippet": {
                "publishedAt": "2019-03-01T18:06:07Z",
                "channelId": "UCcRU0WVT5Y4rvPAbYRouC4g",
                "title": "cara membuat obat demam berdarah dari angkak",
                "description": "Angkak adalah Pewarna makanan alami yang sangat ampuh untuk menaikkan trombosit bagi penderita sakit demam berdarah, ...",
                "thumbnails": {
                    "default": {
                        "url": "https://i.ytimg.com/vi/ZAlkisO3ZAw/default.jpg",
                        "width": 120,
                        "height": 90
                    },
                    "medium": {
                        "url": "https://i.ytimg.com/vi/ZAlkisO3ZAw/mqdefault.jpg",
                        "width": 320,
                        "height": 180
                    },
                    "high": {
                        "url": "https://i.ytimg.com/vi/ZAlkisO3ZAw/hqdefault.jpg",
                        "width": 480,
                        "height": 360
                    }
                },
                "channelTitle": "Arjun Sadewa",
                "liveBroadcastContent": "none",
                "publishTime": "2019-03-01T18:06:07Z"
            }
        },
        {
            "kind": "youtube#searchResult",
            "etag": "xAeSedx6s-5Bsu7L1Pz4eIQYwOI",
            "id": {
                "kind": "youtube#video",
                "videoId": "UURxWP73XIE"
            },
            "snippet": {
                "publishedAt": "2022-03-03T13:16:52Z",
                "channelId": "UCQuI-YCPiPGN_jEuJs-1Lwg",
                "title": "DACILUNG • Musim Sakit Demam Berdarah | Film pendek lucu bahasa Loloan • Eps #11",
                "description": "shorts Eps #11 Pemain : - Rizky (Pemeran Sebagai Adit) - Nabil (Pemeran Sebagai Nabil) Copyright by VidMax Official.",
                "thumbnails": {
                    "default": {
                        "url": "https://i.ytimg.com/vi/UURxWP73XIE/default.jpg",
                        "width": 120,
                        "height": 90
                    },
                    "medium": {
                        "url": "https://i.ytimg.com/vi/UURxWP73XIE/mqdefault.jpg",
                        "width": 320,
                        "height": 180
                    },
                    "high": {
                        "url": "https://i.ytimg.com/vi/UURxWP73XIE/hqdefault.jpg",
                        "width": 480,
                        "height": 360
                    }
                },
                "channelTitle": "VidMax Official",
                "liveBroadcastContent": "none",
                "publishTime": "2022-03-03T13:16:52Z"
            }
        },
        {
            "kind": "youtube#searchResult",
            "etag": "4P8r6w1SqcIiPooAzBikVIiK1lU",
            "id": {
                "kind": "youtube#video",
                "videoId": "26UmsOWXvAQ"
            },
            "snippet": {
                "publishedAt": "2021-12-02T12:03:26Z",
                "channelId": "UCIbZq5tnGT6Gl7uGZgm5_pA",
                "title": "Gejala Demam Berdarah Pada Anak - Kenali Gejala Dan Pertolongan Awal",
                "description": "memasuki musim penghujan beragam masalah kesehatan akan muncul, salah satunya adalah demam berdarah. demam ...",
                "thumbnails": {
                    "default": {
                        "url": "https://i.ytimg.com/vi/26UmsOWXvAQ/default.jpg",
                        "width": 120,
                        "height": 90
                    },
                    "medium": {
                        "url": "https://i.ytimg.com/vi/26UmsOWXvAQ/mqdefault.jpg",
                        "width": 320,
                        "height": 180
                    },
                    "high": {
                        "url": "https://i.ytimg.com/vi/26UmsOWXvAQ/hqdefault.jpg",
                        "width": 480,
                        "height": 360
                    }
                },
                "channelTitle": "KLIPER CHANNEL",
                "liveBroadcastContent": "none",
                "publishTime": "2021-12-02T12:03:26Z"
            }
        },
        {
            "kind": "youtube#searchResult",
            "etag": "phKe9F6gosqdAj8FQY6R8xQnY1o",
            "id": {
                "kind": "youtube#video",
                "videoId": "Wew2VEqI3ts"
            },
            "snippet": {
                "publishedAt": "2022-03-03T12:22:46Z",
                "channelId": "UCd1xZXNIsRDYjC952XDRSCQ",
                "title": "Aldebaran kena demam berdarah, sedih banget!!!",
                "description": "Hai teman-teman mami sedih nihhh, aldebaran sakit sampe masuk rumah sakit dan di diagnosa kena demam berdarah. yang ...",
                "thumbnails": {
                    "default": {
                        "url": "https://i.ytimg.com/vi/Wew2VEqI3ts/default.jpg",
                        "width": 120,
                        "height": 90
                    },
                    "medium": {
                        "url": "https://i.ytimg.com/vi/Wew2VEqI3ts/mqdefault.jpg",
                        "width": 320,
                        "height": 180
                    },
                    "high": {
                        "url": "https://i.ytimg.com/vi/Wew2VEqI3ts/hqdefault.jpg",
                        "width": 480,
                        "height": 360
                    }
                },
                "channelTitle": "Gallery Ellbaran",
                "liveBroadcastContent": "none",
                "publishTime": "2022-03-03T12:22:46Z"
            }
        },
        {
            "kind": "youtube#searchResult",
            "etag": "j4HFQzrUM40vZM7qHvrzYWHLI9w",
            "id": {
                "kind": "youtube#video",
                "videoId": "B1UGinDsmVA"
            },
            "snippet": {
                "publishedAt": "2021-12-06T08:45:44Z",
                "channelId": "UCvZRWM_wImeVP5XWFSyB5xw",
                "title": "Masuki Musim Penghujan, Demam Berdarah di Pati Meningkat",
                "description": "Dinas Kesehatan (Dinkes) Kabupaten Pati, mencatat kasus demam berdarah di Bumi Mina Tani mengalami peningkatan.",
                "thumbnails": {
                    "default": {
                        "url": "https://i.ytimg.com/vi/B1UGinDsmVA/default.jpg",
                        "width": 120,
                        "height": 90
                    },
                    "medium": {
                        "url": "https://i.ytimg.com/vi/B1UGinDsmVA/mqdefault.jpg",
                        "width": 320,
                        "height": 180
                    },
                    "high": {
                        "url": "https://i.ytimg.com/vi/B1UGinDsmVA/hqdefault.jpg",
                        "width": 480,
                        "height": 360
                    }
                },
                "channelTitle": "Mitrapost News",
                "liveBroadcastContent": "none",
                "publishTime": "2021-12-06T08:45:44Z"
            }
        },
        {
            "kind": "youtube#searchResult",
            "etag": "-WZjUXYcm2JrzUStNgjDfLMwtQc",
            "id": {
                "kind": "youtube#video",
                "videoId": "Wk5Xd_fcMU4"
            },
            "snippet": {
                "publishedAt": "2022-03-05T05:09:51Z",
                "channelId": "UC3yTbFy0qVrKp2wRCCdR7fg",
                "title": "Cegah Demam Berdarah Babinsa Ajak Pemdes Mliwang Bersih Bersih Lingkungan",
                "description": "",
                "thumbnails": {
                    "default": {
                        "url": "https://i.ytimg.com/vi/Wk5Xd_fcMU4/default.jpg",
                        "width": 120,
                        "height": 90
                    },
                    "medium": {
                        "url": "https://i.ytimg.com/vi/Wk5Xd_fcMU4/mqdefault.jpg",
                        "width": 320,
                        "height": 180
                    },
                    "high": {
                        "url": "https://i.ytimg.com/vi/Wk5Xd_fcMU4/hqdefault.jpg",
                        "width": 480,
                        "height": 360
                    }
                },
                "channelTitle": "Tuban Army",
                "liveBroadcastContent": "none",
                "publishTime": "2022-03-05T05:09:51Z"
            }
        },
        {
            "kind": "youtube#searchResult",
            "etag": "JwdYRS7EEphQkKnRdhebujq8K9g",
            "id": {
                "kind": "youtube#video",
                "videoId": "H5fix9gFtyg"
            },
            "snippet": {
                "publishedAt": "2022-03-02T06:13:13Z",
                "channelId": "UCDsTdV8Jn1flrvIo7O-U1RQ",
                "title": "Himbauan Bpk Abdul Gani RW 01 Meruyung, dalam pencegahan Demam Berdarah",
                "description": "meruyung #hujan #demamberdarah.",
                "thumbnails": {
                    "default": {
                        "url": "https://i.ytimg.com/vi/H5fix9gFtyg/default.jpg",
                        "width": 120,
                        "height": 90
                    },
                    "medium": {
                        "url": "https://i.ytimg.com/vi/H5fix9gFtyg/mqdefault.jpg",
                        "width": 320,
                        "height": 180
                    },
                    "high": {
                        "url": "https://i.ytimg.com/vi/H5fix9gFtyg/hqdefault.jpg",
                        "width": 480,
                        "height": 360
                    }
                },
                "channelTitle": "LPM Meruyung Depok",
                "liveBroadcastContent": "none",
                "publishTime": "2022-03-02T06:13:13Z"
            }
        },
        {
            "kind": "youtube#searchResult",
            "etag": "BOIxS_Cmd79bYhzREAkJhmCB4Q4",
            "id": {
                "kind": "youtube#video",
                "videoId": "e-POFkB_x2k"
            },
            "snippet": {
                "publishedAt": "2021-12-16T10:38:31Z",
                "channelId": "UCG88F8js5JG8q4Tg09QVmXg",
                "title": "Mengenal Nyamuk Pembawa Virus Dengue (Demam Berdarah/ DBD)",
                "description": "Mengetahu karakteristik nyamuk vektor Virus Dengue, memudahkan kita memutus rantai penularan Virus Dengue, sehingga bisa ...",
                "thumbnails": {
                    "default": {
                        "url": "https://i.ytimg.com/vi/e-POFkB_x2k/default.jpg",
                        "width": 120,
                        "height": 90
                    },
                    "medium": {
                        "url": "https://i.ytimg.com/vi/e-POFkB_x2k/mqdefault.jpg",
                        "width": 320,
                        "height": 180
                    },
                    "high": {
                        "url": "https://i.ytimg.com/vi/e-POFkB_x2k/hqdefault.jpg",
                        "width": 480,
                        "height": 360
                    }
                },
                "channelTitle": "BeTa ?",
                "liveBroadcastContent": "none",
                "publishTime": "2021-12-16T10:38:31Z"
            }
        },
        {
            "kind": "youtube#searchResult",
            "etag": "LsS7-wEXsDC_u8QzPUIN6st3c9c",
            "id": {
                "kind": "youtube#video",
                "videoId": "thCqtqK41Cg"
            },
            "snippet": {
                "publishedAt": "2022-03-04T03:21:20Z",
                "channelId": "UCc6E6YXjdtVfE3NGBvo_s0Q",
                "title": "JAMBU KLUTUK MENGOBATI DEMAM BERDARAH DAN BUAH NAGA MENGATASI SEMBELIT",
                "description": "demamberdarah #sembelit #jambu #buahnaga.",
                "thumbnails": {
                    "default": {
                        "url": "https://i.ytimg.com/vi/thCqtqK41Cg/default.jpg",
                        "width": 120,
                        "height": 90
                    },
                    "medium": {
                        "url": "https://i.ytimg.com/vi/thCqtqK41Cg/mqdefault.jpg",
                        "width": 320,
                        "height": 180
                    },
                    "high": {
                        "url": "https://i.ytimg.com/vi/thCqtqK41Cg/hqdefault.jpg",
                        "width": 480,
                        "height": 360
                    }
                },
                "channelTitle": "Hasna Jupri TV",
                "liveBroadcastContent": "none",
                "publishTime": "2022-03-04T03:21:20Z"
            }
        },
        {
            "kind": "youtube#searchResult",
            "etag": "xMgrPpQkOwe-sxjujYJyFPrcq_Q",
            "id": {
                "kind": "youtube#video",
                "videoId": "1iXBkJIQLu4"
            },
            "snippet": {
                "publishedAt": "2022-02-25T07:07:50Z",
                "channelId": "UC_nXX4599INA2ZMhYvt_hGw",
                "title": "Cegah DBD, BMI Bogor Fogging Di Tanah Sereal",
                "description": "Banteng Muda Indonesia (BMI) bersama Fraksi PDI Perjuangan DPRD Kota Bogor melakukan fogging di wilayah Kecamatan ...",
                "thumbnails": {
                    "default": {
                        "url": "https://i.ytimg.com/vi/1iXBkJIQLu4/default.jpg",
                        "width": 120,
                        "height": 90
                    },
                    "medium": {
                        "url": "https://i.ytimg.com/vi/1iXBkJIQLu4/mqdefault.jpg",
                        "width": 320,
                        "height": 180
                    },
                    "high": {
                        "url": "https://i.ytimg.com/vi/1iXBkJIQLu4/hqdefault.jpg",
                        "width": 480,
                        "height": 360
                    }
                },
                "channelTitle": "Banteng Muda Indonesia",
                "liveBroadcastContent": "none",
                "publishTime": "2022-02-25T07:07:50Z"
            }
        },
        {
            "kind": "youtube#searchResult",
            "etag": "kcY5o1YIlqRPovwnF1xuvvvpp9c",
            "id": {
                "kind": "youtube#video",
                "videoId": "vCuYHsDtZDQ"
            },
            "snippet": {
                "publishedAt": "2022-02-24T01:44:29Z",
                "channelId": "UCLQv9Shs4Hjx__HjyffB8Dw",
                "title": "Perilaku 3M DBD - Ustadzah Sari",
                "description": "Video UKS KBTK Al Falah Surabaya.",
                "thumbnails": {
                    "default": {
                        "url": "https://i.ytimg.com/vi/vCuYHsDtZDQ/default.jpg",
                        "width": 120,
                        "height": 90
                    },
                    "medium": {
                        "url": "https://i.ytimg.com/vi/vCuYHsDtZDQ/mqdefault.jpg",
                        "width": 320,
                        "height": 180
                    },
                    "high": {
                        "url": "https://i.ytimg.com/vi/vCuYHsDtZDQ/hqdefault.jpg",
                        "width": 480,
                        "height": 360
                    }
                },
                "channelTitle": "KB-TK AL FALAH SURABAYA",
                "liveBroadcastContent": "none",
                "publishTime": "2022-02-24T01:44:29Z"
            }
        },
        {
            "kind": "youtube#searchResult",
            "etag": "SUI6-m5qF3DjT4gWVCkOu4lCYMc",
            "id": {
                "kind": "youtube#video",
                "videoId": "8va3C7Z8nb0"
            },
            "snippet": {
                "publishedAt": "2022-02-24T05:20:40Z",
                "channelId": "UCgSOVIMfP9HCQ83v0O6ha-A",
                "title": "Pencegahan DBD, selamat ulang tahun PPPKMI ke-34",
                "description": "lomba video kreatif penyuluhan tentang pentingnya pencegahan DBD berbahasa Timor dawan, silahkan menonton sampai ...",
                "thumbnails": {
                    "default": {
                        "url": "https://i.ytimg.com/vi/8va3C7Z8nb0/default.jpg",
                        "width": 120,
                        "height": 90
                    },
                    "medium": {
                        "url": "https://i.ytimg.com/vi/8va3C7Z8nb0/mqdefault.jpg",
                        "width": 320,
                        "height": 180
                    },
                    "high": {
                        "url": "https://i.ytimg.com/vi/8va3C7Z8nb0/hqdefault.jpg",
                        "width": 480,
                        "height": 360
                    }
                },
                "channelTitle": "yoose ch",
                "liveBroadcastContent": "none",
                "publishTime": "2022-02-24T05:20:40Z"
            }
        },
        {
            "kind": "youtube#searchResult",
            "etag": "ohC4z6qqDD8bHjLG55Z5Qk0UGGI",
            "id": {
                "kind": "youtube#video",
                "videoId": "p8Cq-c7lC-U"
            },
            "snippet": {
                "publishedAt": "2022-02-15T16:39:19Z",
                "channelId": "UC_8W6RC1jEfFZ4mcA3rROIA",
                "title": "Model 3D dan Origami Virus Demam Berdarah #shorts #biologi #bioinformatika #molekul #edukasi",
                "description": "Cara melihat model 3D dan origami virus demam berdarah #shorts.",
                "thumbnails": {
                    "default": {
                        "url": "https://i.ytimg.com/vi/p8Cq-c7lC-U/default.jpg",
                        "width": 120,
                        "height": 90
                    },
                    "medium": {
                        "url": "https://i.ytimg.com/vi/p8Cq-c7lC-U/mqdefault.jpg",
                        "width": 320,
                        "height": 180
                    },
                    "high": {
                        "url": "https://i.ytimg.com/vi/p8Cq-c7lC-U/hqdefault.jpg",
                        "width": 480,
                        "height": 360
                    }
                },
                "channelTitle": "Viol Dhea Kharisma",
                "liveBroadcastContent": "none",
                "publishTime": "2022-02-15T16:39:19Z"
            }
        },
        {
            "kind": "youtube#searchResult",
            "etag": "e0iGLugF9ox_FdLf3dRMyOFCE5Y",
            "id": {
                "kind": "youtube#video",
                "videoId": "0ZCYZkboQq8"
            },
            "snippet": {
                "publishedAt": "2022-02-26T10:59:58Z",
                "channelId": "UCt49sjdIP35vhJIivVBpDTQ",
                "title": "Pencegahan|Demam Berdarahdan Cikungunya|Mandiraja Kulon|Thn 2022 #penyemprotanfogging#mandirajakulon",
                "description": "Pencegahan|Demam Berdarah dan Cikungunya|Mandiraja Kulon|Thn 2022 Wilayah Pemerintahan Daerah Desa Mandiraja ...",
                "thumbnails": {
                    "default": {
                        "url": "https://i.ytimg.com/vi/0ZCYZkboQq8/default.jpg",
                        "width": 120,
                        "height": 90
                    },
                    "medium": {
                        "url": "https://i.ytimg.com/vi/0ZCYZkboQq8/mqdefault.jpg",
                        "width": 320,
                        "height": 180
                    },
                    "high": {
                        "url": "https://i.ytimg.com/vi/0ZCYZkboQq8/hqdefault.jpg",
                        "width": 480,
                        "height": 360
                    }
                },
                "channelTitle": "DAVYSTUDIO 01",
                "liveBroadcastContent": "none",
                "publishTime": "2022-02-26T10:59:58Z"
            }
        },
        {
            "kind": "youtube#searchResult",
            "etag": "USJPzoTBCSOK5JLjdLY6OSJ0CBQ",
            "id": {
                "kind": "youtube#video",
                "videoId": "9wqmT4pulKU"
            },
            "snippet": {
                "publishedAt": "2022-01-29T17:46:26Z",
                "channelId": "UCZ60OpUo_rzWId9Pl0nYO4w",
                "title": "PENYEBAB DAN GEJALA DEMAM BERDARAH",
                "description": "Pengertian demam berdarah. Nyamuk pembawa virus demam berdarah. Nama virus demam berdarah. Tanda-tanda demam ...",
                "thumbnails": {
                    "default": {
                        "url": "https://i.ytimg.com/vi/9wqmT4pulKU/default.jpg",
                        "width": 120,
                        "height": 90
                    },
                    "medium": {
                        "url": "https://i.ytimg.com/vi/9wqmT4pulKU/mqdefault.jpg",
                        "width": 320,
                        "height": 180
                    },
                    "high": {
                        "url": "https://i.ytimg.com/vi/9wqmT4pulKU/hqdefault.jpg",
                        "width": 480,
                        "height": 360
                    }
                },
                "channelTitle": "MAKESMUDAH",
                "liveBroadcastContent": "none",
                "publishTime": "2022-01-29T17:46:26Z"
            }
        },
        {
            "kind": "youtube#searchResult",
            "etag": "MxtXEz7h_fTGNCUv6VMbEqUGuQo",
            "id": {
                "kind": "youtube#video",
                "videoId": "38VGDLI3Z8I"
            },
            "snippet": {
                "publishedAt": "2022-03-04T11:24:20Z",
                "channelId": "UCW2_F2cnhvYCvW0_pe6WPpw",
                "title": "FOGING DEMAM BERDARAH Part 2",
                "description": "",
                "thumbnails": {
                    "default": {
                        "url": "https://i.ytimg.com/vi/38VGDLI3Z8I/default.jpg",
                        "width": 120,
                        "height": 90
                    },
                    "medium": {
                        "url": "https://i.ytimg.com/vi/38VGDLI3Z8I/mqdefault.jpg",
                        "width": 320,
                        "height": 180
                    },
                    "high": {
                        "url": "https://i.ytimg.com/vi/38VGDLI3Z8I/hqdefault.jpg",
                        "width": 480,
                        "height": 360
                    }
                },
                "channelTitle": "Samhad85",
                "liveBroadcastContent": "none",
                "publishTime": "2022-03-04T11:24:20Z"
            }
        },
        {
            "kind": "youtube#searchResult",
            "etag": "mRPK_3kEAmmAxF_pJmB2HPsncr0",
            "id": {
                "kind": "youtube#video",
                "videoId": "zyAI0GFyUq8"
            },
            "snippet": {
                "publishedAt": "2022-02-16T20:04:57Z",
                "channelId": "UCC7B1SDt0_vDfjEQjzze-KQ",
                "title": "(4) Fooging antisipasi Wabah 🦟 nyamuk DBD di komplek Perumahan RW 04 Pluit, Selasa 15 Februari 2022.",
                "description": "",
                "thumbnails": {
                    "default": {
                        "url": "https://i.ytimg.com/vi/zyAI0GFyUq8/default.jpg",
                        "width": 120,
                        "height": 90
                    },
                    "medium": {
                        "url": "https://i.ytimg.com/vi/zyAI0GFyUq8/mqdefault.jpg",
                        "width": 320,
                        "height": 180
                    },
                    "high": {
                        "url": "https://i.ytimg.com/vi/zyAI0GFyUq8/hqdefault.jpg",
                        "width": 480,
                        "height": 360
                    }
                },
                "channelTitle": "Muara Baru - Pluit 2",
                "liveBroadcastContent": "none",
                "publishTime": "2022-02-16T20:04:57Z"
            }
        },
        {
            "kind": "youtube#searchResult",
            "etag": "OUip_pPLQ1fnAXLDVjf8dVLyKvw",
            "id": {
                "kind": "youtube#video",
                "videoId": "MJQiNtqGMSE"
            },
            "snippet": {
                "publishedAt": "2021-09-25T02:55:47Z",
                "channelId": "UCaRQHbCocL5OXJNueY3GJgQ",
                "title": "OBATI DEMAM BERDARAH DENGAN DAUN PEPAYA, BARU CHANELL",
                "description": "manfaat daun pepaya untuk kesehatan tubuh, banyak penyakit yang bisa di sembuh kan,jangan lupa subscribe BARU CHANELL ...",
                "thumbnails": {
                    "default": {
                        "url": "https://i.ytimg.com/vi/MJQiNtqGMSE/default.jpg",
                        "width": 120,
                        "height": 90
                    },
                    "medium": {
                        "url": "https://i.ytimg.com/vi/MJQiNtqGMSE/mqdefault.jpg",
                        "width": 320,
                        "height": 180
                    },
                    "high": {
                        "url": "https://i.ytimg.com/vi/MJQiNtqGMSE/hqdefault.jpg",
                        "width": 480,
                        "height": 360
                    }
                },
                "channelTitle": "BARU CHANELL",
                "liveBroadcastContent": "none",
                "publishTime": "2021-09-25T02:55:47Z"
            }
        },
        {
            "kind": "youtube#searchResult",
            "etag": "bvzknQPreOMUJH1XswshxDhTM74",
            "id": {
                "kind": "youtube#video",
                "videoId": "BQZFnjz5wnA"
            },
            "snippet": {
                "publishedAt": "2022-02-24T23:46:10Z",
                "channelId": "UCp-fuJLouLimn_lAvqovHgw",
                "title": "Masa kritis demam berdarah (dengue fever , DBD, trombosit turun)",
                "description": "",
                "thumbnails": {
                    "default": {
                        "url": "https://i.ytimg.com/vi/BQZFnjz5wnA/default.jpg",
                        "width": 120,
                        "height": 90
                    },
                    "medium": {
                        "url": "https://i.ytimg.com/vi/BQZFnjz5wnA/mqdefault.jpg",
                        "width": 320,
                        "height": 180
                    },
                    "high": {
                        "url": "https://i.ytimg.com/vi/BQZFnjz5wnA/hqdefault.jpg",
                        "width": 480,
                        "height": 360
                    }
                },
                "channelTitle": "hayatun thoyibah",
                "liveBroadcastContent": "none",
                "publishTime": "2022-02-24T23:46:10Z"
            }
        },
        {
            "kind": "youtube#searchResult",
            "etag": "lIJ25qD-9Kn74CJl1Y7Aki5mqTk",
            "id": {
                "kind": "youtube#video",
                "videoId": "UB8ey40Qdqg"
            },
            "snippet": {
                "publishedAt": "2022-03-02T03:11:57Z",
                "channelId": "UCxy7wF0PHtI_-NN9MxdD6Eg",
                "title": "Intip Potret Terbaru La Lembah Manah Usai Sakit DB di Instagram Sang Budhe",
                "description": "Dua pekan lalu, La Lembah Manah putri bungsu Wali Kota Solo, Gibran Rakabuming sempat sakit Demam Berdarah dan dirawat ...",
                "thumbnails": {
                    "default": {
                        "url": "https://i.ytimg.com/vi/UB8ey40Qdqg/default.jpg",
                        "width": 120,
                        "height": 90
                    },
                    "medium": {
                        "url": "https://i.ytimg.com/vi/UB8ey40Qdqg/mqdefault.jpg",
                        "width": 320,
                        "height": 180
                    },
                    "high": {
                        "url": "https://i.ytimg.com/vi/UB8ey40Qdqg/hqdefault.jpg",
                        "width": 480,
                        "height": 360
                    }
                },
                "channelTitle": "HTN NEWS",
                "liveBroadcastContent": "none",
                "publishTime": "2022-03-02T03:11:57Z"
            }
        },
        {
            "kind": "youtube#searchResult",
            "etag": "09f_aArn97JcHUbGVIciC8f_SBI",
            "id": {
                "kind": "youtube#video",
                "videoId": "dS2hUbjTA4U"
            },
            "snippet": {
                "publishedAt": "2022-03-04T04:30:13Z",
                "channelId": "UCK8H6I3quYHe_xVkBkMxOrw",
                "title": "MENGUAK BEDA GEJALA OMICRON DAN DBD",
                "description": "Musim hujan rentan mendatangkan aneka penyakit termasuk dengue atau demam berdarah dengue (DBD). DBD jelas harus ...",
                "thumbnails": {
                    "default": {
                        "url": "https://i.ytimg.com/vi/dS2hUbjTA4U/default.jpg",
                        "width": 120,
                        "height": 90
                    },
                    "medium": {
                        "url": "https://i.ytimg.com/vi/dS2hUbjTA4U/mqdefault.jpg",
                        "width": 320,
                        "height": 180
                    },
                    "high": {
                        "url": "https://i.ytimg.com/vi/dS2hUbjTA4U/hqdefault.jpg",
                        "width": 480,
                        "height": 360
                    }
                },
                "channelTitle": "Diel Go",
                "liveBroadcastContent": "none",
                "publishTime": "2022-03-04T04:30:13Z"
            }
        },
        {
            "kind": "youtube#searchResult",
            "etag": "NExVRfJBzRECZsNauTpSjq83j88",
            "id": {
                "kind": "youtube#video",
                "videoId": "mOtubk0Lx6c"
            },
            "snippet": {
                "publishedAt": "2021-12-27T21:17:06Z",
                "channelId": "UC7tZBwkUwZSnu0C7jyyBNAQ",
                "title": "FOGGING/ PENGASAPAN UNTUK MENCEGAH PENYEBARAN NYAMUK DEMAM BERDARAH",
                "description": "",
                "thumbnails": {
                    "default": {
                        "url": "https://i.ytimg.com/vi/mOtubk0Lx6c/default.jpg",
                        "width": 120,
                        "height": 90
                    },
                    "medium": {
                        "url": "https://i.ytimg.com/vi/mOtubk0Lx6c/mqdefault.jpg",
                        "width": 320,
                        "height": 180
                    },
                    "high": {
                        "url": "https://i.ytimg.com/vi/mOtubk0Lx6c/hqdefault.jpg",
                        "width": 480,
                        "height": 360
                    }
                },
                "channelTitle": "KANG ONE2 TV",
                "liveBroadcastContent": "none",
                "publishTime": "2021-12-27T21:17:06Z"
            }
        },
        {
            "kind": "youtube#searchResult",
            "etag": "IB9QCxg2zn0D8vS9N_jhAWxFcB8",
            "id": {
                "kind": "youtube#video",
                "videoId": "Vwm_21nFnhg"
            },
            "snippet": {
                "publishedAt": "2022-01-25T04:30:14Z",
                "channelId": "UCh5UCB8m-2S7L58jbfQsh4g",
                "title": "Obat Alami untuk Membantu Menyembuhkan Demam Berdarah",
                "description": "Infeksi DBD menyebabkan kadar trombosit tubuh menurun drastis sehingga jumlah sel darah merah menurun. Ini meningkatkan ...",
                "thumbnails": {
                    "default": {
                        "url": "https://i.ytimg.com/vi/Vwm_21nFnhg/default.jpg",
                        "width": 120,
                        "height": 90
                    },
                    "medium": {
                        "url": "https://i.ytimg.com/vi/Vwm_21nFnhg/mqdefault.jpg",
                        "width": 320,
                        "height": 180
                    },
                    "high": {
                        "url": "https://i.ytimg.com/vi/Vwm_21nFnhg/hqdefault.jpg",
                        "width": 480,
                        "height": 360
                    }
                },
                "channelTitle": "Sehat Secara Alami",
                "liveBroadcastContent": "none",
                "publishTime": "2022-01-25T04:30:14Z"
            }
        },
        {
            "kind": "youtube#searchResult",
            "etag": "mooBy_EEXInsTQbhiHXokj-nxKw",
            "id": {
                "kind": "youtube#video",
                "videoId": "0KHHWUPsC6E"
            },
            "snippet": {
                "publishedAt": "2022-03-02T03:38:44Z",
                "channelId": "UC_nXX4599INA2ZMhYvt_hGw",
                "title": "Antisipasi DBD, BMI Kab Ponorogo Gercep Semprot Insektisida",
                "description": "Pengurus DPC BMI (Banteng Muda Indonesia) Kabupaten Ponorogo yang merupakan organisasi kepemudaan sayap PDI ...",
                "thumbnails": {
                    "default": {
                        "url": "https://i.ytimg.com/vi/0KHHWUPsC6E/default.jpg",
                        "width": 120,
                        "height": 90
                    },
                    "medium": {
                        "url": "https://i.ytimg.com/vi/0KHHWUPsC6E/mqdefault.jpg",
                        "width": 320,
                        "height": 180
                    },
                    "high": {
                        "url": "https://i.ytimg.com/vi/0KHHWUPsC6E/hqdefault.jpg",
                        "width": 480,
                        "height": 360
                    }
                },
                "channelTitle": "Banteng Muda Indonesia",
                "liveBroadcastContent": "none",
                "publishTime": "2022-03-02T03:38:44Z"
            }
        },
        {
            "kind": "youtube#searchResult",
            "etag": "M4oT1cC417xl0wZyJaj0_0ph1n8",
            "id": {
                "kind": "youtube#video",
                "videoId": "Ur5uGDHKGio"
            },
            "snippet": {
                "publishedAt": "2022-03-03T05:22:47Z",
                "channelId": "UCmR-F0lcv2cAQGfqmYgCXpA",
                "title": "TIPES DAN DBD || PAHAMI PERBEDAAN KEDUA GEJALA PENYAKIT INI",
                "description": "Perbedaan #Tipes #DBD Tipes dan DBD, pahami kedua gejala penyakit ini supaya kita bisa melakukan penanganan awal dan ...",
                "thumbnails": {
                    "default": {
                        "url": "https://i.ytimg.com/vi/Ur5uGDHKGio/default.jpg",
                        "width": 120,
                        "height": 90
                    },
                    "medium": {
                        "url": "https://i.ytimg.com/vi/Ur5uGDHKGio/mqdefault.jpg",
                        "width": 320,
                        "height": 180
                    },
                    "high": {
                        "url": "https://i.ytimg.com/vi/Ur5uGDHKGio/hqdefault.jpg",
                        "width": 480,
                        "height": 360
                    }
                },
                "channelTitle": "Ridwan Nasty YT",
                "liveBroadcastContent": "none",
                "publishTime": "2022-03-03T05:22:47Z"
            }
        },
        {
            "kind": "youtube#searchResult",
            "etag": "Gts9l3RRwYsqxAKo18p1gnZ9KPA",
            "id": {
                "kind": "youtube#video",
                "videoId": "D4hsegZy89s"
            },
            "snippet": {
                "publishedAt": "2020-06-05T01:20:22Z",
                "channelId": "UCd1arZRvDNYyBo-oRbIXbLA",
                "title": "MENGOBATI DEMAM BERDARAH/DBD DENGAN PIJAT REFLEKSI DAN OBAT HERBAL, AMPUH !!",
                "description": "TERAPI MANDIRI untuk menyembuhkan sakit demam berdarah / DBD dengan pijat refleksi dan obat herbal nya..kesembuhan ...",
                "thumbnails": {
                    "default": {
                        "url": "https://i.ytimg.com/vi/D4hsegZy89s/default.jpg",
                        "width": 120,
                        "height": 90
                    },
                    "medium": {
                        "url": "https://i.ytimg.com/vi/D4hsegZy89s/mqdefault.jpg",
                        "width": 320,
                        "height": 180
                    },
                    "high": {
                        "url": "https://i.ytimg.com/vi/D4hsegZy89s/hqdefault.jpg",
                        "width": 480,
                        "height": 360
                    }
                },
                "channelTitle": "Aang Mubarok",
                "liveBroadcastContent": "none",
                "publishTime": "2020-06-05T01:20:22Z"
            }
        },
        {
            "kind": "youtube#searchResult",
            "etag": "XtqLBVyrh1RgEbggBbJiz9SEIwk",
            "id": {
                "kind": "youtube#video",
                "videoId": "ryRA53EyefQ"
            },
            "snippet": {
                "publishedAt": "2021-12-05T08:17:23Z",
                "channelId": "UC-r_OpsoAhaTayOjKaRhcHA",
                "title": "Penelitian Khasiat Dan Cara Konsumsi HDI Propoelix Untuk Penderita Demam Berdarah",
                "description": "Info selengkapnya klik https://bit.ly/myhdi.",
                "thumbnails": {
                    "default": {
                        "url": "https://i.ytimg.com/vi/ryRA53EyefQ/default.jpg",
                        "width": 120,
                        "height": 90
                    },
                    "medium": {
                        "url": "https://i.ytimg.com/vi/ryRA53EyefQ/mqdefault.jpg",
                        "width": 320,
                        "height": 180
                    },
                    "high": {
                        "url": "https://i.ytimg.com/vi/ryRA53EyefQ/hqdefault.jpg",
                        "width": 480,
                        "height": 360
                    }
                },
                "channelTitle": "Eko HDI",
                "liveBroadcastContent": "none",
                "publishTime": "2021-12-05T08:17:23Z"
            }
        },
        {
            "kind": "youtube#searchResult",
            "etag": "Qma2bPftgbjqlJ0jLIXyku8A4ik",
            "id": {
                "kind": "youtube#video",
                "videoId": "MjzyQxoGorM"
            },
            "snippet": {
                "publishedAt": "2022-03-02T05:16:30Z",
                "channelId": "UCAn07eTa8GnFGGnDOWqwLjA",
                "title": "AYO CEGAH DEMAM BERDARAH",
                "description": "Hai teman-teman ayo cegah Demam Berdarah.",
                "thumbnails": {
                    "default": {
                        "url": "https://i.ytimg.com/vi/MjzyQxoGorM/default.jpg",
                        "width": 120,
                        "height": 90
                    },
                    "medium": {
                        "url": "https://i.ytimg.com/vi/MjzyQxoGorM/mqdefault.jpg",
                        "width": 320,
                        "height": 180
                    },
                    "high": {
                        "url": "https://i.ytimg.com/vi/MjzyQxoGorM/hqdefault.jpg",
                        "width": 480,
                        "height": 360
                    }
                },
                "channelTitle": "TK Model Sleman",
                "liveBroadcastContent": "none",
                "publishTime": "2022-03-02T05:16:30Z"
            }
        },
        {
            "kind": "youtube#searchResult",
            "etag": "zecnzIgcag5BIvfZCAALlIusI8Y",
            "id": {
                "kind": "youtube#video",
                "videoId": "PUgldl4iF5c"
            },
            "snippet": {
                "publishedAt": "2022-02-18T12:18:04Z",
                "channelId": "UCI0yU4aNDjjrsKsOFzwaLUQ",
                "title": "Pengasapan foging DBD oleh dinkes kab.magelang di dsn sokorini,sumawe,muntilan kab.magelang",
                "description": "Penanganan wabah penyakit demam berdarah Kesehatan masyarakat Berita viral berita terkini.",
                "thumbnails": {
                    "default": {
                        "url": "https://i.ytimg.com/vi/PUgldl4iF5c/default.jpg",
                        "width": 120,
                        "height": 90
                    },
                    "medium": {
                        "url": "https://i.ytimg.com/vi/PUgldl4iF5c/mqdefault.jpg",
                        "width": 320,
                        "height": 180
                    },
                    "high": {
                        "url": "https://i.ytimg.com/vi/PUgldl4iF5c/hqdefault.jpg",
                        "width": 480,
                        "height": 360
                    }
                },
                "channelTitle": "NUR MAGELANG",
                "liveBroadcastContent": "none",
                "publishTime": "2022-02-18T12:18:04Z"
            }
        },
        {
            "kind": "youtube#searchResult",
            "etag": "u5BqBSiDJGPi5G8lVAfAGDEIbPQ",
            "id": {
                "kind": "youtube#video",
                "videoId": "GFAQm932ZqQ"
            },
            "snippet": {
                "publishedAt": "2022-03-03T13:32:06Z",
                "channelId": "UCWQ_YLvpfYf7qa5gNFQc7Cg",
                "title": "Kasus DBD di Kab. Cirebon Tinggi",
                "description": "KASUS PENYAKIT DEMAM BERDARAH DI KABUPATEN CIREBON, DIANGGAP CUKUP TINGGI. HINGGA FEBRUARI 2022 ...",
                "thumbnails": {
                    "default": {
                        "url": "https://i.ytimg.com/vi/GFAQm932ZqQ/default.jpg",
                        "width": 120,
                        "height": 90
                    },
                    "medium": {
                        "url": "https://i.ytimg.com/vi/GFAQm932ZqQ/mqdefault.jpg",
                        "width": 320,
                        "height": 180
                    },
                    "high": {
                        "url": "https://i.ytimg.com/vi/GFAQm932ZqQ/hqdefault.jpg",
                        "width": 480,
                        "height": 360
                    }
                },
                "channelTitle": "WEWARA RCTV CIREBON",
                "liveBroadcastContent": "none",
                "publishTime": "2022-03-03T13:32:06Z"
            }
        },
        {
            "kind": "youtube#searchResult",
            "etag": "gPL3iW8hq43zEVbLnVoyx4rZ5YQ",
            "id": {
                "kind": "youtube#video",
                "videoId": "EWhA4_8Wq0E"
            },
            "snippet": {
                "publishedAt": "2022-03-04T06:49:42Z",
                "channelId": "UCxy7wF0PHtI_-NN9MxdD6Eg",
                "title": "Selvi Ananda Bongkar Kondisi Terbaru La Lembah Manah Usai Sakit, Sebut DB Lebih Bahaya dari ini",
                "description": "Istri Wali Kota Solo Gibran Rakabuming Raka yakni Selvi Ananda mengungkap kondisi terakhir dari putrinya, La Lembah Manah.",
                "thumbnails": {
                    "default": {
                        "url": "https://i.ytimg.com/vi/EWhA4_8Wq0E/default.jpg",
                        "width": 120,
                        "height": 90
                    },
                    "medium": {
                        "url": "https://i.ytimg.com/vi/EWhA4_8Wq0E/mqdefault.jpg",
                        "width": 320,
                        "height": 180
                    },
                    "high": {
                        "url": "https://i.ytimg.com/vi/EWhA4_8Wq0E/hqdefault.jpg",
                        "width": 480,
                        "height": 360
                    }
                },
                "channelTitle": "HTN NEWS",
                "liveBroadcastContent": "none",
                "publishTime": "2022-03-04T06:49:42Z"
            }
        },
        {
            "kind": "youtube#searchResult",
            "etag": "MYaJgNAmTmptcF3ZnazXRZKMOHY",
            "id": {
                "kind": "youtube#video",
                "videoId": "6dOx8FNL8rE"
            },
            "snippet": {
                "publishedAt": "2022-02-26T02:30:01Z",
                "channelId": "UC_WUCjT0d97YiX-9E078Zkw",
                "title": "Gara-Gara Usil Bibir Mbak Kunyit Berdarah 😄 Aqilla&#39;s Diary",
                "description": "Mbak Kunyit menemukan kecoa mati di kolam. Tiba-tiba muncul ide untuk menakuti kakak Aqilla dan Bunda Asti hihihihi... aduh, ...",
                "thumbnails": {
                    "default": {
                        "url": "https://i.ytimg.com/vi/6dOx8FNL8rE/default.jpg",
                        "width": 120,
                        "height": 90
                    },
                    "medium": {
                        "url": "https://i.ytimg.com/vi/6dOx8FNL8rE/mqdefault.jpg",
                        "width": 320,
                        "height": 180
                    },
                    "high": {
                        "url": "https://i.ytimg.com/vi/6dOx8FNL8rE/hqdefault.jpg",
                        "width": 480,
                        "height": 360
                    }
                },
                "channelTitle": "Aqilla's Diary",
                "liveBroadcastContent": "none",
                "publishTime": "2022-02-26T02:30:01Z"
            }
        },
        {
            "kind": "youtube#searchResult",
            "etag": "XGvASvWQCbW1la5gnctRoyCK-rY",
            "id": {
                "kind": "youtube#video",
                "videoId": "K1TaTLgPNQc"
            },
            "snippet": {
                "publishedAt": "2022-03-02T07:04:12Z",
                "channelId": "UC9SKVlKJzbD9yr5XE32vKmg",
                "title": "Baygon MAX merah anti demam berdarah",
                "description": "",
                "thumbnails": {
                    "default": {
                        "url": "https://i.ytimg.com/vi/K1TaTLgPNQc/default.jpg",
                        "width": 120,
                        "height": 90
                    },
                    "medium": {
                        "url": "https://i.ytimg.com/vi/K1TaTLgPNQc/mqdefault.jpg",
                        "width": 320,
                        "height": 180
                    },
                    "high": {
                        "url": "https://i.ytimg.com/vi/K1TaTLgPNQc/hqdefault.jpg",
                        "width": 480,
                        "height": 360
                    }
                },
                "channelTitle": "Muhammad Akmal",
                "liveBroadcastContent": "none",
                "publishTime": "2022-03-02T07:04:12Z"
            }
        },
        {
            "kind": "youtube#searchResult",
            "etag": "ymr30uZDANQmwmTLsPuETDiYbng",
            "id": {
                "kind": "youtube#video",
                "videoId": "tUUPorwolIY"
            },
            "snippet": {
                "publishedAt": "2022-03-04T15:58:31Z",
                "channelId": "UCZNUxbwshaHMtpBQd0K6LXw",
                "title": "HP 081283942121 Jasa Fogging Nyamuk DBD Bandung | Kota Bandung | Cimahi | Kota Cimahi",
                "description": "Jasa Fogging Nyamuk Terbaik dan Profesional - Garda Pest Control Layanan Cepat Berkualitas 24 Jam HARAP klik: ...",
                "thumbnails": {
                    "default": {
                        "url": "https://i.ytimg.com/vi/tUUPorwolIY/default.jpg",
                        "width": 120,
                        "height": 90
                    },
                    "medium": {
                        "url": "https://i.ytimg.com/vi/tUUPorwolIY/mqdefault.jpg",
                        "width": 320,
                        "height": 180
                    },
                    "high": {
                        "url": "https://i.ytimg.com/vi/tUUPorwolIY/hqdefault.jpg",
                        "width": 480,
                        "height": 360
                    }
                },
                "channelTitle": "Garda Pest Control Indonesia",
                "liveBroadcastContent": "none",
                "publishTime": "2022-03-04T15:58:31Z"
            }
        },
        {
            "kind": "youtube#searchResult",
            "etag": "VqEM7BxVptRBEZXKFKao95VGr5I",
            "id": {
                "kind": "youtube#video",
                "videoId": "hKgd5Su5qCs"
            },
            "snippet": {
                "publishedAt": "2022-02-26T07:15:06Z",
                "channelId": "UCwtU2G7Mmgl2Mx8xkJFv1VQ",
                "title": "Basmi Penyebaran Penyakit DBD dengan Fogging/ Pengasapan || @Noe Che Nut",
                "description": "Kegiatan bhakti sosial ini di lakukan di lingkungan Perum Bukit Gading Balaraja RT.001/007 yang di lakukan rutin satu bulan ...",
                "thumbnails": {
                    "default": {
                        "url": "https://i.ytimg.com/vi/hKgd5Su5qCs/default.jpg",
                        "width": 120,
                        "height": 90
                    },
                    "medium": {
                        "url": "https://i.ytimg.com/vi/hKgd5Su5qCs/mqdefault.jpg",
                        "width": 320,
                        "height": 180
                    },
                    "high": {
                        "url": "https://i.ytimg.com/vi/hKgd5Su5qCs/hqdefault.jpg",
                        "width": 480,
                        "height": 360
                    }
                },
                "channelTitle": "Noe Che Nut",
                "liveBroadcastContent": "none",
                "publishTime": "2022-02-26T07:15:06Z"
            }
        },
        {
            "kind": "youtube#searchResult",
            "etag": "73pmqUAZF1j8zyGYI1xAhgA1WUc",
            "id": {
                "kind": "youtube#video",
                "videoId": "8sDTVZ0jGx4"
            },
            "snippet": {
                "publishedAt": "2022-03-01T09:03:56Z",
                "channelId": "UCPAxpUn1mrn14xU0JpsLhDg",
                "title": "Gibran Beberkan Isi Pembicaraan bersama Jokowi di Solo",
                "description": "Gibran dan Jokowi sempat bertemu dan membicarakan banyak hal saat menghadiri pemakaman Miyono Suryo Sarjono, paman ...",
                "thumbnails": {
                    "default": {
                        "url": "https://i.ytimg.com/vi/8sDTVZ0jGx4/default.jpg",
                        "width": 120,
                        "height": 90
                    },
                    "medium": {
                        "url": "https://i.ytimg.com/vi/8sDTVZ0jGx4/mqdefault.jpg",
                        "width": 320,
                        "height": 180
                    },
                    "high": {
                        "url": "https://i.ytimg.com/vi/8sDTVZ0jGx4/hqdefault.jpg",
                        "width": 480,
                        "height": 360
                    }
                },
                "channelTitle": "Kompas.com",
                "liveBroadcastContent": "none",
                "publishTime": "2022-03-01T09:03:56Z"
            }
        },
        {
            "kind": "youtube#searchResult",
            "etag": "Bc8CYttO8__gy9qfgt0Egb-HXd0",
            "id": {
                "kind": "youtube#video",
                "videoId": "ju86Eb88h3U"
            },
            "snippet": {
                "publishedAt": "2022-03-01T08:34:41Z",
                "channelId": "UCiZZ69OH8bWnZtglVOdwOdA",
                "title": "INNALILAHI, Rano Karno Sedih Adiknya Di Larikan Ke Rumah Sakit",
                "description": "INNALILAHI, Rano Karno Sedih Adiknya Di Larikan Ke Rumah Sakit Rano Karno mmbeberkan dalam sebuah vlog berjudul \"Si ...",
                "thumbnails": {
                    "default": {
                        "url": "https://i.ytimg.com/vi/ju86Eb88h3U/default.jpg",
                        "width": 120,
                        "height": 90
                    },
                    "medium": {
                        "url": "https://i.ytimg.com/vi/ju86Eb88h3U/mqdefault.jpg",
                        "width": 320,
                        "height": 180
                    },
                    "high": {
                        "url": "https://i.ytimg.com/vi/ju86Eb88h3U/hqdefault.jpg",
                        "width": 480,
                        "height": 360
                    }
                },
                "channelTitle": "LENTERA INFORMASI",
                "liveBroadcastContent": "none",
                "publishTime": "2022-03-01T08:34:41Z"
            }
        },
        {
            "kind": "youtube#searchResult",
            "etag": "9Kk8B5qF1BUSp8dlEg3FWO2JXD4",
            "id": {
                "kind": "youtube#video",
                "videoId": "blYVBU7y_lc"
            },
            "snippet": {
                "publishedAt": "2022-03-03T11:00:32Z",
                "channelId": "UCR7vX1LU4ZDAlMN5gKVOlFw",
                "title": "[FULL] PENGETAHUAN DAN TAK BERPENGETAHUAN DI PENDAKIAN - Ikhsan Pendaki Gunung",
                "description": "seorang pendaki gunung berpengalaman selalu tenang dan terbiasa saat melihat dahan ranting pepohohan di hutan belantara ...",
                "thumbnails": {
                    "default": {
                        "url": "https://i.ytimg.com/vi/blYVBU7y_lc/default.jpg",
                        "width": 120,
                        "height": 90
                    },
                    "medium": {
                        "url": "https://i.ytimg.com/vi/blYVBU7y_lc/mqdefault.jpg",
                        "width": 320,
                        "height": 180
                    },
                    "high": {
                        "url": "https://i.ytimg.com/vi/blYVBU7y_lc/hqdefault.jpg",
                        "width": 480,
                        "height": 360
                    }
                },
                "channelTitle": "Demam Berdarah Project",
                "liveBroadcastContent": "none",
                "publishTime": "2022-03-03T11:00:32Z"
            }
        },
        {
            "kind": "youtube#searchResult",
            "etag": "YmNTdqq583H8vQPtVlMsWitXh9Y",
            "id": {
                "kind": "youtube#video",
                "videoId": "sPnMBS4HMxM"
            },
            "snippet": {
                "publishedAt": "2022-02-26T13:02:42Z",
                "channelId": "UCFq_MPztmnKlJORNVDqZw9w",
                "title": "🔴Ruqyah Panas Tinggi Untuk Anak dan Dewasa - Ayat Ruqyah Untuk Demam",
                "description": "demam tidak turun turun, demam tidak turun turun pada anak, demam tidak turun turun pada bayi, kenapa demam tidak turun ...",
                "thumbnails": {
                    "default": {
                        "url": "https://i.ytimg.com/vi/sPnMBS4HMxM/default.jpg",
                        "width": 120,
                        "height": 90
                    },
                    "medium": {
                        "url": "https://i.ytimg.com/vi/sPnMBS4HMxM/mqdefault.jpg",
                        "width": 320,
                        "height": 180
                    },
                    "high": {
                        "url": "https://i.ytimg.com/vi/sPnMBS4HMxM/hqdefault.jpg",
                        "width": 480,
                        "height": 360
                    }
                },
                "channelTitle": "Ruqyah Mandiri",
                "liveBroadcastContent": "none",
                "publishTime": "2022-02-26T13:02:42Z"
            }
        },
        {
            "kind": "youtube#searchResult",
            "etag": "63OxsRGrcFuhRgWJoRsO_tU9zQo",
            "id": {
                "kind": "youtube#video",
                "videoId": "LIj31keOV1I"
            },
            "snippet": {
                "publishedAt": "2022-02-23T22:12:46Z",
                "channelId": "UCJdFvY3eoDCyb0A1m3FT78g",
                "title": "#Ngobscuy Asrock B660 Mini ITX Lama Bat Keluar",
                "description": "Membership https://www.youtube.com/channel/UCJdFvY3eoDCyb0A1m3FT78g/join Dukung ghanigepe di SAWERIA ...",
                "thumbnails": {
                    "default": {
                        "url": "https://i.ytimg.com/vi/LIj31keOV1I/default.jpg",
                        "width": 120,
                        "height": 90
                    },
                    "medium": {
                        "url": "https://i.ytimg.com/vi/LIj31keOV1I/mqdefault.jpg",
                        "width": 320,
                        "height": 180
                    },
                    "high": {
                        "url": "https://i.ytimg.com/vi/LIj31keOV1I/hqdefault.jpg",
                        "width": 480,
                        "height": 360
                    }
                },
                "channelTitle": "ghanigepe",
                "liveBroadcastContent": "none",
                "publishTime": "2022-02-23T22:12:46Z"
            }
        },
        {
            "kind": "youtube#searchResult",
            "etag": "r4PPbT9MA5UL1MjEgNCpWfkP4dw",
            "id": {
                "kind": "youtube#video",
                "videoId": "_003vX8NM4c"
            },
            "snippet": {
                "publishedAt": "2022-02-27T10:14:29Z",
                "channelId": "UCB9U2dscPY4TLflXL6mE7og",
                "title": "Innalilahi: Inul Daratista, Anak Baru Saja Di Larikan Ke RS, Dokter Sudah Berusaha Membantu",
                "description": "Innalilahi: Inul Daratista, Anak Baru Saja Di Larikan Ke RS, Dokter Sudah Berusaha Membantu #beritaterkini #beritaartis ...",
                "thumbnails": {
                    "default": {
                        "url": "https://i.ytimg.com/vi/_003vX8NM4c/default.jpg",
                        "width": 120,
                        "height": 90
                    },
                    "medium": {
                        "url": "https://i.ytimg.com/vi/_003vX8NM4c/mqdefault.jpg",
                        "width": 320,
                        "height": 180
                    },
                    "high": {
                        "url": "https://i.ytimg.com/vi/_003vX8NM4c/hqdefault.jpg",
                        "width": 480,
                        "height": 360
                    }
                },
                "channelTitle": "EVANS CHANNEL",
                "liveBroadcastContent": "none",
                "publishTime": "2022-02-27T10:14:29Z"
            }
        },
        {
            "kind": "youtube#searchResult",
            "etag": "f5TM30eLxSVK5qEy_73CpYIYrLg",
            "id": {
                "kind": "youtube#video",
                "videoId": "qBmSJs-TnqA"
            },
            "snippet": {
                "publishedAt": "2022-02-24T19:55:32Z",
                "channelId": "UCkSopAocXVxHSG9b2qIMdDA",
                "title": "(LIVE) HALO DOKTER - BEBAS BAU MULUT (24 FEBRUARI 2022)",
                "description": "Tema: Bebas Bau Mulut Narasumber: - drg. Efrin Tri Anestya (Dokter Gigi RSUD dr. R. Koesma Tuban) Host: Anisa Lembaga ...",
                "thumbnails": {
                    "default": {
                        "url": "https://i.ytimg.com/vi/qBmSJs-TnqA/default.jpg",
                        "width": 120,
                        "height": 90
                    },
                    "medium": {
                        "url": "https://i.ytimg.com/vi/qBmSJs-TnqA/mqdefault.jpg",
                        "width": 320,
                        "height": 180
                    },
                    "high": {
                        "url": "https://i.ytimg.com/vi/qBmSJs-TnqA/hqdefault.jpg",
                        "width": 480,
                        "height": 360
                    }
                },
                "channelTitle": "Radio Pradya Suara FM Tuban",
                "liveBroadcastContent": "none",
                "publishTime": "2022-02-24T19:55:32Z"
            }
        },
        {
            "kind": "youtube#searchResult",
            "etag": "YVnsB1GlflvTsELvRDFHAGqMwHo",
            "id": {
                "kind": "youtube#video",
                "videoId": "cPDUVHDwugM"
            },
            "snippet": {
                "publishedAt": "2022-02-28T00:27:08Z",
                "channelId": "UCR3TnvoVxWNXgA6EV4ak8tw",
                "title": "Nyamuk baik Vs Nyamuk jahat!#singapore#demamberdarah",
                "description": "",
                "thumbnails": {
                    "default": {
                        "url": "https://i.ytimg.com/vi/cPDUVHDwugM/default.jpg",
                        "width": 120,
                        "height": 90
                    },
                    "medium": {
                        "url": "https://i.ytimg.com/vi/cPDUVHDwugM/mqdefault.jpg",
                        "width": 320,
                        "height": 180
                    },
                    "high": {
                        "url": "https://i.ytimg.com/vi/cPDUVHDwugM/hqdefault.jpg",
                        "width": 480,
                        "height": 360
                    }
                },
                "channelTitle": "Thevex!",
                "liveBroadcastContent": "none",
                "publishTime": "2022-02-28T00:27:08Z"
            }
        },
        {
            "kind": "youtube#searchResult",
            "etag": "LCtQRnzDCQbAiH1hHKGlq9N-huY",
            "id": {
                "kind": "youtube#video",
                "videoId": "OIvIqEfZmr4"
            },
            "snippet": {
                "publishedAt": "2022-03-04T01:46:40Z",
                "channelId": "UC6kRcF7paYNKnoSqTTpbqnw",
                "title": "3 Khasiat  Angkak, Beras Merah dari Cina",
                "description": "Angkak adalah beras putih biasa yang menjalani proses fermentasi bersama jamur Monaskus purpureus, sehingga memperoleh ...",
                "thumbnails": {
                    "default": {
                        "url": "https://i.ytimg.com/vi/OIvIqEfZmr4/default.jpg",
                        "width": 120,
                        "height": 90
                    },
                    "medium": {
                        "url": "https://i.ytimg.com/vi/OIvIqEfZmr4/mqdefault.jpg",
                        "width": 320,
                        "height": 180
                    },
                    "high": {
                        "url": "https://i.ytimg.com/vi/OIvIqEfZmr4/hqdefault.jpg",
                        "width": 480,
                        "height": 360
                    }
                },
                "channelTitle": "Hidup Sehat Alami",
                "liveBroadcastContent": "none",
                "publishTime": "2022-03-04T01:46:40Z"
            }
        },
        {
            "kind": "youtube#searchResult",
            "etag": "lBgvOtjm_K_LxJ_Uq46N3Oq2xE0",
            "id": {
                "kind": "youtube#video",
                "videoId": "KozgqtuuB10"
            },
            "snippet": {
                "publishedAt": "2022-03-03T15:50:39Z",
                "channelId": "UCa4aoI7bukR6WTvvVF2pOVw",
                "title": "kandungan manfaat daun ubi jalar ungu  #daun",
                "description": "apabila dirasa video ini bermanfaat untuk yang memerlukan,silahkan dibagikan untuk yang memerlukan informasi ini.semoga ...",
                "thumbnails": {
                    "default": {
                        "url": "https://i.ytimg.com/vi/KozgqtuuB10/default.jpg",
                        "width": 120,
                        "height": 90
                    },
                    "medium": {
                        "url": "https://i.ytimg.com/vi/KozgqtuuB10/mqdefault.jpg",
                        "width": 320,
                        "height": 180
                    },
                    "high": {
                        "url": "https://i.ytimg.com/vi/KozgqtuuB10/hqdefault.jpg",
                        "width": 480,
                        "height": 360
                    }
                },
                "channelTitle": "insan pinggiran",
                "liveBroadcastContent": "none",
                "publishTime": "2022-03-03T15:50:39Z"
            }
        },
        {
            "kind": "youtube#searchResult",
            "etag": "s2tozLu40XKVW6iD5bWjsynPRQ4",
            "id": {
                "kind": "youtube#video",
                "videoId": "cxWlQ6vZbfQ"
            },
            "snippet": {
                "publishedAt": "2022-03-03T05:00:10Z",
                "channelId": "UCR7vX1LU4ZDAlMN5gKVOlFw",
                "title": "MEKANIK HP ... BEBE TRAILER",
                "description": "Demam Berdarah Project teknisi hp kota medan sedang bercerita pengalaman pengalaman #anakmedan #teknisihp #hp.",
                "thumbnails": {
                    "default": {
                        "url": "https://i.ytimg.com/vi/cxWlQ6vZbfQ/default.jpg",
                        "width": 120,
                        "height": 90
                    },
                    "medium": {
                        "url": "https://i.ytimg.com/vi/cxWlQ6vZbfQ/mqdefault.jpg",
                        "width": 320,
                        "height": 180
                    },
                    "high": {
                        "url": "https://i.ytimg.com/vi/cxWlQ6vZbfQ/hqdefault.jpg",
                        "width": 480,
                        "height": 360
                    }
                },
                "channelTitle": "Demam Berdarah Project",
                "liveBroadcastContent": "none",
                "publishTime": "2022-03-03T05:00:10Z"
            }
        }
    ]
}