{
    "kind": "youtube#searchListResponse",
    "etag": "4dnJXPuD97JYQKqLnxr1l79K9J8",
    "nextPageToken": "CJADEAA",
    "prevPageToken": "CN4CEAE",
    "regionCode": "ID",
    "pageInfo": {
        "totalResults": 621029,
        "resultsPerPage": 50
    },
    "items": [
        {
            "kind": "youtube#searchResult",
            "etag": "BdgcsAHNp_AOecopKfmGnIP85s4",
            "id": {
                "kind": "youtube#video",
                "videoId": "Oqs0SMdsmuI"
            },
            "snippet": {
                "publishedAt": "2022-01-30T15:11:42Z",
                "channelId": "UCKhhOZupodlDEYaptGFCx1Q",
                "title": "NIZAR: SIDOARJO DARURAT DEMAM BERDARAH",
                "description": "DNN, SIDOARJO - Dinas Kesehatan (Dinke) Sidoarjo diminta untuk tidak mengabaikan wabah demam berdarah sekalipun masih ...",
                "thumbnails": {
                    "default": {
                        "url": "https://i.ytimg.com/vi/Oqs0SMdsmuI/default.jpg",
                        "width": 120,
                        "height": 90
                    },
                    "medium": {
                        "url": "https://i.ytimg.com/vi/Oqs0SMdsmuI/mqdefault.jpg",
                        "width": 320,
                        "height": 180
                    },
                    "high": {
                        "url": "https://i.ytimg.com/vi/Oqs0SMdsmuI/hqdefault.jpg",
                        "width": 480,
                        "height": 360
                    }
                },
                "channelTitle": "Delta News Nusantara (DNN)",
                "liveBroadcastContent": "none",
                "publishTime": "2022-01-30T15:11:42Z"
            }
        },
        {
            "kind": "youtube#searchResult",
            "etag": "bnaYvpgnE3YKeB-lZ4rVd1t7wL8",
            "id": {
                "kind": "youtube#video",
                "videoId": "mKZLI2-QcpA"
            },
            "snippet": {
                "publishedAt": "2022-02-21T03:40:53Z",
                "channelId": "UCXn_swBAJxVFfEdniIzjGHg",
                "title": "Kerja Bakti Bersih Lingkungan Sekolah // Mencegah Demam Berdarah",
                "description": "kerjabakti #lingkungan #lingkungansekolah #mencegahdemamberdarah #demamberdarahdengue.",
                "thumbnails": {
                    "default": {
                        "url": "https://i.ytimg.com/vi/mKZLI2-QcpA/default.jpg",
                        "width": 120,
                        "height": 90
                    },
                    "medium": {
                        "url": "https://i.ytimg.com/vi/mKZLI2-QcpA/mqdefault.jpg",
                        "width": 320,
                        "height": 180
                    },
                    "high": {
                        "url": "https://i.ytimg.com/vi/mKZLI2-QcpA/hqdefault.jpg",
                        "width": 480,
                        "height": 360
                    }
                },
                "channelTitle": "ISTIQ BELAJAR",
                "liveBroadcastContent": "none",
                "publishTime": "2022-02-21T03:40:53Z"
            }
        },
        {
            "kind": "youtube#searchResult",
            "etag": "15Q4C1MWKBaCT3FCkgjDklOOsdQ",
            "id": {
                "kind": "youtube#video",
                "videoId": "vs-o2Bskl5Q"
            },
            "snippet": {
                "publishedAt": "2021-09-07T03:52:19Z",
                "channelId": "UC0SHRWzrxW_TlUMvhgtUQcA",
                "title": "Iklan Layanan Masyarakat tentang Bahaya Demam Berdarah Dengue (DBD)",
                "description": "DBD merupakan penyakit mudah menular yang berasal dari gigitan nyamuk Aedes aegypti dan Aedes albopictus. Penyakit ini ...",
                "thumbnails": {
                    "default": {
                        "url": "https://i.ytimg.com/vi/vs-o2Bskl5Q/default.jpg",
                        "width": 120,
                        "height": 90
                    },
                    "medium": {
                        "url": "https://i.ytimg.com/vi/vs-o2Bskl5Q/mqdefault.jpg",
                        "width": 320,
                        "height": 180
                    },
                    "high": {
                        "url": "https://i.ytimg.com/vi/vs-o2Bskl5Q/hqdefault.jpg",
                        "width": 480,
                        "height": 360
                    }
                },
                "channelTitle": "SMK AL FALAH",
                "liveBroadcastContent": "none",
                "publishTime": "2021-09-07T03:52:19Z"
            }
        },
        {
            "kind": "youtube#searchResult",
            "etag": "-SmB5iwxNorgx6SgKdbkpPHUJXU",
            "id": {
                "kind": "youtube#video",
                "videoId": "BVdRdf8fVrE"
            },
            "snippet": {
                "publishedAt": "2022-01-22T12:30:02Z",
                "channelId": "UCHclKwGnyA8YGfR7pY---gw",
                "title": "PASIEN DEMAM BERDARAH DI KUDUS MENINGKAT",
                "description": "PASIEN DB YANG DI DOMINASI ANAK MELONJAK TAJAM/ LONJAKAN PASIEN DB ANAK/ MEMBUAT PIHAK RUMAH SAKIT ...",
                "thumbnails": {
                    "default": {
                        "url": "https://i.ytimg.com/vi/BVdRdf8fVrE/default.jpg",
                        "width": 120,
                        "height": 90
                    },
                    "medium": {
                        "url": "https://i.ytimg.com/vi/BVdRdf8fVrE/mqdefault.jpg",
                        "width": 320,
                        "height": 180
                    },
                    "high": {
                        "url": "https://i.ytimg.com/vi/BVdRdf8fVrE/hqdefault.jpg",
                        "width": 480,
                        "height": 360
                    }
                },
                "channelTitle": "SIMPANG 5 TV",
                "liveBroadcastContent": "none",
                "publishTime": "2022-01-22T12:30:02Z"
            }
        },
        {
            "kind": "youtube#searchResult",
            "etag": "QoilMah-84OpZXjUvszd56YMz5U",
            "id": {
                "kind": "youtube#video",
                "videoId": "ticsgQnlcmc"
            },
            "snippet": {
                "publishedAt": "2022-01-29T01:32:38Z",
                "channelId": "UCUYHuPpt7F_Jw72ZcwlFnAQ",
                "title": "FOGGING NYAMUK DEMAM BERDARAH UNTUK CEGAH PENYEBARAN DBD, UPTD PUSKESMAS KALIANDA",
                "description": "FOGGING NYAMUK DEMAM BERDARAH UNTUK CEGAH PENYEBARAN DBD, UPTD PUSKESMAS KALIANDA. F Fogging ...",
                "thumbnails": {
                    "default": {
                        "url": "https://i.ytimg.com/vi/ticsgQnlcmc/default.jpg",
                        "width": 120,
                        "height": 90
                    },
                    "medium": {
                        "url": "https://i.ytimg.com/vi/ticsgQnlcmc/mqdefault.jpg",
                        "width": 320,
                        "height": 180
                    },
                    "high": {
                        "url": "https://i.ytimg.com/vi/ticsgQnlcmc/hqdefault.jpg",
                        "width": 480,
                        "height": 360
                    }
                },
                "channelTitle": "Densi Zulkarnain",
                "liveBroadcastContent": "none",
                "publishTime": "2022-01-29T01:32:38Z"
            }
        },
        {
            "kind": "youtube#searchResult",
            "etag": "6-K73zmAsQTTIhQe3_3JUCR2sHs",
            "id": {
                "kind": "youtube#video",
                "videoId": "3ZggdKSR900"
            },
            "snippet": {
                "publishedAt": "2021-11-26T15:13:05Z",
                "channelId": "UClkFyBR2-9tGeVIJaud4Dkg",
                "title": "Waspada Demam Berdarah Dengue Saat Musim Hujan",
                "description": "Bersama Narasumber dr. HRM Hardadi Airlangga, Sp.PD #rsiunisma.",
                "thumbnails": {
                    "default": {
                        "url": "https://i.ytimg.com/vi/3ZggdKSR900/default.jpg",
                        "width": 120,
                        "height": 90
                    },
                    "medium": {
                        "url": "https://i.ytimg.com/vi/3ZggdKSR900/mqdefault.jpg",
                        "width": 320,
                        "height": 180
                    },
                    "high": {
                        "url": "https://i.ytimg.com/vi/3ZggdKSR900/hqdefault.jpg",
                        "width": 480,
                        "height": 360
                    }
                },
                "channelTitle": "RSI UNISMA",
                "liveBroadcastContent": "none",
                "publishTime": "2021-11-26T15:13:05Z"
            }
        },
        {
            "kind": "youtube#searchResult",
            "etag": "qzvM4o00F3wIoaro-O22HZoxB1s",
            "id": {
                "kind": "youtube#video",
                "videoId": "d9Tl3VYTAsM"
            },
            "snippet": {
                "publishedAt": "2021-12-14T06:17:43Z",
                "channelId": "UCoFghw1za-cLF5GjNqziifQ",
                "title": "Demam Berdarah || 3M Melawan DBD oleh DOKCIL SDPNA",
                "description": "DBD sedang melanda, saatnya kita terapkan 3M. Apa itu 3M? Simak video dari kakak-kakak DOKCIL SDPNA di atas yah ...",
                "thumbnails": {
                    "default": {
                        "url": "https://i.ytimg.com/vi/d9Tl3VYTAsM/default.jpg",
                        "width": 120,
                        "height": 90
                    },
                    "medium": {
                        "url": "https://i.ytimg.com/vi/d9Tl3VYTAsM/mqdefault.jpg",
                        "width": 320,
                        "height": 180
                    },
                    "high": {
                        "url": "https://i.ytimg.com/vi/d9Tl3VYTAsM/hqdefault.jpg",
                        "width": 480,
                        "height": 360
                    }
                },
                "channelTitle": "Yayasan Nurul Aulia",
                "liveBroadcastContent": "none",
                "publishTime": "2021-12-14T06:17:43Z"
            }
        },
        {
            "kind": "youtube#searchResult",
            "etag": "qmtVf7YhHZeGAjtWEi_i3YbeJSU",
            "id": {
                "kind": "youtube#video",
                "videoId": "hANA8G1NI90"
            },
            "snippet": {
                "publishedAt": "2022-01-26T03:47:45Z",
                "channelId": "UC-JYbVoMUPg8L1TRKoXrFDw",
                "title": "membuat alat foging nyamuk demam berdarah||mini foging",
                "description": "cara membuat alat foging nyamuk sederhana. mini fogging. dengan bahan yg mudah di dapat dan murah. hasil asap melimpah.",
                "thumbnails": {
                    "default": {
                        "url": "https://i.ytimg.com/vi/hANA8G1NI90/default.jpg",
                        "width": 120,
                        "height": 90
                    },
                    "medium": {
                        "url": "https://i.ytimg.com/vi/hANA8G1NI90/mqdefault.jpg",
                        "width": 320,
                        "height": 180
                    },
                    "high": {
                        "url": "https://i.ytimg.com/vi/hANA8G1NI90/hqdefault.jpg",
                        "width": 480,
                        "height": 360
                    }
                },
                "channelTitle": "GUNAWAN TEKNIK 717",
                "liveBroadcastContent": "none",
                "publishTime": "2022-01-26T03:47:45Z"
            }
        },
        {
            "kind": "youtube#searchResult",
            "etag": "6JntT_87gU_zFz87J-pFuVG4vjA",
            "id": {
                "kind": "youtube#video",
                "videoId": "N3efxROk7iI"
            },
            "snippet": {
                "publishedAt": "2022-02-19T02:00:09Z",
                "channelId": "UCPSBPhFm_EfyV-86RBrY1mg",
                "title": "SEKILAS INFO &quot; Upaya Waspada Masyarakat Menghadapi Ancaman Demam Berdarah &quot;",
                "description": "Halo Masyarakat Ponorogo dan sekitarnya. Berikut kami sajikan informasi terkait beberapa fenomena yang terjadi di sekitar kita ...",
                "thumbnails": {
                    "default": {
                        "url": "https://i.ytimg.com/vi/N3efxROk7iI/default.jpg",
                        "width": 120,
                        "height": 90
                    },
                    "medium": {
                        "url": "https://i.ytimg.com/vi/N3efxROk7iI/mqdefault.jpg",
                        "width": 320,
                        "height": 180
                    },
                    "high": {
                        "url": "https://i.ytimg.com/vi/N3efxROk7iI/hqdefault.jpg",
                        "width": 480,
                        "height": 360
                    }
                },
                "channelTitle": "IKOMEDIA UMPO",
                "liveBroadcastContent": "none",
                "publishTime": "2022-02-19T02:00:09Z"
            }
        },
        {
            "kind": "youtube#searchResult",
            "etag": "rpciYRMpIxES2u_slTHstmBx2Bk",
            "id": {
                "kind": "youtube#video",
                "videoId": "yzreVEP42XI"
            },
            "snippet": {
                "publishedAt": "2022-01-19T23:45:32Z",
                "channelId": "UCf7UcH1sTbqfdb0TvDY7COA",
                "title": "Saat Demam Berdarah harus sering minum, tapi seringkali mual muntah_ dr Arlini",
                "description": "Demam berdarah dengue atau DBD merupakan penyakit mudah menular yang berasal dari gigitan nyamuk Aedes aegypti dan ...",
                "thumbnails": {
                    "default": {
                        "url": "https://i.ytimg.com/vi/yzreVEP42XI/default.jpg",
                        "width": 120,
                        "height": 90
                    },
                    "medium": {
                        "url": "https://i.ytimg.com/vi/yzreVEP42XI/mqdefault.jpg",
                        "width": 320,
                        "height": 180
                    },
                    "high": {
                        "url": "https://i.ytimg.com/vi/yzreVEP42XI/hqdefault.jpg",
                        "width": 480,
                        "height": 360
                    }
                },
                "channelTitle": "Ruang dr Arlini",
                "liveBroadcastContent": "none",
                "publishTime": "2022-01-19T23:45:32Z"
            }
        },
        {
            "kind": "youtube#searchResult",
            "etag": "JHQ5dpqbHjf-GnOcdtfutMK6SUs",
            "id": {
                "kind": "youtube#video",
                "videoId": "USZlztQ_hrw"
            },
            "snippet": {
                "publishedAt": "2022-01-14T09:04:01Z",
                "channelId": "UCrokHwjRI63m7as2dn4Rd4w",
                "title": "PONOROGO - Angka Kasus Demam Berdarah Terus Meningkat",
                "description": "Kasus demam berdarah di Kabupaten Ponorogo terus meningkat, bahkan ada yang meninggal dunia. Dalam kurun waktu belum ...",
                "thumbnails": {
                    "default": {
                        "url": "https://i.ytimg.com/vi/USZlztQ_hrw/default.jpg",
                        "width": 120,
                        "height": 90
                    },
                    "medium": {
                        "url": "https://i.ytimg.com/vi/USZlztQ_hrw/mqdefault.jpg",
                        "width": 320,
                        "height": 180
                    },
                    "high": {
                        "url": "https://i.ytimg.com/vi/USZlztQ_hrw/hqdefault.jpg",
                        "width": 480,
                        "height": 360
                    }
                },
                "channelTitle": "SAKTI TV MADIUN",
                "liveBroadcastContent": "none",
                "publishTime": "2022-01-14T09:04:01Z"
            }
        },
        {
            "kind": "youtube#searchResult",
            "etag": "7rfouRE8sXv5B1baiZE5YpBzZ5Y",
            "id": {
                "kind": "youtube#video",
                "videoId": "fFCioz0dkvM"
            },
            "snippet": {
                "publishedAt": "2021-11-25T11:31:20Z",
                "channelId": "UCejGyi9IqvwVW5a8d1eFZHA",
                "title": "CEGAH KORBAN DEMAM BERDARAH KADER JUMANTIK RUTIN LAKUKAN PEMANTAUAN",
                "description": "KABUPATEN_KEDIRI #DEMAM_BERDARAH #KADER_JUMANTIK #JENTIK_NYAMUK #KEDIRI.",
                "thumbnails": {
                    "default": {
                        "url": "https://i.ytimg.com/vi/fFCioz0dkvM/default.jpg",
                        "width": 120,
                        "height": 90
                    },
                    "medium": {
                        "url": "https://i.ytimg.com/vi/fFCioz0dkvM/mqdefault.jpg",
                        "width": 320,
                        "height": 180
                    },
                    "high": {
                        "url": "https://i.ytimg.com/vi/fFCioz0dkvM/hqdefault.jpg",
                        "width": 480,
                        "height": 360
                    }
                },
                "channelTitle": "Kediri Televisi",
                "liveBroadcastContent": "none",
                "publishTime": "2021-11-25T11:31:20Z"
            }
        },
        {
            "kind": "youtube#searchResult",
            "etag": "PXayg09ZXVCrnGoLVbU3pur9odU",
            "id": {
                "kind": "youtube#video",
                "videoId": "TDnYK6HuMJY"
            },
            "snippet": {
                "publishedAt": "2022-01-05T11:16:02Z",
                "channelId": "UC3APNnaEmws76U7c6HC-DZg",
                "title": "Demam Berdarah Tinggi, Warga Bersama Dinkes Lakukan Fogging",
                "description": "Dinas Kesehatan bersama warga kampung Penawar Rejo kecamatan Banjar Rejo Kabupaten Tulang Bawang lakukan fogging, ...",
                "thumbnails": {
                    "default": {
                        "url": "https://i.ytimg.com/vi/TDnYK6HuMJY/default.jpg",
                        "width": 120,
                        "height": 90
                    },
                    "medium": {
                        "url": "https://i.ytimg.com/vi/TDnYK6HuMJY/mqdefault.jpg",
                        "width": 320,
                        "height": 180
                    },
                    "high": {
                        "url": "https://i.ytimg.com/vi/TDnYK6HuMJY/hqdefault.jpg",
                        "width": 480,
                        "height": 360
                    }
                },
                "channelTitle": "MetroTV Lampung",
                "liveBroadcastContent": "none",
                "publishTime": "2022-01-05T11:16:02Z"
            }
        },
        {
            "kind": "youtube#searchResult",
            "etag": "yF1Zg8OWzsjUnhoLMQM0-tX4UI8",
            "id": {
                "kind": "youtube#video",
                "videoId": "HlDpC5H4350"
            },
            "snippet": {
                "publishedAt": "2021-11-27T03:42:03Z",
                "channelId": "UCoGwStz3nxNvrwHQQ51eB9w",
                "title": "Waspada Demam Berdarah Dengue (DBD) !!! - Iklan Layanan Masyarakat",
                "description": "Waspada Demam Berdarah Dengue (DBD) !!! #Sobatkom, musim penghujan telah tiba, jentik nyamuk berkembang biak ...",
                "thumbnails": {
                    "default": {
                        "url": "https://i.ytimg.com/vi/HlDpC5H4350/default.jpg",
                        "width": 120,
                        "height": 90
                    },
                    "medium": {
                        "url": "https://i.ytimg.com/vi/HlDpC5H4350/mqdefault.jpg",
                        "width": 320,
                        "height": 180
                    },
                    "high": {
                        "url": "https://i.ytimg.com/vi/HlDpC5H4350/hqdefault.jpg",
                        "width": 480,
                        "height": 360
                    }
                },
                "channelTitle": "Diskominfo Natuna",
                "liveBroadcastContent": "none",
                "publishTime": "2021-11-27T03:42:03Z"
            }
        },
        {
            "kind": "youtube#searchResult",
            "etag": "FCnDGUCq_8l3Wpd9rJk1RqIwwgI",
            "id": {
                "kind": "youtube#video",
                "videoId": "5G9GyNSowIY"
            },
            "snippet": {
                "publishedAt": "2022-03-03T16:21:49Z",
                "channelId": "UCoo0JlQUmnfwxEIYi3OOENg",
                "title": "Demam Berdarah dan Penyebabnya",
                "description": "",
                "thumbnails": {
                    "default": {
                        "url": "https://i.ytimg.com/vi/5G9GyNSowIY/default.jpg",
                        "width": 120,
                        "height": 90
                    },
                    "medium": {
                        "url": "https://i.ytimg.com/vi/5G9GyNSowIY/mqdefault.jpg",
                        "width": 320,
                        "height": 180
                    },
                    "high": {
                        "url": "https://i.ytimg.com/vi/5G9GyNSowIY/hqdefault.jpg",
                        "width": 480,
                        "height": 360
                    }
                },
                "channelTitle": "nadyaEDU",
                "liveBroadcastContent": "none",
                "publishTime": "2022-03-03T16:21:49Z"
            }
        },
        {
            "kind": "youtube#searchResult",
            "etag": "g98OBzXXhrEogeDIk5KXxIuQ1Ao",
            "id": {
                "kind": "youtube#video",
                "videoId": "AzCPDvGeycw"
            },
            "snippet": {
                "publishedAt": "2020-05-23T04:34:35Z",
                "channelId": "UCwmGAHx7dI8HSv63i_3jfig",
                "title": "Basmi Nyamuk Demam Berdarah Secara Alami",
                "description": "Terimakasi karena telah menonton video ini. Jangan Lupa Subscribe Chanel saya ini agar saya makin termotivasi untuk ...",
                "thumbnails": {
                    "default": {
                        "url": "https://i.ytimg.com/vi/AzCPDvGeycw/default.jpg",
                        "width": 120,
                        "height": 90
                    },
                    "medium": {
                        "url": "https://i.ytimg.com/vi/AzCPDvGeycw/mqdefault.jpg",
                        "width": 320,
                        "height": 180
                    },
                    "high": {
                        "url": "https://i.ytimg.com/vi/AzCPDvGeycw/hqdefault.jpg",
                        "width": 480,
                        "height": 360
                    }
                },
                "channelTitle": "manwidhiadnyana",
                "liveBroadcastContent": "none",
                "publishTime": "2020-05-23T04:34:35Z"
            }
        },
        {
            "kind": "youtube#searchResult",
            "etag": "9WegQjCYt3UIYP9h2aXpda-jyi8",
            "id": {
                "kind": "youtube#video",
                "videoId": "8b4BoOevI9k"
            },
            "snippet": {
                "publishedAt": "2022-01-29T16:01:05Z",
                "channelId": "UCvlI9oHoneUphdvIdUUzKIg",
                "title": "9 tanaman anti nyamuk solusi demam berdarah",
                "description": "TanamanAntiNyamuk Membasmi nyamuk tak harus pakai bahan kimia, gunakan bahan alami yang lebih go green misalnya ...",
                "thumbnails": {
                    "default": {
                        "url": "https://i.ytimg.com/vi/8b4BoOevI9k/default.jpg",
                        "width": 120,
                        "height": 90
                    },
                    "medium": {
                        "url": "https://i.ytimg.com/vi/8b4BoOevI9k/mqdefault.jpg",
                        "width": 320,
                        "height": 180
                    },
                    "high": {
                        "url": "https://i.ytimg.com/vi/8b4BoOevI9k/hqdefault.jpg",
                        "width": 480,
                        "height": 360
                    }
                },
                "channelTitle": "Kerja Rutin",
                "liveBroadcastContent": "none",
                "publishTime": "2022-01-29T16:01:05Z"
            }
        },
        {
            "kind": "youtube#searchResult",
            "etag": "XdGER4_zRGFAXxbnfaSudH4dvaU",
            "id": {
                "kind": "youtube#video",
                "videoId": "kVreWypZkh8"
            },
            "snippet": {
                "publishedAt": "2021-11-24T07:03:30Z",
                "channelId": "UCNY2z8fQqlnJgv3skt1WsUg",
                "title": "Mencegah Demam Berdarah - Animasi Iklan Layanan Masyarakat",
                "description": "Vidio ini dibuat untuk memenuhi tugas sekolah mapel Teknik Audio & Vidio.",
                "thumbnails": {
                    "default": {
                        "url": "https://i.ytimg.com/vi/kVreWypZkh8/default.jpg",
                        "width": 120,
                        "height": 90
                    },
                    "medium": {
                        "url": "https://i.ytimg.com/vi/kVreWypZkh8/mqdefault.jpg",
                        "width": 320,
                        "height": 180
                    },
                    "high": {
                        "url": "https://i.ytimg.com/vi/kVreWypZkh8/hqdefault.jpg",
                        "width": 480,
                        "height": 360
                    }
                },
                "channelTitle": "nswa_tiaraa",
                "liveBroadcastContent": "none",
                "publishTime": "2021-11-24T07:03:30Z"
            }
        },
        {
            "kind": "youtube#searchResult",
            "etag": "4lXhjDL5j3tFwpCuEkxF1iJ40o8",
            "id": {
                "kind": "youtube#video",
                "videoId": "_9Fj6Pec9Mk"
            },
            "snippet": {
                "publishedAt": "2022-01-17T10:04:03Z",
                "channelId": "UCrokHwjRI63m7as2dn4Rd4w",
                "title": "PONOROGO - Demam Berdarah Meningkat, Sat Lantas Lakukan Fogging",
                "description": "Anggota sat lantas Polres Ponorogo, melakukan fogging di daerah sekitar Polres Ponorogo. Hal ini dilakukan karena kasus ...",
                "thumbnails": {
                    "default": {
                        "url": "https://i.ytimg.com/vi/_9Fj6Pec9Mk/default.jpg",
                        "width": 120,
                        "height": 90
                    },
                    "medium": {
                        "url": "https://i.ytimg.com/vi/_9Fj6Pec9Mk/mqdefault.jpg",
                        "width": 320,
                        "height": 180
                    },
                    "high": {
                        "url": "https://i.ytimg.com/vi/_9Fj6Pec9Mk/hqdefault.jpg",
                        "width": 480,
                        "height": 360
                    }
                },
                "channelTitle": "SAKTI TV MADIUN",
                "liveBroadcastContent": "none",
                "publishTime": "2022-01-17T10:04:03Z"
            }
        },
        {
            "kind": "youtube#searchResult",
            "etag": "ycmUxuIUowfDollLv9X0sgKKA6M",
            "id": {
                "kind": "youtube#video",
                "videoId": "YG6JdE9rw3s"
            },
            "snippet": {
                "publishedAt": "2022-01-07T08:08:44Z",
                "channelId": "UCIiSXd1azoDbTS7BAFH9mZQ",
                "title": "Berita Lampung : Waspada Demam Berdarah, Kelurahan Sukabumi Indah Laksanakan Fogging",
                "description": "Saibumi.com (SMSI), Bandar Lampung - Kelurahan Sukabumi Indah melaksanakan fogging seiring untuk mengatasi ...",
                "thumbnails": {
                    "default": {
                        "url": "https://i.ytimg.com/vi/YG6JdE9rw3s/default.jpg",
                        "width": 120,
                        "height": 90
                    },
                    "medium": {
                        "url": "https://i.ytimg.com/vi/YG6JdE9rw3s/mqdefault.jpg",
                        "width": 320,
                        "height": 180
                    },
                    "high": {
                        "url": "https://i.ytimg.com/vi/YG6JdE9rw3s/hqdefault.jpg",
                        "width": 480,
                        "height": 360
                    }
                },
                "channelTitle": "Saibumi TV",
                "liveBroadcastContent": "none",
                "publishTime": "2022-01-07T08:08:44Z"
            }
        },
        {
            "kind": "youtube#searchResult",
            "etag": "gKTp0fxWFaKV_yNMlX5zdjyhaY0",
            "id": {
                "kind": "youtube#video",
                "videoId": "aoMS5sehQ3k"
            },
            "snippet": {
                "publishedAt": "2022-01-04T01:27:17Z",
                "channelId": "UClXFM8ywYK96iPgalzJUlsA",
                "title": "2 WARGA TERKENA DEMAM BERDARAH, DINKES BOJONEGORO LAKUKAN FOGGING",
                "description": "BOJONEGORO - 2 Warga Terkena Demam Berdarah, Dinkes Bojonegoro Lakukan Fogging.",
                "thumbnails": {
                    "default": {
                        "url": "https://i.ytimg.com/vi/aoMS5sehQ3k/default.jpg",
                        "width": 120,
                        "height": 90
                    },
                    "medium": {
                        "url": "https://i.ytimg.com/vi/aoMS5sehQ3k/mqdefault.jpg",
                        "width": 320,
                        "height": 180
                    },
                    "high": {
                        "url": "https://i.ytimg.com/vi/aoMS5sehQ3k/hqdefault.jpg",
                        "width": 480,
                        "height": 360
                    }
                },
                "channelTitle": "B-One TV Bojonegoro",
                "liveBroadcastContent": "none",
                "publishTime": "2022-01-04T01:27:17Z"
            }
        },
        {
            "kind": "youtube#searchResult",
            "etag": "MRIQDdHFaiW99tVs2XtQx0hjbrk",
            "id": {
                "kind": "youtube#video",
                "videoId": "8b7GVzOruEw"
            },
            "snippet": {
                "publishedAt": "2021-12-18T11:12:41Z",
                "channelId": "UCtdQ6tRvd8RNSlm9UkF1Y_w",
                "title": "CEGAH DEMAM BERDARAH DENGUE (DBD)",
                "description": "Dalam penanganan DBD, peran serta masyarakat untuk menekan kasus ini sangat menentukan. Oleh karenanya program ...",
                "thumbnails": {
                    "default": {
                        "url": "https://i.ytimg.com/vi/8b7GVzOruEw/default.jpg",
                        "width": 120,
                        "height": 90
                    },
                    "medium": {
                        "url": "https://i.ytimg.com/vi/8b7GVzOruEw/mqdefault.jpg",
                        "width": 320,
                        "height": 180
                    },
                    "high": {
                        "url": "https://i.ytimg.com/vi/8b7GVzOruEw/hqdefault.jpg",
                        "width": 480,
                        "height": 360
                    }
                },
                "channelTitle": "puskesmas unteriwes",
                "liveBroadcastContent": "none",
                "publishTime": "2021-12-18T11:12:41Z"
            }
        },
        {
            "kind": "youtube#searchResult",
            "etag": "aTnebuyTF5JyJRMNnPt4SkSDuao",
            "id": {
                "kind": "youtube#video",
                "videoId": "fNESo5k-3Ko"
            },
            "snippet": {
                "publishedAt": "2022-01-15T08:26:41Z",
                "channelId": "UCrokHwjRI63m7as2dn4Rd4w",
                "title": "MAGETAN - Musim Penghujan, Waspada Kasus Demam Berdarah Meningkat",
                "description": "Memasuki musim penghujan, Dinas Kesehatan mengimbau kepada masyarakat untuk waspada terhadap penyakit demam ...",
                "thumbnails": {
                    "default": {
                        "url": "https://i.ytimg.com/vi/fNESo5k-3Ko/default.jpg",
                        "width": 120,
                        "height": 90
                    },
                    "medium": {
                        "url": "https://i.ytimg.com/vi/fNESo5k-3Ko/mqdefault.jpg",
                        "width": 320,
                        "height": 180
                    },
                    "high": {
                        "url": "https://i.ytimg.com/vi/fNESo5k-3Ko/hqdefault.jpg",
                        "width": 480,
                        "height": 360
                    }
                },
                "channelTitle": "SAKTI TV MADIUN",
                "liveBroadcastContent": "none",
                "publishTime": "2022-01-15T08:26:41Z"
            }
        },
        {
            "kind": "youtube#searchResult",
            "etag": "AzgR_jHz1vgIL0t4WaH5VGEcHz4",
            "id": {
                "kind": "youtube#video",
                "videoId": "XjHJyRLKT-A"
            },
            "snippet": {
                "publishedAt": "2021-12-18T20:42:15Z",
                "channelId": "UCmPuWQf1mVLgJhxslEQ_Z_w",
                "title": "WASPADA BAHAYA NYAMUK DEMAM BERDARAH || Kecil-Kecil BAHAYA || Episode 5 || Web Series",
                "description": "Nyamuk Demam Berdarah atau yang kita kenal dengan Nyamuk Aedes Aegypti adalah nyamuk yang dapat menularkan virus ...",
                "thumbnails": {
                    "default": {
                        "url": "https://i.ytimg.com/vi/XjHJyRLKT-A/default.jpg",
                        "width": 120,
                        "height": 90
                    },
                    "medium": {
                        "url": "https://i.ytimg.com/vi/XjHJyRLKT-A/mqdefault.jpg",
                        "width": 320,
                        "height": 180
                    },
                    "high": {
                        "url": "https://i.ytimg.com/vi/XjHJyRLKT-A/hqdefault.jpg",
                        "width": 480,
                        "height": 360
                    }
                },
                "channelTitle": "Iboy McHardy Film Director",
                "liveBroadcastContent": "none",
                "publishTime": "2021-12-18T20:42:15Z"
            }
        },
        {
            "kind": "youtube#searchResult",
            "etag": "pirQNNEQIvxNNipMZd82WeIOxQs",
            "id": {
                "kind": "youtube#video",
                "videoId": "rAyxpyiLNxw"
            },
            "snippet": {
                "publishedAt": "2022-01-24T06:55:35Z",
                "channelId": "UCUYHuPpt7F_Jw72ZcwlFnAQ",
                "title": "Tentang Kesehatan Fogging Nyamuk Demam Berdarah Dengue  Wilker Puskesmas kalianda - Kel. Kalianda",
                "description": "Tentang Kesehatan Fogging Nyamuk Demam Berdarah Dengue Wilker Puskesmas kalianda - Kelurahan Kalianda Lk.04 RT.01 ...",
                "thumbnails": {
                    "default": {
                        "url": "https://i.ytimg.com/vi/rAyxpyiLNxw/default.jpg",
                        "width": 120,
                        "height": 90
                    },
                    "medium": {
                        "url": "https://i.ytimg.com/vi/rAyxpyiLNxw/mqdefault.jpg",
                        "width": 320,
                        "height": 180
                    },
                    "high": {
                        "url": "https://i.ytimg.com/vi/rAyxpyiLNxw/hqdefault.jpg",
                        "width": 480,
                        "height": 360
                    }
                },
                "channelTitle": "Densi Zulkarnain",
                "liveBroadcastContent": "none",
                "publishTime": "2022-01-24T06:55:35Z"
            }
        },
        {
            "kind": "youtube#searchResult",
            "etag": "0RDX4BwKDlskwhJtkGcpGjzy8LQ",
            "id": {
                "kind": "youtube#video",
                "videoId": "4cn2O0M3a5I"
            },
            "snippet": {
                "publishedAt": "2022-02-02T11:39:59Z",
                "channelId": "UC-F6al5zNc1SCxbbbdXQ1og",
                "title": "Belasan Anak Di Kota Kediri Terjangkit Demam Berdarah",
                "description": "KEDIRI, KOMPAS.TV - Sejak awal tahun kasus demam berdarah di kota Kediri terus mengalami peningkatan. Bahkan selama 1 ...",
                "thumbnails": {
                    "default": {
                        "url": "https://i.ytimg.com/vi/4cn2O0M3a5I/default.jpg",
                        "width": 120,
                        "height": 90
                    },
                    "medium": {
                        "url": "https://i.ytimg.com/vi/4cn2O0M3a5I/mqdefault.jpg",
                        "width": 320,
                        "height": 180
                    },
                    "high": {
                        "url": "https://i.ytimg.com/vi/4cn2O0M3a5I/hqdefault.jpg",
                        "width": 480,
                        "height": 360
                    }
                },
                "channelTitle": "Kompas TV Kediri",
                "liveBroadcastContent": "none",
                "publishTime": "2022-02-02T11:39:59Z"
            }
        },
        {
            "kind": "youtube#searchResult",
            "etag": "irjgMqUQ6VuVMeheo3c3HYWntks",
            "id": {
                "kind": "youtube#video",
                "videoId": "CGqvrC401Z0"
            },
            "snippet": {
                "publishedAt": "2022-02-23T06:16:58Z",
                "channelId": "UCv5wABFI-AnRXhxDiygdqbg",
                "title": "Cegah Demam Berdarah dengan 3 M plus#2022",
                "description": "Pencegahan sarang nyamuk dengan cara 3 M 1. Menguras tempat penampungan air 2. Menutup tempat penampungan air 3.",
                "thumbnails": {
                    "default": {
                        "url": "https://i.ytimg.com/vi/CGqvrC401Z0/default.jpg",
                        "width": 120,
                        "height": 90
                    },
                    "medium": {
                        "url": "https://i.ytimg.com/vi/CGqvrC401Z0/mqdefault.jpg",
                        "width": 320,
                        "height": 180
                    },
                    "high": {
                        "url": "https://i.ytimg.com/vi/CGqvrC401Z0/hqdefault.jpg",
                        "width": 480,
                        "height": 360
                    }
                },
                "channelTitle": "DEDENEWS",
                "liveBroadcastContent": "none",
                "publishTime": "2022-02-23T06:16:58Z"
            }
        },
        {
            "kind": "youtube#searchResult",
            "etag": "1S1yUIXkOtQDga3P4QfX-6kwf34",
            "id": {
                "kind": "youtube#video",
                "videoId": "TLsI5k0qju0"
            },
            "snippet": {
                "publishedAt": "2022-01-25T03:00:08Z",
                "channelId": "UCHclKwGnyA8YGfR7pY---gw",
                "title": "PASIEN DEMAM BERDARAH NING KUDUS NINGKAT",
                "description": "PASIEN DB SENG DI DOMINASI BOCAH CILIK NINGKAT/ LONJAKAN PASIEN DB GAWE PIHAK RUMAH SAKIT KUDU ...",
                "thumbnails": {
                    "default": {
                        "url": "https://i.ytimg.com/vi/TLsI5k0qju0/default.jpg",
                        "width": 120,
                        "height": 90
                    },
                    "medium": {
                        "url": "https://i.ytimg.com/vi/TLsI5k0qju0/mqdefault.jpg",
                        "width": 320,
                        "height": 180
                    },
                    "high": {
                        "url": "https://i.ytimg.com/vi/TLsI5k0qju0/hqdefault.jpg",
                        "width": 480,
                        "height": 360
                    }
                },
                "channelTitle": "SIMPANG 5 TV",
                "liveBroadcastContent": "none",
                "publishTime": "2022-01-25T03:00:08Z"
            }
        },
        {
            "kind": "youtube#searchResult",
            "etag": "89SR1pMXx1pIb_TbMaMWbs0l7VY",
            "id": {
                "kind": "youtube#video",
                "videoId": "SDp-YTh0pXI"
            },
            "snippet": {
                "publishedAt": "2022-01-12T06:04:52Z",
                "channelId": "UCUVrUZlvvm3WJ_Vz4VsOMEw",
                "title": "Jelang Pergantian Musim, Kasus Demam Berdarah di Gianyar Menurun",
                "description": "GIANYAR, KOMPAS TV - Penurunan tingkat perawatan pasien demam berdarah terjadi di kabupaten Gianyar. Di Rumah Sakit ...",
                "thumbnails": {
                    "default": {
                        "url": "https://i.ytimg.com/vi/SDp-YTh0pXI/default.jpg",
                        "width": 120,
                        "height": 90
                    },
                    "medium": {
                        "url": "https://i.ytimg.com/vi/SDp-YTh0pXI/mqdefault.jpg",
                        "width": 320,
                        "height": 180
                    },
                    "high": {
                        "url": "https://i.ytimg.com/vi/SDp-YTh0pXI/hqdefault.jpg",
                        "width": 480,
                        "height": 360
                    }
                },
                "channelTitle": "KOMPASTV DEWATA",
                "liveBroadcastContent": "none",
                "publishTime": "2022-01-12T06:04:52Z"
            }
        },
        {
            "kind": "youtube#searchResult",
            "etag": "PsipaK2zQ5HJ3OY5WYgrNs6wmIc",
            "id": {
                "kind": "youtube#video",
                "videoId": "lYeDZNA-w8o"
            },
            "snippet": {
                "publishedAt": "2022-01-16T13:02:54Z",
                "channelId": "UChxtOgd6SkAnTeHyh_j6i7Q",
                "title": "FOGGING NYAMUK DEMAM BERDARAH di BaseCamp TOPMER",
                "description": "",
                "thumbnails": {
                    "default": {
                        "url": "https://i.ytimg.com/vi/lYeDZNA-w8o/default.jpg",
                        "width": 120,
                        "height": 90
                    },
                    "medium": {
                        "url": "https://i.ytimg.com/vi/lYeDZNA-w8o/mqdefault.jpg",
                        "width": 320,
                        "height": 180
                    },
                    "high": {
                        "url": "https://i.ytimg.com/vi/lYeDZNA-w8o/hqdefault.jpg",
                        "width": 480,
                        "height": 360
                    }
                },
                "channelTitle": "Relawan SATIRI TOPMER",
                "liveBroadcastContent": "none",
                "publishTime": "2022-01-16T13:02:54Z"
            }
        },
        {
            "kind": "youtube#searchResult",
            "etag": "KxtuvLx1MTt52MvKJeovxyvWmkE",
            "id": {
                "kind": "youtube#video",
                "videoId": "i-PqFRPwtks"
            },
            "snippet": {
                "publishedAt": "2022-01-14T10:54:51Z",
                "channelId": "UCdfXIJ9-o5lxwnPCUSUOvxQ",
                "title": "DEYSE MULINGKA: WASPADA DEMAM BERDARAH",
                "description": "Laporan Dirno Kaghoo.",
                "thumbnails": {
                    "default": {
                        "url": "https://i.ytimg.com/vi/i-PqFRPwtks/default.jpg",
                        "width": 120,
                        "height": 90
                    },
                    "medium": {
                        "url": "https://i.ytimg.com/vi/i-PqFRPwtks/mqdefault.jpg",
                        "width": 320,
                        "height": 180
                    },
                    "high": {
                        "url": "https://i.ytimg.com/vi/i-PqFRPwtks/hqdefault.jpg",
                        "width": 480,
                        "height": 360
                    }
                },
                "channelTitle": "Berita Desa",
                "liveBroadcastContent": "none",
                "publishTime": "2022-01-14T10:54:51Z"
            }
        },
        {
            "kind": "youtube#searchResult",
            "etag": "paWrdS_dd_QM8VaIdpDTvuopbgA",
            "id": {
                "kind": "youtube#video",
                "videoId": "wtoc5S0R4ZM"
            },
            "snippet": {
                "publishedAt": "2022-01-12T03:11:52Z",
                "channelId": "UCcK5OyGNDiu_UGIA6RJIj7w",
                "title": "MITOS DAN FAKTA SEPUTAR DEMAM BERDARAH DENGUE",
                "description": "MITOS DAN FAKTA SEPUTAR DEMAM BERDARAH DENGUE Apa saja mitos dan fakta demam berdarah dengue ? simak terus ...",
                "thumbnails": {
                    "default": {
                        "url": "https://i.ytimg.com/vi/wtoc5S0R4ZM/default.jpg",
                        "width": 120,
                        "height": 90
                    },
                    "medium": {
                        "url": "https://i.ytimg.com/vi/wtoc5S0R4ZM/mqdefault.jpg",
                        "width": 320,
                        "height": 180
                    },
                    "high": {
                        "url": "https://i.ytimg.com/vi/wtoc5S0R4ZM/hqdefault.jpg",
                        "width": 480,
                        "height": 360
                    }
                },
                "channelTitle": "Dokter Fery TV",
                "liveBroadcastContent": "none",
                "publishTime": "2022-01-12T03:11:52Z"
            }
        },
        {
            "kind": "youtube#searchResult",
            "etag": "qg-tiKfh0jZdwhXzLZDE4FB3AdI",
            "id": {
                "kind": "youtube#video",
                "videoId": "1c-D6DJA8f8"
            },
            "snippet": {
                "publishedAt": "2022-01-21T07:18:20Z",
                "channelId": "UCLCco_TxM-0NE3VJcZgYr5Q",
                "title": "Waspada Demam Berdarah - SD Mutiara Hati Ponorogo",
                "description": "Kegiatan siswa dan guru dalam membersihkan lingkungan sekolah agar sekolah menjadi nyaman dan bersih dari sampah serta ...",
                "thumbnails": {
                    "default": {
                        "url": "https://i.ytimg.com/vi/1c-D6DJA8f8/default.jpg",
                        "width": 120,
                        "height": 90
                    },
                    "medium": {
                        "url": "https://i.ytimg.com/vi/1c-D6DJA8f8/mqdefault.jpg",
                        "width": 320,
                        "height": 180
                    },
                    "high": {
                        "url": "https://i.ytimg.com/vi/1c-D6DJA8f8/hqdefault.jpg",
                        "width": 480,
                        "height": 360
                    }
                },
                "channelTitle": "SD Mutiara Hati",
                "liveBroadcastContent": "none",
                "publishTime": "2022-01-21T07:18:20Z"
            }
        },
        {
            "kind": "youtube#searchResult",
            "etag": "PogotyQqd93ZvhYTXyI8oQm2MWo",
            "id": {
                "kind": "youtube#video",
                "videoId": "6i425yXKVmw"
            },
            "snippet": {
                "publishedAt": "2021-12-03T11:00:34Z",
                "channelId": "UCT5r7M778AN-QGBcMamn9Ew",
                "title": "Gotong Royong || Mencegah Demam Berdarah Dengue, Membersihkan Lingkungan Sekolah || KKKS KEC. LEMBAR",
                "description": "",
                "thumbnails": {
                    "default": {
                        "url": "https://i.ytimg.com/vi/6i425yXKVmw/default.jpg",
                        "width": 120,
                        "height": 90
                    },
                    "medium": {
                        "url": "https://i.ytimg.com/vi/6i425yXKVmw/mqdefault.jpg",
                        "width": 320,
                        "height": 180
                    },
                    "high": {
                        "url": "https://i.ytimg.com/vi/6i425yXKVmw/hqdefault.jpg",
                        "width": 480,
                        "height": 360
                    }
                },
                "channelTitle": "SABLI EGOK",
                "liveBroadcastContent": "none",
                "publishTime": "2021-12-03T11:00:34Z"
            }
        },
        {
            "kind": "youtube#searchResult",
            "etag": "pgirKHPeIOg6URpFPoo1gC3FBAU",
            "id": {
                "kind": "youtube#video",
                "videoId": "EaFOUqVK3vw"
            },
            "snippet": {
                "publishedAt": "2021-12-28T10:23:39Z",
                "channelId": "UCrokHwjRI63m7as2dn4Rd4w",
                "title": "PONOROGO - Kasus Demam Berdarah Kembali Meningkat",
                "description": "Kasus demam berdarah dibeberapa rumah sakit di Ponorogo, kembali meningkat. Di RSUD Dokter Hardjono Ponorogo, jumlah ...",
                "thumbnails": {
                    "default": {
                        "url": "https://i.ytimg.com/vi/EaFOUqVK3vw/default.jpg",
                        "width": 120,
                        "height": 90
                    },
                    "medium": {
                        "url": "https://i.ytimg.com/vi/EaFOUqVK3vw/mqdefault.jpg",
                        "width": 320,
                        "height": 180
                    },
                    "high": {
                        "url": "https://i.ytimg.com/vi/EaFOUqVK3vw/hqdefault.jpg",
                        "width": 480,
                        "height": 360
                    }
                },
                "channelTitle": "SAKTI TV MADIUN",
                "liveBroadcastContent": "none",
                "publishTime": "2021-12-28T10:23:39Z"
            }
        },
        {
            "kind": "youtube#searchResult",
            "etag": "qzk4gOdy0mQV0J538KbtKHw3azM",
            "id": {
                "kind": "youtube#video",
                "videoId": "8_R3gME0jm8"
            },
            "snippet": {
                "publishedAt": "2021-11-22T03:09:51Z",
                "channelId": "UCxm1SZ5wpFdXjbwp8piCkcQ",
                "title": "Demam Berdarah",
                "description": "",
                "thumbnails": {
                    "default": {
                        "url": "https://i.ytimg.com/vi/8_R3gME0jm8/default.jpg",
                        "width": 120,
                        "height": 90
                    },
                    "medium": {
                        "url": "https://i.ytimg.com/vi/8_R3gME0jm8/mqdefault.jpg",
                        "width": 320,
                        "height": 180
                    },
                    "high": {
                        "url": "https://i.ytimg.com/vi/8_R3gME0jm8/hqdefault.jpg",
                        "width": 480,
                        "height": 360
                    }
                },
                "channelTitle": "Maria Indah Susanti",
                "liveBroadcastContent": "none",
                "publishTime": "2021-11-22T03:09:51Z"
            }
        },
        {
            "kind": "youtube#searchResult",
            "etag": "rNtelDL47obyZ3EI03cvS-5G9Lw",
            "id": {
                "kind": "youtube#video",
                "videoId": "YM-doMZ0HQk"
            },
            "snippet": {
                "publishedAt": "2022-01-23T14:46:40Z",
                "channelId": "UCs2mmIkQbnCn58rngaNEU1A",
                "title": "Faktor Penyebab demam berdarah😨 || Drama anak || Drama Indonesia ✨",
                "description": "halo teman² terimakasih udah klik video ini oh ya..... aku cuma mau bilang jangan lupa , like, komen,share dan subscribe ya agar ...",
                "thumbnails": {
                    "default": {
                        "url": "https://i.ytimg.com/vi/YM-doMZ0HQk/default.jpg",
                        "width": 120,
                        "height": 90
                    },
                    "medium": {
                        "url": "https://i.ytimg.com/vi/YM-doMZ0HQk/mqdefault.jpg",
                        "width": 320,
                        "height": 180
                    },
                    "high": {
                        "url": "https://i.ytimg.com/vi/YM-doMZ0HQk/hqdefault.jpg",
                        "width": 480,
                        "height": 360
                    }
                },
                "channelTitle": "Tania & Atapia ch",
                "liveBroadcastContent": "none",
                "publishTime": "2022-01-23T14:46:40Z"
            }
        },
        {
            "kind": "youtube#searchResult",
            "etag": "parU4rVyXJuyGW_JJUCWkyTdbdg",
            "id": {
                "kind": "youtube#video",
                "videoId": "mT2J5NoVEL4"
            },
            "snippet": {
                "publishedAt": "2021-12-02T04:34:44Z",
                "channelId": "UCzOqma9XFWuaipPAjnK5GNA",
                "title": "bersihkan selokan biar jauh dari demam berdarah #dbdshorts",
                "description": "bersihkan.",
                "thumbnails": {
                    "default": {
                        "url": "https://i.ytimg.com/vi/mT2J5NoVEL4/default.jpg",
                        "width": 120,
                        "height": 90
                    },
                    "medium": {
                        "url": "https://i.ytimg.com/vi/mT2J5NoVEL4/mqdefault.jpg",
                        "width": 320,
                        "height": 180
                    },
                    "high": {
                        "url": "https://i.ytimg.com/vi/mT2J5NoVEL4/hqdefault.jpg",
                        "width": 480,
                        "height": 360
                    }
                },
                "channelTitle": "PARMAN CHANNELtv20",
                "liveBroadcastContent": "none",
                "publishTime": "2021-12-02T04:34:44Z"
            }
        },
        {
            "kind": "youtube#searchResult",
            "etag": "MFfLBthR-vfdmLgrOW7ZrDzR6Io",
            "id": {
                "kind": "youtube#video",
                "videoId": "szHmMTlFFsc"
            },
            "snippet": {
                "publishedAt": "2021-12-28T09:15:30Z",
                "channelId": "UCB5Po_KI0Red3d7rhts8w0Q",
                "title": "CEGAH DEMAM BERDARAH, LAPAS SUBANG LAKUKAN FOGGING !!!",
                "description": "Selasa, 28 Desember 2021. Lapas Subang bekerjasama dengan Dinas Kesehatan Kabupaten Subang lakukan Fogging dalam ...",
                "thumbnails": {
                    "default": {
                        "url": "https://i.ytimg.com/vi/szHmMTlFFsc/default.jpg",
                        "width": 120,
                        "height": 90
                    },
                    "medium": {
                        "url": "https://i.ytimg.com/vi/szHmMTlFFsc/mqdefault.jpg",
                        "width": 320,
                        "height": 180
                    },
                    "high": {
                        "url": "https://i.ytimg.com/vi/szHmMTlFFsc/hqdefault.jpg",
                        "width": 480,
                        "height": 360
                    }
                },
                "channelTitle": "Lapas Subang",
                "liveBroadcastContent": "none",
                "publishTime": "2021-12-28T09:15:30Z"
            }
        },
        {
            "kind": "youtube#searchResult",
            "etag": "TXveFaIOr_Py6x-R_qsFjorjAYw",
            "id": {
                "kind": "youtube#video",
                "videoId": "P7ME7hzcUNo"
            },
            "snippet": {
                "publishedAt": "2021-12-07T11:25:28Z",
                "channelId": "UCXMZyrj6V7NphJJIfJ3hWjA",
                "title": "Fogging yamuk Demam Berdarah ke warga,terjangkit DBD",
                "description": "Peyemprotan pogging ke warga Rw 05 ,bersama Dinas Kesehatan Cidahu serta Para Rt,Rw Desa dan Babinsa ...",
                "thumbnails": {
                    "default": {
                        "url": "https://i.ytimg.com/vi/P7ME7hzcUNo/default.jpg",
                        "width": 120,
                        "height": 90
                    },
                    "medium": {
                        "url": "https://i.ytimg.com/vi/P7ME7hzcUNo/mqdefault.jpg",
                        "width": 320,
                        "height": 180
                    },
                    "high": {
                        "url": "https://i.ytimg.com/vi/P7ME7hzcUNo/hqdefault.jpg",
                        "width": 480,
                        "height": 360
                    }
                },
                "channelTitle": "Rt Padil",
                "liveBroadcastContent": "none",
                "publishTime": "2021-12-07T11:25:28Z"
            }
        },
        {
            "kind": "youtube#searchResult",
            "etag": "tpaEmLHwG5OTjQXAC4evWCxoe8s",
            "id": {
                "kind": "youtube#video",
                "videoId": "Cd3VkKmhvCw"
            },
            "snippet": {
                "publishedAt": "2022-01-10T12:00:07Z",
                "channelId": "UC5nViBoY4P0u2pynENd_CzQ",
                "title": "PEMDA IMBAU WARGA WASPADA DEMAM BERDARAH",
                "description": "BERITA MATARAM - SCTV MATARAM ------------------------------------------------------------------------------------------------------------ untuk ...",
                "thumbnails": {
                    "default": {
                        "url": "https://i.ytimg.com/vi/Cd3VkKmhvCw/default.jpg",
                        "width": 120,
                        "height": 90
                    },
                    "medium": {
                        "url": "https://i.ytimg.com/vi/Cd3VkKmhvCw/mqdefault.jpg",
                        "width": 320,
                        "height": 180
                    },
                    "high": {
                        "url": "https://i.ytimg.com/vi/Cd3VkKmhvCw/hqdefault.jpg",
                        "width": 480,
                        "height": 360
                    }
                },
                "channelTitle": "sctv mataram",
                "liveBroadcastContent": "none",
                "publishTime": "2022-01-10T12:00:07Z"
            }
        },
        {
            "kind": "youtube#searchResult",
            "etag": "0njFYsU3jAZEGUwlftEMqgErJHc",
            "id": {
                "kind": "youtube#video",
                "videoId": "OxuwZhR-9yc"
            },
            "snippet": {
                "publishedAt": "2021-12-23T23:30:05Z",
                "channelId": "UCqA_7X6jLLkAlfp3MGkN6XQ",
                "title": "CEGAH DEMAM BERDARAH DENGAN PEMBERANTASAN JENTIK NYAMUK",
                "description": "ANTISIPASI DEMAM BERDARAH DANGUE (DBD)/ YANG MEREBAK SAAT MUSIM HUJAN/ PUSKESMAS MIJEN/ KOTA ...",
                "thumbnails": {
                    "default": {
                        "url": "https://i.ytimg.com/vi/OxuwZhR-9yc/default.jpg",
                        "width": 120,
                        "height": 90
                    },
                    "medium": {
                        "url": "https://i.ytimg.com/vi/OxuwZhR-9yc/mqdefault.jpg",
                        "width": 320,
                        "height": 180
                    },
                    "high": {
                        "url": "https://i.ytimg.com/vi/OxuwZhR-9yc/hqdefault.jpg",
                        "width": 480,
                        "height": 360
                    }
                },
                "channelTitle": "Semarang an",
                "liveBroadcastContent": "none",
                "publishTime": "2021-12-23T23:30:05Z"
            }
        },
        {
            "kind": "youtube#searchResult",
            "etag": "mgSSpTmI_7RxXJE3M8bKbMtmYvI",
            "id": {
                "kind": "youtube#video",
                "videoId": "7NeLOxSHat4"
            },
            "snippet": {
                "publishedAt": "2021-12-22T18:59:40Z",
                "channelId": "UCmPuWQf1mVLgJhxslEQ_Z_w",
                "title": "DEMAM BERDARAH DENGUE HARUS DIANTISIPASI DENGAN CEPAT | Kecil-Kecil BAHAYA | Episode 6 | Web Series",
                "description": "Melakukan tindakan cepat membawa pasien demam berdarah dengue ke Rumah Sakit adalah tindakan yang tepat, sehingga hal ...",
                "thumbnails": {
                    "default": {
                        "url": "https://i.ytimg.com/vi/7NeLOxSHat4/default.jpg",
                        "width": 120,
                        "height": 90
                    },
                    "medium": {
                        "url": "https://i.ytimg.com/vi/7NeLOxSHat4/mqdefault.jpg",
                        "width": 320,
                        "height": 180
                    },
                    "high": {
                        "url": "https://i.ytimg.com/vi/7NeLOxSHat4/hqdefault.jpg",
                        "width": 480,
                        "height": 360
                    }
                },
                "channelTitle": "Iboy McHardy Film Director",
                "liveBroadcastContent": "none",
                "publishTime": "2021-12-22T18:59:40Z"
            }
        },
        {
            "kind": "youtube#searchResult",
            "etag": "SjU2MBF0ba4wDGdJrSu6OHaYsf8",
            "id": {
                "kind": "youtube#video",
                "videoId": "fXONtH6qud4"
            },
            "snippet": {
                "publishedAt": "2021-09-05T01:07:29Z",
                "channelId": "UCPgnwwSIPwAxCYmFu8oqzmA",
                "title": "DEMAM BERDARAH MULAI...GUNAKAN  MESIN FOGGING PAK RT",
                "description": "MESIN FOGGING SERING BGT KITA LIHAT MACET. CUMA BS MERAUNG2X TANPA ADA ASAP. KL DI ANGKAT JG BERAT ...",
                "thumbnails": {
                    "default": {
                        "url": "https://i.ytimg.com/vi/fXONtH6qud4/default.jpg",
                        "width": 120,
                        "height": 90
                    },
                    "medium": {
                        "url": "https://i.ytimg.com/vi/fXONtH6qud4/mqdefault.jpg",
                        "width": 320,
                        "height": 180
                    },
                    "high": {
                        "url": "https://i.ytimg.com/vi/fXONtH6qud4/hqdefault.jpg",
                        "width": 480,
                        "height": 360
                    }
                },
                "channelTitle": "YASKUR JAMHUR",
                "liveBroadcastContent": "none",
                "publishTime": "2021-09-05T01:07:29Z"
            }
        },
        {
            "kind": "youtube#searchResult",
            "etag": "MbHg1sJDylCY21reNrnY8DTm5ok",
            "id": {
                "kind": "youtube#video",
                "videoId": "Zz2fkL6HkdE"
            },
            "snippet": {
                "publishedAt": "2021-11-23T11:45:25Z",
                "channelId": "UC5nViBoY4P0u2pynENd_CzQ",
                "title": "RATUSAN WARGA TERJANGKIT DEMAM BERDARAH",
                "description": "BERITA MATARAM - SCTV MATARAM ------------------------------------------------------------------------------------------------------------ untuk ...",
                "thumbnails": {
                    "default": {
                        "url": "https://i.ytimg.com/vi/Zz2fkL6HkdE/default.jpg",
                        "width": 120,
                        "height": 90
                    },
                    "medium": {
                        "url": "https://i.ytimg.com/vi/Zz2fkL6HkdE/mqdefault.jpg",
                        "width": 320,
                        "height": 180
                    },
                    "high": {
                        "url": "https://i.ytimg.com/vi/Zz2fkL6HkdE/hqdefault.jpg",
                        "width": 480,
                        "height": 360
                    }
                },
                "channelTitle": "sctv mataram",
                "liveBroadcastContent": "none",
                "publishTime": "2021-11-23T11:45:25Z"
            }
        },
        {
            "kind": "youtube#searchResult",
            "etag": "oAFDoIGFmGkFOEoIfRmpXZ_75Fo",
            "id": {
                "kind": "youtube#video",
                "videoId": "MlInFijNy6Y"
            },
            "snippet": {
                "publishedAt": "2022-01-02T12:10:21Z",
                "channelId": "UCO1gHtJI-CkYZKKSorxBNlA",
                "title": "HYPER RUBY BUILD MERAH 🔥  SEKALI SABIT DEMAM BERDARAH ❗",
                "description": "HYPER RUBY BUILD MERAH ❗   SEKALI SABIT DEMAM BERDARAH ❗ Find me on! Facebook ...",
                "thumbnails": {
                    "default": {
                        "url": "https://i.ytimg.com/vi/MlInFijNy6Y/default.jpg",
                        "width": 120,
                        "height": 90
                    },
                    "medium": {
                        "url": "https://i.ytimg.com/vi/MlInFijNy6Y/mqdefault.jpg",
                        "width": 320,
                        "height": 180
                    },
                    "high": {
                        "url": "https://i.ytimg.com/vi/MlInFijNy6Y/hqdefault.jpg",
                        "width": 480,
                        "height": 360
                    }
                },
                "channelTitle": "Nataevrin",
                "liveBroadcastContent": "none",
                "publishTime": "2022-01-02T12:10:21Z"
            }
        },
        {
            "kind": "youtube#searchResult",
            "etag": "_240o_5vWSN4vRZ2ihDvU9m0BTs",
            "id": {
                "kind": "youtube#video",
                "videoId": "f19j75TGer0"
            },
            "snippet": {
                "publishedAt": "2021-12-10T11:06:01Z",
                "channelId": "UCO4lPJaVCCnj1ag1IEL1oiw",
                "title": "KASUS DEMAM BERDARAH DI PATI  ALAMI KENAIKAN",
                "description": "LINGKAR TV Aplikasi dapat Diunduh di Playstore Lingkartv secara konten sudah masuk kategori TV regional di Jawa Tengah ...",
                "thumbnails": {
                    "default": {
                        "url": "https://i.ytimg.com/vi/f19j75TGer0/default.jpg",
                        "width": 120,
                        "height": 90
                    },
                    "medium": {
                        "url": "https://i.ytimg.com/vi/f19j75TGer0/mqdefault.jpg",
                        "width": 320,
                        "height": 180
                    },
                    "high": {
                        "url": "https://i.ytimg.com/vi/f19j75TGer0/hqdefault.jpg",
                        "width": 480,
                        "height": 360
                    }
                },
                "channelTitle": "LINGKAR TV ",
                "liveBroadcastContent": "none",
                "publishTime": "2021-12-10T11:06:01Z"
            }
        },
        {
            "kind": "youtube#searchResult",
            "etag": "GfIsh0dDPLMlLlXJwINSl2oHrfo",
            "id": {
                "kind": "youtube#video",
                "videoId": "mqxpGGzql2c"
            },
            "snippet": {
                "publishedAt": "2022-01-23T00:49:32Z",
                "channelId": "UClRzEFMaB98r-YGBa_myBVA",
                "title": "Penanggulangan demam berdarah dengue dengan cara fogging foccus agar penularannya tidak meluas",
                "description": "foggingfoccus #foggingdbd #foggingnyamuk #surveilanschannel Penanggulangan demam berdarah dengue dengan cara ...",
                "thumbnails": {
                    "default": {
                        "url": "https://i.ytimg.com/vi/mqxpGGzql2c/default.jpg",
                        "width": 120,
                        "height": 90
                    },
                    "medium": {
                        "url": "https://i.ytimg.com/vi/mqxpGGzql2c/mqdefault.jpg",
                        "width": 320,
                        "height": 180
                    },
                    "high": {
                        "url": "https://i.ytimg.com/vi/mqxpGGzql2c/hqdefault.jpg",
                        "width": 480,
                        "height": 360
                    }
                },
                "channelTitle": "SURVEILANS Channel",
                "liveBroadcastContent": "none",
                "publishTime": "2022-01-23T00:49:32Z"
            }
        },
        {
            "kind": "youtube#searchResult",
            "etag": "mxJg4KE_-QMKgBwnvvfjoMLh0sk",
            "id": {
                "kind": "youtube#video",
                "videoId": "dk1GxnMOm8s"
            },
            "snippet": {
                "publishedAt": "2022-01-09T10:15:53Z",
                "channelId": "UCn2hiBPBCAKdERhaxjesZrQ",
                "title": "Fakta Nyamuk | Shortsdbdgejala demam berdarah",
                "description": "Fakta Nyamuk nyamuk demam berdarah #dbd demam berdarah, malaria, zika, nyamuk, nyamuk terbesar didunia, nyamuk ...",
                "thumbnails": {
                    "default": {
                        "url": "https://i.ytimg.com/vi/dk1GxnMOm8s/default.jpg",
                        "width": 120,
                        "height": 90
                    },
                    "medium": {
                        "url": "https://i.ytimg.com/vi/dk1GxnMOm8s/mqdefault.jpg",
                        "width": 320,
                        "height": 180
                    },
                    "high": {
                        "url": "https://i.ytimg.com/vi/dk1GxnMOm8s/hqdefault.jpg",
                        "width": 480,
                        "height": 360
                    }
                },
                "channelTitle": "MANUMBEO",
                "liveBroadcastContent": "none",
                "publishTime": "2022-01-09T10:15:53Z"
            }
        },
        {
            "kind": "youtube#searchResult",
            "etag": "brcgYQ_H8pHzu4mOjDY5aK6qII4",
            "id": {
                "kind": "youtube#video",
                "videoId": "rdnmJTyhgaQ"
            },
            "snippet": {
                "publishedAt": "2022-01-08T07:05:10Z",
                "channelId": "UCUYHuPpt7F_Jw72ZcwlFnAQ",
                "title": "Penyelidikan Epidemiologi Kasus DBD (Demam Berdarah Dengue) Kel.Bumi Agung - Puskesmas Kalianda",
                "description": "Penyelidikan Epidemiologi Kasus Demam Berdarah di Desa/Kel. Bumi Agung Kec. Kalianda Kabupaten Lampung Selatan ...",
                "thumbnails": {
                    "default": {
                        "url": "https://i.ytimg.com/vi/rdnmJTyhgaQ/default.jpg",
                        "width": 120,
                        "height": 90
                    },
                    "medium": {
                        "url": "https://i.ytimg.com/vi/rdnmJTyhgaQ/mqdefault.jpg",
                        "width": 320,
                        "height": 180
                    },
                    "high": {
                        "url": "https://i.ytimg.com/vi/rdnmJTyhgaQ/hqdefault.jpg",
                        "width": 480,
                        "height": 360
                    }
                },
                "channelTitle": "Densi Zulkarnain",
                "liveBroadcastContent": "none",
                "publishTime": "2022-01-08T07:05:10Z"
            }
        }
    ]
}