{
  "kind": "youtube#searchListResponse",
  "etag": "114zDBys-362IXsIYYxfQoH1lVg",
  "nextPageToken": "CDIQAA",
  "regionCode": "NL",
  "pageInfo": {
    "totalResults": 1000000,
    "resultsPerPage": 50
  },
  "items": [
    {
      "kind": "youtube#searchResult",
      "etag": "398KIBn7k7HvPpU8aGQP-7N_y84",
      "id": {
        "kind": "youtube#video",
        "videoId": "nAqTKctKV8c"
      },
      "snippet": {
        "publishedAt": "2020-10-12T21:00:06Z",
        "channelId": "UCNI0qOojpkhsUtaQ4_2NUhQ",
        "title": "Malaria - causes, symptoms, diagnosis, treatment, pathology",
        "description": "What is malaria? Malaria's a mosquito-borne infectious disease common in tropical and subtropical regions of the world, that's ...",
        "thumbnails": {
          "default": {
            "url": "https://i.ytimg.com/vi/nAqTKctKV8c/default.jpg",
            "width": 120,
            "height": 90
          },
          "medium": {
            "url": "https://i.ytimg.com/vi/nAqTKctKV8c/mqdefault.jpg",
            "width": 320,
            "height": 180
          },
          "high": {
            "url": "https://i.ytimg.com/vi/nAqTKctKV8c/hqdefault.jpg",
            "width": 480,
            "height": 360
          }
        },
        "channelTitle": "Osmosis",
        "liveBroadcastContent": "none",
        "publishTime": "2020-10-12T21:00:06Z"
      }
    },
    {
      "kind": "youtube#searchResult",
      "etag": "oIbE23bUG8qvZeYii9Q4iPkBFRA",
      "id": {
        "kind": "youtube#video",
        "videoId": "dyprqPM1rHI"
      },
      "snippet": {
        "publishedAt": "2013-06-08T22:09:16Z",
        "channelId": "UCesNt4_Z-Pm41RzpAClfVcg",
        "title": "Malaria - Plasmodium",
        "description": "http://armandoh.org/ https://www.facebook.com/ArmandoHasudungan Support me: http://www.patreon.com/armando Instagram: ...",
        "thumbnails": {
          "default": {
            "url": "https://i.ytimg.com/vi/dyprqPM1rHI/default.jpg",
            "width": 120,
            "height": 90
          },
          "medium": {
            "url": "https://i.ytimg.com/vi/dyprqPM1rHI/mqdefault.jpg",
            "width": 320,
            "height": 180
          },
          "high": {
            "url": "https://i.ytimg.com/vi/dyprqPM1rHI/hqdefault.jpg",
            "width": 480,
            "height": 360
          }
        },
        "channelTitle": "Armando Hasudungan",
        "liveBroadcastContent": "none",
        "publishTime": "2013-06-08T22:09:16Z"
      }
    },
    {
      "kind": "youtube#searchResult",
      "etag": "ZhUx3Q7MCL-aNoCs8mDFtjhWY8g",
      "id": {
        "kind": "youtube#video",
        "videoId": "TnzcwTyr6cE"
      },
      "snippet": {
        "publishedAt": "2016-09-21T12:36:46Z",
        "channelId": "UCsXVk37bltHxD1rDPwtNM8Q",
        "title": "Genetic Engineering and Diseases – Gene Drive &amp; Malaria",
        "description": "We have the choice to attack one of our oldest enemies with genetic engineering. But should we do it? OUR CHANNELS ...",
        "thumbnails": {
          "default": {
            "url": "https://i.ytimg.com/vi/TnzcwTyr6cE/default.jpg",
            "width": 120,
            "height": 90
          },
          "medium": {
            "url": "https://i.ytimg.com/vi/TnzcwTyr6cE/mqdefault.jpg",
            "width": 320,
            "height": 180
          },
          "high": {
            "url": "https://i.ytimg.com/vi/TnzcwTyr6cE/hqdefault.jpg",
            "width": 480,
            "height": 360
          }
        },
        "channelTitle": "Kurzgesagt – In a Nutshell",
        "liveBroadcastContent": "none",
        "publishTime": "2016-09-21T12:36:46Z"
      }
    },
    {
      "kind": "youtube#searchResult",
      "etag": "VQxVgEr18BRX8fw_DSNhsB5UMbI",
      "id": {
        "kind": "youtube#video",
        "videoId": "BVRnNbb9cLU"
      },
      "snippet": {
        "publishedAt": "2020-04-15T11:30:03Z",
        "channelId": "UCiTjCIT_9EXV1Wp1cY0zaUA",
        "title": "Malaria and Life Cycle of Plasmodium | Diseases | Don&#39;t Memorise",
        "description": "A small insect like a female anopheles mosquito can also prove deadly. And how is that possible? The small creature is a ...",
        "thumbnails": {
          "default": {
            "url": "https://i.ytimg.com/vi/BVRnNbb9cLU/default.jpg",
            "width": 120,
            "height": 90
          },
          "medium": {
            "url": "https://i.ytimg.com/vi/BVRnNbb9cLU/mqdefault.jpg",
            "width": 320,
            "height": 180
          },
          "high": {
            "url": "https://i.ytimg.com/vi/BVRnNbb9cLU/hqdefault.jpg",
            "width": 480,
            "height": 360
          }
        },
        "channelTitle": "Don't Memorise",
        "liveBroadcastContent": "none",
        "publishTime": "2020-04-15T11:30:03Z"
      }
    },
    {
      "kind": "youtube#searchResult",
      "etag": "2P0P53-dec-oj33m11ZudRD7VB4",
      "id": {
        "kind": "youtube#video",
        "videoId": "gwYIyjwYluc"
      },
      "snippet": {
        "publishedAt": "2014-12-09T13:09:26Z",
        "channelId": "UC07-dOwgza1IguKA86jqxNA",
        "title": "WHO: Key facts about Malaria (updated)",
        "description": "Half of the world's population is at risk of Malaria. This video is an introduction to this disease with a few key facts about its global ...",
        "thumbnails": {
          "default": {
            "url": "https://i.ytimg.com/vi/gwYIyjwYluc/default.jpg",
            "width": 120,
            "height": 90
          },
          "medium": {
            "url": "https://i.ytimg.com/vi/gwYIyjwYluc/mqdefault.jpg",
            "width": 320,
            "height": 180
          },
          "high": {
            "url": "https://i.ytimg.com/vi/gwYIyjwYluc/hqdefault.jpg",
            "width": 480,
            "height": 360
          }
        },
        "channelTitle": "World Health Organization (WHO)",
        "liveBroadcastContent": "none",
        "publishTime": "2014-12-09T13:09:26Z"
      }
    },
    {
      "kind": "youtube#searchResult",
      "etag": "hS9qzMoV9rP5HlDYeQdfU-KI85w",
      "id": {
        "kind": "youtube#video",
        "videoId": "1v55yg0RfoY"
      },
      "snippet": {
        "publishedAt": "2016-02-19T04:50:27Z",
        "channelId": "UCdBrXvlJn60zgpIQcZ0Fe7w",
        "title": "Malaria Lifecycle Part 1: Human Host (2016)",
        "description": "This visualization reconstructs malaria infection of a human child via mosquito bite, through invasion of cellular tissues including ...",
        "thumbnails": {
          "default": {
            "url": "https://i.ytimg.com/vi/1v55yg0RfoY/default.jpg",
            "width": 120,
            "height": 90
          },
          "medium": {
            "url": "https://i.ytimg.com/vi/1v55yg0RfoY/mqdefault.jpg",
            "width": 320,
            "height": 180
          },
          "high": {
            "url": "https://i.ytimg.com/vi/1v55yg0RfoY/hqdefault.jpg",
            "width": 480,
            "height": 360
          }
        },
        "channelTitle": "WEHImovies",
        "liveBroadcastContent": "none",
        "publishTime": "2016-02-19T04:50:27Z"
      }
    },
    {
      "kind": "youtube#searchResult",
      "etag": "_bfkKRoLpd0kotMjSQuN_VO96vc",
      "id": {
        "kind": "youtube#video",
        "videoId": "oQmL6XqCKSU"
      },
      "snippet": {
        "publishedAt": "2015-05-26T01:20:32Z",
        "channelId": "UCesNt4_Z-Pm41RzpAClfVcg",
        "title": "Malaria Pathophysiology",
        "description": "http://armandoh.org/ https://www.facebook.com/ArmandoHasudungan Support me: http://www.patreon.com/armando Instagram: ...",
        "thumbnails": {
          "default": {
            "url": "https://i.ytimg.com/vi/oQmL6XqCKSU/default.jpg",
            "width": 120,
            "height": 90
          },
          "medium": {
            "url": "https://i.ytimg.com/vi/oQmL6XqCKSU/mqdefault.jpg",
            "width": 320,
            "height": 180
          },
          "high": {
            "url": "https://i.ytimg.com/vi/oQmL6XqCKSU/hqdefault.jpg",
            "width": 480,
            "height": 360
          }
        },
        "channelTitle": "Armando Hasudungan",
        "liveBroadcastContent": "none",
        "publishTime": "2015-05-26T01:20:32Z"
      }
    },
    {
      "kind": "youtube#searchResult",
      "etag": "xZu_6NKpT_DbF0FZB8CTGkdsQBU",
      "id": {
        "kind": "youtube#video",
        "videoId": "PIrsm8zLEAU"
      },
      "snippet": {
        "publishedAt": "2019-11-12T00:49:45Z",
        "channelId": "UCRi8JQTnKQilJW15uzo7bRQ",
        "title": "Sick History: Malaria",
        "description": "The history of malaria dates way back with examples of the disease in ancient Egyptian texts. Fast forward to today, we have ...",
        "thumbnails": {
          "default": {
            "url": "https://i.ytimg.com/vi/PIrsm8zLEAU/default.jpg",
            "width": 120,
            "height": 90
          },
          "medium": {
            "url": "https://i.ytimg.com/vi/PIrsm8zLEAU/mqdefault.jpg",
            "width": 320,
            "height": 180
          },
          "high": {
            "url": "https://i.ytimg.com/vi/PIrsm8zLEAU/hqdefault.jpg",
            "width": 480,
            "height": 360
          }
        },
        "channelTitle": "GatesFoundation",
        "liveBroadcastContent": "none",
        "publishTime": "2019-11-12T00:49:45Z"
      }
    },
    {
      "kind": "youtube#searchResult",
      "etag": "b0Az-me8_VXY_3rC-xTvJHx9Uo0",
      "id": {
        "kind": "youtube#video",
        "videoId": "38pIp5pZjqE"
      },
      "snippet": {
        "publishedAt": "2015-06-01T14:46:15Z",
        "channelId": "UCaEyCcvZO17MHz4a03t0FTw",
        "title": "Was ist Malaria?!",
        "description": "HOL' DIR JETZT DIE SIMPLECLUB APP!",
        "thumbnails": {
          "default": {
            "url": "https://i.ytimg.com/vi/38pIp5pZjqE/default.jpg",
            "width": 120,
            "height": 90
          },
          "medium": {
            "url": "https://i.ytimg.com/vi/38pIp5pZjqE/mqdefault.jpg",
            "width": 320,
            "height": 180
          },
          "high": {
            "url": "https://i.ytimg.com/vi/38pIp5pZjqE/hqdefault.jpg",
            "width": 480,
            "height": 360
          }
        },
        "channelTitle": "Biologie - simpleclub",
        "liveBroadcastContent": "none",
        "publishTime": "2015-06-01T14:46:15Z"
      }
    },
    {
      "kind": "youtube#searchResult",
      "etag": "TwGCIo_ktCMFwx-7YYLRiks9ON8",
      "id": {
        "kind": "youtube#video",
        "videoId": "qw6jnFqZ-Hk"
      },
      "snippet": {
        "publishedAt": "2018-08-21T07:28:23Z",
        "channelId": "UC-_aWEhUBpH86D1VR0OhVrw",
        "title": "What is Malaria, Causes, Signs and Symptoms, Diagnosis and Treatment.",
        "description": "Malaria is a mosquito-borne infectious disease affecting humans and other animals caused by parasitic single-celled ...",
        "thumbnails": {
          "default": {
            "url": "https://i.ytimg.com/vi/qw6jnFqZ-Hk/default.jpg",
            "width": 120,
            "height": 90
          },
          "medium": {
            "url": "https://i.ytimg.com/vi/qw6jnFqZ-Hk/mqdefault.jpg",
            "width": 320,
            "height": 180
          },
          "high": {
            "url": "https://i.ytimg.com/vi/qw6jnFqZ-Hk/hqdefault.jpg",
            "width": 480,
            "height": 360
          }
        },
        "channelTitle": "Medical Centric",
        "liveBroadcastContent": "none",
        "publishTime": "2018-08-21T07:28:23Z"
      }
    },
    {
      "kind": "youtube#searchResult",
      "etag": "98Mltj99bazr9m2sdbv0So6n_ZM",
      "id": {
        "kind": "youtube#video",
        "videoId": "ArSC70hUt1U"
      },
      "snippet": {
        "publishedAt": "2019-05-26T01:03:32Z",
        "channelId": "UCyPFEcpTShN6NUYlR8Zd2lA",
        "title": "MALARIA - fisiopatología, ciclo de vida, manifestaciones clínicas, diagnóstico y tratamiento",
        "description": "La malaria es una de las enfermedades infecciosas más importantes en el mundo esta es causada por el parásito del género ...",
        "thumbnails": {
          "default": {
            "url": "https://i.ytimg.com/vi/ArSC70hUt1U/default.jpg",
            "width": 120,
            "height": 90
          },
          "medium": {
            "url": "https://i.ytimg.com/vi/ArSC70hUt1U/mqdefault.jpg",
            "width": 320,
            "height": 180
          },
          "high": {
            "url": "https://i.ytimg.com/vi/ArSC70hUt1U/hqdefault.jpg",
            "width": 480,
            "height": 360
          }
        },
        "channelTitle": "Mediversia",
        "liveBroadcastContent": "none",
        "publishTime": "2019-05-26T01:03:32Z"
      }
    },
    {
      "kind": "youtube#searchResult",
      "etag": "sfEHweydt0nmnv7vMR5J9jqieTU",
      "id": {
        "kind": "youtube#video",
        "videoId": "0DvRx7pFBwo"
      },
      "snippet": {
        "publishedAt": "2014-04-03T13:24:58Z",
        "channelId": "UCSg28bDoEVjVegY4-htQM7A",
        "title": "Fighting Malaria in Africa",
        "description": "Two African mothers struggle to find treatment for their daughters who are battling Malaria. Learn about the severity of the ...",
        "thumbnails": {
          "default": {
            "url": "https://i.ytimg.com/vi/0DvRx7pFBwo/default.jpg",
            "width": 120,
            "height": 90
          },
          "medium": {
            "url": "https://i.ytimg.com/vi/0DvRx7pFBwo/mqdefault.jpg",
            "width": 320,
            "height": 180
          },
          "high": {
            "url": "https://i.ytimg.com/vi/0DvRx7pFBwo/hqdefault.jpg",
            "width": 480,
            "height": 360
          }
        },
        "channelTitle": "Novartis",
        "liveBroadcastContent": "none",
        "publishTime": "2014-04-03T13:24:58Z"
      }
    },
    {
      "kind": "youtube#searchResult",
      "etag": "XRUqp-Ol5lMhRY6pv_qWY1iFOBU",
      "id": {
        "kind": "youtube#video",
        "videoId": "BwxmJ0NhNJI"
      },
      "snippet": {
        "publishedAt": "2014-02-26T22:10:47Z",
        "channelId": "UCqO3GxVYutcugyknCWdAcUA",
        "title": "Beyond Malaria",
        "description": "Now that there are point-of-care rapid diagnostic tests for malaria, health care providers face a new and daunting challenge.",
        "thumbnails": {
          "default": {
            "url": "https://i.ytimg.com/vi/BwxmJ0NhNJI/default.jpg",
            "width": 120,
            "height": 90
          },
          "medium": {
            "url": "https://i.ytimg.com/vi/BwxmJ0NhNJI/mqdefault.jpg",
            "width": 320,
            "height": 180
          },
          "high": {
            "url": "https://i.ytimg.com/vi/BwxmJ0NhNJI/hqdefault.jpg",
            "width": 480,
            "height": 360
          }
        },
        "channelTitle": "NEJM Group",
        "liveBroadcastContent": "none",
        "publishTime": "2014-02-26T22:10:47Z"
      }
    },
    {
      "kind": "youtube#searchResult",
      "etag": "UQNJb2VXLpEMc4-8JHA0HsC5cXQ",
      "id": {
        "kind": "youtube#video",
        "videoId": "NtvJirrHhZM"
      },
      "snippet": {
        "publishedAt": "2015-09-04T22:26:40Z",
        "channelId": "UCJayvjGvKEblkA3KYK1BQQw",
        "title": "The basics of malaria | Infectious diseases | NCLEX-RN | Khan Academy",
        "description": "Visit us (http://www.khanacademy.org/science/healthcare-and-medicine) for health and medicine content or ...",
        "thumbnails": {
          "default": {
            "url": "https://i.ytimg.com/vi/NtvJirrHhZM/default.jpg",
            "width": 120,
            "height": 90
          },
          "medium": {
            "url": "https://i.ytimg.com/vi/NtvJirrHhZM/mqdefault.jpg",
            "width": 320,
            "height": 180
          },
          "high": {
            "url": "https://i.ytimg.com/vi/NtvJirrHhZM/hqdefault.jpg",
            "width": 480,
            "height": 360
          }
        },
        "channelTitle": "khanacademymedicine",
        "liveBroadcastContent": "none",
        "publishTime": "2015-09-04T22:26:40Z"
      }
    },
    {
      "kind": "youtube#searchResult",
      "etag": "M3nJKakDuCDMZX4V8TqrJV5gXho",
      "id": {
        "kind": "youtube#video",
        "videoId": "0uyE046It3o"
      },
      "snippet": {
        "publishedAt": "2014-06-11T14:14:08Z",
        "channelId": "UCdofq4hHbT3ZDzgYUqsDd1A",
        "title": "Malaria Life Cycle Animation: Mosquito Host — HHMI BioInteractive Video",
        "description": "A mosquito becomes infected with malaria when it bites an infected human. Once inside the mosquito, the parasites reproduce in ...",
        "thumbnails": {
          "default": {
            "url": "https://i.ytimg.com/vi/0uyE046It3o/default.jpg",
            "width": 120,
            "height": 90
          },
          "medium": {
            "url": "https://i.ytimg.com/vi/0uyE046It3o/mqdefault.jpg",
            "width": 320,
            "height": 180
          },
          "high": {
            "url": "https://i.ytimg.com/vi/0uyE046It3o/hqdefault.jpg",
            "width": 480,
            "height": 360
          }
        },
        "channelTitle": "biointeractive",
        "liveBroadcastContent": "none",
        "publishTime": "2014-06-11T14:14:08Z"
      }
    },
    {
      "kind": "youtube#searchResult",
      "etag": "NCcegcVBZXs92zEyUpsryQ7LJ24",
      "id": {
        "kind": "youtube#video",
        "videoId": "hZnekAAzH9k"
      },
      "snippet": {
        "publishedAt": "2015-06-09T03:20:40Z",
        "channelId": "UCesNt4_Z-Pm41RzpAClfVcg",
        "title": "Pharmacology and life cycle - Malaria (Antimalarials, pathophysiology, treatment)",
        "description": "http://armandoh.org/ https://www.facebook.com/ArmandoHasudungan Support me: http://www.patreon.com/armando Instagram: ...",
        "thumbnails": {
          "default": {
            "url": "https://i.ytimg.com/vi/hZnekAAzH9k/default.jpg",
            "width": 120,
            "height": 90
          },
          "medium": {
            "url": "https://i.ytimg.com/vi/hZnekAAzH9k/mqdefault.jpg",
            "width": 320,
            "height": 180
          },
          "high": {
            "url": "https://i.ytimg.com/vi/hZnekAAzH9k/hqdefault.jpg",
            "width": 480,
            "height": 360
          }
        },
        "channelTitle": "Armando Hasudungan",
        "liveBroadcastContent": "none",
        "publishTime": "2015-06-09T03:20:40Z"
      }
    },
    {
      "kind": "youtube#searchResult",
      "etag": "IO1UiThnkhldgIGTO8gVndP5FJQ",
      "id": {
        "kind": "youtube#video",
        "videoId": "C-irzHlSpf8"
      },
      "snippet": {
        "publishedAt": "2019-11-14T09:32:23Z",
        "channelId": "UCsvqEZBO-kNmwuDBbKbfL6A",
        "title": "Maria Mota (IMM) 1: Malaria: An Overview",
        "description": "https://www.ibiology.org/human-disease/malaria-parasite Malaria kills about 500000 people per year including many children.",
        "thumbnails": {
          "default": {
            "url": "https://i.ytimg.com/vi/C-irzHlSpf8/default.jpg",
            "width": 120,
            "height": 90
          },
          "medium": {
            "url": "https://i.ytimg.com/vi/C-irzHlSpf8/mqdefault.jpg",
            "width": 320,
            "height": 180
          },
          "high": {
            "url": "https://i.ytimg.com/vi/C-irzHlSpf8/hqdefault.jpg",
            "width": 480,
            "height": 360
          }
        },
        "channelTitle": "iBiology",
        "liveBroadcastContent": "none",
        "publishTime": "2019-11-14T09:32:23Z"
      }
    },
    {
      "kind": "youtube#searchResult",
      "etag": "7ThXQGBbp8N5rMBEIJ8w_MvrfCU",
      "id": {
        "kind": "youtube#video",
        "videoId": "pIHqaCm7xZo"
      },
      "snippet": {
        "publishedAt": "2017-11-28T09:53:44Z",
        "channelId": "UC3gKQ6jBqtv3-rK9F9Jmj2g",
        "title": "Life in the Lab: Working with malaria parasites",
        "description": "Alena Pance is a senior staff scientist in the malaria group at the Wellcome Trust Sanger Institute. In this film she introduces ...",
        "thumbnails": {
          "default": {
            "url": "https://i.ytimg.com/vi/pIHqaCm7xZo/default.jpg",
            "width": 120,
            "height": 90
          },
          "medium": {
            "url": "https://i.ytimg.com/vi/pIHqaCm7xZo/mqdefault.jpg",
            "width": 320,
            "height": 180
          },
          "high": {
            "url": "https://i.ytimg.com/vi/pIHqaCm7xZo/hqdefault.jpg",
            "width": 480,
            "height": 360
          }
        },
        "channelTitle": "yourgenome",
        "liveBroadcastContent": "none",
        "publishTime": "2017-11-28T09:53:44Z"
      }
    },
    {
      "kind": "youtube#searchResult",
      "etag": "4Hcet2YlLUl-prDm17NhI-Tc76s",
      "id": {
        "kind": "youtube#video",
        "videoId": "ste2gIgLsNg"
      },
      "snippet": {
        "publishedAt": "2009-02-27T15:17:52Z",
        "channelId": "UC07-dOwgza1IguKA86jqxNA",
        "title": "Malaria - killer of children",
        "description": "Malaria is one of the biggest killers of young children in Africa, where the number of doctors and health care centres are few and ...",
        "thumbnails": {
          "default": {
            "url": "https://i.ytimg.com/vi/ste2gIgLsNg/default.jpg",
            "width": 120,
            "height": 90
          },
          "medium": {
            "url": "https://i.ytimg.com/vi/ste2gIgLsNg/mqdefault.jpg",
            "width": 320,
            "height": 180
          },
          "high": {
            "url": "https://i.ytimg.com/vi/ste2gIgLsNg/hqdefault.jpg",
            "width": 480,
            "height": 360
          }
        },
        "channelTitle": "World Health Organization (WHO)",
        "liveBroadcastContent": "none",
        "publishTime": "2009-02-27T15:17:52Z"
      }
    },
    {
      "kind": "youtube#searchResult",
      "etag": "Rg4hn1OT2jZBO2Vtg4lXp0n2gCY",
      "id": {
        "kind": "youtube#video",
        "videoId": "snVuPFv49-Y"
      },
      "snippet": {
        "publishedAt": "2020-06-22T14:24:34Z",
        "channelId": "UC1a4RqaEpMsHja5dSlUE1mg",
        "title": "Preventing malaria",
        "description": "In this video from our Malaria Mini course you will learn about the most common prophylactic medications used to avert malaria.",
        "thumbnails": {
          "default": {
            "url": "https://i.ytimg.com/vi/snVuPFv49-Y/default.jpg",
            "width": 120,
            "height": 90
          },
          "medium": {
            "url": "https://i.ytimg.com/vi/snVuPFv49-Y/mqdefault.jpg",
            "width": 320,
            "height": 180
          },
          "high": {
            "url": "https://i.ytimg.com/vi/snVuPFv49-Y/hqdefault.jpg",
            "width": 480,
            "height": 360
          }
        },
        "channelTitle": "Medmastery",
        "liveBroadcastContent": "none",
        "publishTime": "2020-06-22T14:24:34Z"
      }
    },
    {
      "kind": "youtube#searchResult",
      "etag": "nLa7gxBfE6sLZcYYkFjB3zhZZMM",
      "id": {
        "kind": "youtube#video",
        "videoId": "SF242mxtZN8"
      },
      "snippet": {
        "publishedAt": "2013-09-12T16:27:09Z",
        "channelId": "UCAuUUnT6oDeKwE6v1NGQxug",
        "title": "Sonia Shah: 3 reasons we still haven&#39;t gotten rid of malaria",
        "description": "We've known how to cure malaria since the 1600s, so why does the disease still kill hundreds of thousands every year? It's more ...",
        "thumbnails": {
          "default": {
            "url": "https://i.ytimg.com/vi/SF242mxtZN8/default.jpg",
            "width": 120,
            "height": 90
          },
          "medium": {
            "url": "https://i.ytimg.com/vi/SF242mxtZN8/mqdefault.jpg",
            "width": 320,
            "height": 180
          },
          "high": {
            "url": "https://i.ytimg.com/vi/SF242mxtZN8/hqdefault.jpg",
            "width": 480,
            "height": 360
          }
        },
        "channelTitle": "TED",
        "liveBroadcastContent": "none",
        "publishTime": "2013-09-12T16:27:09Z"
      }
    },
    {
      "kind": "youtube#searchResult",
      "etag": "e5UDLTQ88gzQYmglFfNmBbaDXhg",
      "id": {
        "kind": "youtube#video",
        "videoId": "rIiegij3DQs"
      },
      "snippet": {
        "publishedAt": "2017-04-05T09:55:46Z",
        "channelId": "UCdBrXvlJn60zgpIQcZ0Fe7w",
        "title": "Malaria Lifecycle (no narration) by Drew Berry wehi.tv 2016",
        "description": "This visualization reconstructs malaria infection of a human child via mosquito bite, through invasion of cellular tissues including ...",
        "thumbnails": {
          "default": {
            "url": "https://i.ytimg.com/vi/rIiegij3DQs/default.jpg",
            "width": 120,
            "height": 90
          },
          "medium": {
            "url": "https://i.ytimg.com/vi/rIiegij3DQs/mqdefault.jpg",
            "width": 320,
            "height": 180
          },
          "high": {
            "url": "https://i.ytimg.com/vi/rIiegij3DQs/hqdefault.jpg",
            "width": 480,
            "height": 360
          }
        },
        "channelTitle": "WEHImovies",
        "liveBroadcastContent": "none",
        "publishTime": "2017-04-05T09:55:46Z"
      }
    },
    {
      "kind": "youtube#searchResult",
      "etag": "M4o3j7WD4UclCU7xXyRGUH6JRdQ",
      "id": {
        "kind": "youtube#video",
        "videoId": "IrNL27eWKOI"
      },
      "snippet": {
        "publishedAt": "2012-12-17T16:03:07Z",
        "channelId": "UCJnS2EsPfv46u1JR8cnD0NA",
        "title": "Herbs And Empires: A Brief History Of Malaria Drugs | SKUNK BEAR",
        "description": "What do Jesuit priests, gin and tonics, and ancient Chinese scrolls have in common? They all show up in our animated history of ...",
        "thumbnails": {
          "default": {
            "url": "https://i.ytimg.com/vi/IrNL27eWKOI/default.jpg",
            "width": 120,
            "height": 90
          },
          "medium": {
            "url": "https://i.ytimg.com/vi/IrNL27eWKOI/mqdefault.jpg",
            "width": 320,
            "height": 180
          },
          "high": {
            "url": "https://i.ytimg.com/vi/IrNL27eWKOI/hqdefault.jpg",
            "width": 480,
            "height": 360
          }
        },
        "channelTitle": "NPR",
        "liveBroadcastContent": "none",
        "publishTime": "2012-12-17T16:03:07Z"
      }
    },
    {
      "kind": "youtube#searchResult",
      "etag": "bjp8OODFNSFHO-CsLc7uwaXwa0o",
      "id": {
        "kind": "youtube#video",
        "videoId": "nGyD0oybkh4"
      },
      "snippet": {
        "publishedAt": "2012-01-10T11:44:30Z",
        "channelId": "UC3gKQ6jBqtv3-rK9F9Jmj2g",
        "title": "Malaria: an introduction",
        "description": "This video provides an introduction to the topic of malaria. It describes what malaria is, why it is a complex disease, where malaria ...",
        "thumbnails": {
          "default": {
            "url": "https://i.ytimg.com/vi/nGyD0oybkh4/default.jpg",
            "width": 120,
            "height": 90
          },
          "medium": {
            "url": "https://i.ytimg.com/vi/nGyD0oybkh4/mqdefault.jpg",
            "width": 320,
            "height": 180
          },
          "high": {
            "url": "https://i.ytimg.com/vi/nGyD0oybkh4/hqdefault.jpg",
            "width": 480,
            "height": 360
          }
        },
        "channelTitle": "yourgenome",
        "liveBroadcastContent": "none",
        "publishTime": "2012-01-10T11:44:30Z"
      }
    },
    {
      "kind": "youtube#searchResult",
      "etag": "8a97-MiZnjKLKciWRbvxjrGWQH0",
      "id": {
        "kind": "youtube#video",
        "videoId": "herR2d78Bfg"
      },
      "snippet": {
        "publishedAt": "2018-12-03T22:01:09Z",
        "channelId": "UCpNnv_kL4Jk8YG_VflnZpmg",
        "title": "Tratamiento de casos de malaria no complicada",
        "description": "Este vídeo fue producido por la OPS / OMS en Venezuela para el entrenamiento del personal de salud en el manejo de casos de ...",
        "thumbnails": {
          "default": {
            "url": "https://i.ytimg.com/vi/herR2d78Bfg/default.jpg",
            "width": 120,
            "height": 90
          },
          "medium": {
            "url": "https://i.ytimg.com/vi/herR2d78Bfg/mqdefault.jpg",
            "width": 320,
            "height": 180
          },
          "high": {
            "url": "https://i.ytimg.com/vi/herR2d78Bfg/hqdefault.jpg",
            "width": 480,
            "height": 360
          }
        },
        "channelTitle": "PAHO TV",
        "liveBroadcastContent": "none",
        "publishTime": "2018-12-03T22:01:09Z"
      }
    },
    {
      "kind": "youtube#searchResult",
      "etag": "znAu-ufLE163hKVvB7JCOyEaUKk",
      "id": {
        "kind": "youtube#video",
        "videoId": "reKlLpbTHFs"
      },
      "snippet": {
        "publishedAt": "2019-06-18T21:59:56Z",
        "channelId": "UCmdRz1dx9emtqLr4wBkq6Nw",
        "title": "Malaria 3D Animation Shows How the Infection Spreads in the Body",
        "description": "In this 3D animation, which is part one in a series, we take a detailed look at malaria. This video is a great representation of the ...",
        "thumbnails": {
          "default": {
            "url": "https://i.ytimg.com/vi/reKlLpbTHFs/default.jpg",
            "width": 120,
            "height": 90
          },
          "medium": {
            "url": "https://i.ytimg.com/vi/reKlLpbTHFs/mqdefault.jpg",
            "width": 320,
            "height": 180
          },
          "high": {
            "url": "https://i.ytimg.com/vi/reKlLpbTHFs/hqdefault.jpg",
            "width": 480,
            "height": 360
          }
        },
        "channelTitle": "Elara Systems",
        "liveBroadcastContent": "none",
        "publishTime": "2019-06-18T21:59:56Z"
      }
    },
    {
      "kind": "youtube#searchResult",
      "etag": "-OLlFYKnaxEG4v87dCh9p85o96U",
      "id": {
        "kind": "youtube#video",
        "videoId": "JZQc9S12ZvM"
      },
      "snippet": {
        "publishedAt": "2021-04-26T21:00:07Z",
        "channelId": "UCZYTClx2T1of7BRZ86-8fow",
        "title": "How an Ancient Remedy Became a Modern Cure for Malaria",
        "description": "In the 1960s drug-resistant strains of malaria emerged, making the disease even deadlier than before. Then, pharmaceutical ...",
        "thumbnails": {
          "default": {
            "url": "https://i.ytimg.com/vi/JZQc9S12ZvM/default.jpg",
            "width": 120,
            "height": 90
          },
          "medium": {
            "url": "https://i.ytimg.com/vi/JZQc9S12ZvM/mqdefault.jpg",
            "width": 320,
            "height": 180
          },
          "high": {
            "url": "https://i.ytimg.com/vi/JZQc9S12ZvM/hqdefault.jpg",
            "width": 480,
            "height": 360
          }
        },
        "channelTitle": "SciShow",
        "liveBroadcastContent": "none",
        "publishTime": "2021-04-26T21:00:07Z"
      }
    },
    {
      "kind": "youtube#searchResult",
      "etag": "JI9AbSYnVu2QFDEJOIeinqcaIfE",
      "id": {
        "kind": "youtube#video",
        "videoId": "eZyxdFge0aU"
      },
      "snippet": {
        "publishedAt": "2019-04-24T15:45:00Z",
        "channelId": "UC-bbHiTZGWKbsCjpzUfrk6Q",
        "title": "Eindelijk een prik tegen dodelijke ziekte malaria",
        "description": "Na jaren onderzoek is het eindelijk zover: er is een vaccin tegen de ziekte malaria. Artsen denken dat hiermee tienduizenden ...",
        "thumbnails": {
          "default": {
            "url": "https://i.ytimg.com/vi/eZyxdFge0aU/default.jpg",
            "width": 120,
            "height": 90
          },
          "medium": {
            "url": "https://i.ytimg.com/vi/eZyxdFge0aU/mqdefault.jpg",
            "width": 320,
            "height": 180
          },
          "high": {
            "url": "https://i.ytimg.com/vi/eZyxdFge0aU/hqdefault.jpg",
            "width": 480,
            "height": 360
          }
        },
        "channelTitle": "NOS Jeugdjournaal",
        "liveBroadcastContent": "none",
        "publishTime": "2019-04-24T15:45:00Z"
      }
    },
    {
      "kind": "youtube#searchResult",
      "etag": "Lf9nnrLo9RjUBL9bXXnr8Jc20h0",
      "id": {
        "kind": "youtube#video",
        "videoId": "aGWP3Xbk0OY"
      },
      "snippet": {
        "publishedAt": "2017-09-25T19:19:32Z",
        "channelId": "UCqbOeHaAUXw9Il7sBVG3_bw",
        "title": "GCSE Science Revision Biology &quot;Malaria&quot;",
        "description": "Find my revision workbooks here: https://www.freesciencelessons.co.uk/workbooks In this video, we look at malaria. I take you ...",
        "thumbnails": {
          "default": {
            "url": "https://i.ytimg.com/vi/aGWP3Xbk0OY/default.jpg",
            "width": 120,
            "height": 90
          },
          "medium": {
            "url": "https://i.ytimg.com/vi/aGWP3Xbk0OY/mqdefault.jpg",
            "width": 320,
            "height": 180
          },
          "high": {
            "url": "https://i.ytimg.com/vi/aGWP3Xbk0OY/hqdefault.jpg",
            "width": 480,
            "height": 360
          }
        },
        "channelTitle": "Freesciencelessons",
        "liveBroadcastContent": "none",
        "publishTime": "2017-09-25T19:19:32Z"
      }
    },
    {
      "kind": "youtube#searchResult",
      "etag": "515YADSZQQA_EKCHRpjB0vI9uuU",
      "id": {
        "kind": "youtube#video",
        "videoId": "utcZHDC9_Ro"
      },
      "snippet": {
        "publishedAt": "2018-11-03T16:38:20Z",
        "channelId": "UCpNnv_kL4Jk8YG_VflnZpmg",
        "title": "¿Cómo usar la prueba de diagnóstico rápida (PDR) para malaria?",
        "description": "Este vídeo fue producido por la representación de OPS / OMS en Venezuela, con el objetivo de entrenar a los trabajadores de la ...",
        "thumbnails": {
          "default": {
            "url": "https://i.ytimg.com/vi/utcZHDC9_Ro/default.jpg",
            "width": 120,
            "height": 90
          },
          "medium": {
            "url": "https://i.ytimg.com/vi/utcZHDC9_Ro/mqdefault.jpg",
            "width": 320,
            "height": 180
          },
          "high": {
            "url": "https://i.ytimg.com/vi/utcZHDC9_Ro/hqdefault.jpg",
            "width": 480,
            "height": 360
          }
        },
        "channelTitle": "PAHO TV",
        "liveBroadcastContent": "none",
        "publishTime": "2018-11-03T16:38:20Z"
      }
    },
    {
      "kind": "youtube#searchResult",
      "etag": "c0_cpaoGe9y6bJEesQiO9reMiY0",
      "id": {
        "kind": "youtube#video",
        "videoId": "d3uEVnLQv5s"
      },
      "snippet": {
        "publishedAt": "2019-08-23T12:39:58Z",
        "channelId": "UC07-dOwgza1IguKA86jqxNA",
        "title": "Malaria eradication: what we need to do.",
        "description": "The WHO says we can only achieve a malaria-free world if we invest in new tools for malaria prevention and treatment. A report ...",
        "thumbnails": {
          "default": {
            "url": "https://i.ytimg.com/vi/d3uEVnLQv5s/default.jpg",
            "width": 120,
            "height": 90
          },
          "medium": {
            "url": "https://i.ytimg.com/vi/d3uEVnLQv5s/mqdefault.jpg",
            "width": 320,
            "height": 180
          },
          "high": {
            "url": "https://i.ytimg.com/vi/d3uEVnLQv5s/hqdefault.jpg",
            "width": 480,
            "height": 360
          }
        },
        "channelTitle": "World Health Organization (WHO)",
        "liveBroadcastContent": "none",
        "publishTime": "2019-08-23T12:39:58Z"
      }
    },
    {
      "kind": "youtube#searchResult",
      "etag": "NDXIneHo3pAS38wdxKAnbdALkFw",
      "id": {
        "kind": "youtube#video",
        "videoId": "nFcvDVf1XRI"
      },
      "snippet": {
        "publishedAt": "2019-05-21T16:00:13Z",
        "channelId": "UCzWQYUVCpZqtN93H8RR44Qw",
        "title": "What Does Malaria Do to the Human Body?",
        "description": "Malaria is one of the oldest diseases in human history, dating back to ancient civilizations in Greece and China. It has even been ...",
        "thumbnails": {
          "default": {
            "url": "https://i.ytimg.com/vi/nFcvDVf1XRI/default.jpg",
            "width": 120,
            "height": 90
          },
          "medium": {
            "url": "https://i.ytimg.com/vi/nFcvDVf1XRI/mqdefault.jpg",
            "width": 320,
            "height": 180
          },
          "high": {
            "url": "https://i.ytimg.com/vi/nFcvDVf1XRI/hqdefault.jpg",
            "width": 480,
            "height": 360
          }
        },
        "channelTitle": "Seeker",
        "liveBroadcastContent": "none",
        "publishTime": "2019-05-21T16:00:13Z"
      }
    },
    {
      "kind": "youtube#searchResult",
      "etag": "v7eaEvtnu40FFTsSQkWh11ZtibA",
      "id": {
        "kind": "youtube#video",
        "videoId": "id82_oliWUY"
      },
      "snippet": {
        "publishedAt": "2020-12-28T19:35:51Z",
        "channelId": "UCPtPUhm59KHpDPAut2juMHA",
        "title": "Malaria - Docteur Synapse",
        "description": "Malaria - Docteur Synapse Références : 1. World Health Organization. World Malaria Report 2020 ...",
        "thumbnails": {
          "default": {
            "url": "https://i.ytimg.com/vi/id82_oliWUY/default.jpg",
            "width": 120,
            "height": 90
          },
          "medium": {
            "url": "https://i.ytimg.com/vi/id82_oliWUY/mqdefault.jpg",
            "width": 320,
            "height": 180
          },
          "high": {
            "url": "https://i.ytimg.com/vi/id82_oliWUY/hqdefault.jpg",
            "width": 480,
            "height": 360
          }
        },
        "channelTitle": "Dr Synapse",
        "liveBroadcastContent": "none",
        "publishTime": "2020-12-28T19:35:51Z"
      }
    },
    {
      "kind": "youtube#searchResult",
      "etag": "Csf7poS7tfPeqFY9_eY94HBTUsU",
      "id": {
        "kind": "youtube#video",
        "videoId": "7WqqYgaZiz8"
      },
      "snippet": {
        "publishedAt": "2017-11-08T23:33:15Z",
        "channelId": "UCcMDoZNCTX5YSwzIA3C9u_A",
        "title": "Malaria: epidemiologia, problemi clinici, terapia",
        "description": "Intervista al Prof. Alessandro Bartoloni Direttore SOD Malattie Infettive e Tropicali, AOU Careggi Responsabile dell'Area Malattie ...",
        "thumbnails": {
          "default": {
            "url": "https://i.ytimg.com/vi/7WqqYgaZiz8/default.jpg",
            "width": 120,
            "height": 90
          },
          "medium": {
            "url": "https://i.ytimg.com/vi/7WqqYgaZiz8/mqdefault.jpg",
            "width": 320,
            "height": 180
          },
          "high": {
            "url": "https://i.ytimg.com/vi/7WqqYgaZiz8/hqdefault.jpg",
            "width": 480,
            "height": 360
          }
        },
        "channelTitle": "PharmaStarTV",
        "liveBroadcastContent": "none",
        "publishTime": "2017-11-08T23:33:15Z"
      }
    },
    {
      "kind": "youtube#searchResult",
      "etag": "x8lQYzG6xhXF7lSkptiIwDQMefQ",
      "id": {
        "kind": "youtube#video",
        "videoId": "m2oDu2JmPBM"
      },
      "snippet": {
        "publishedAt": "2019-09-08T22:00:04Z",
        "channelId": "UCTFbirR7VEaj534FgNxKsaw",
        "title": "Can We Eradicate Malaria?",
        "description": "A future free of malaria, one of the world's leading killers, could be achieved as early as 2050, according to a new report published ...",
        "thumbnails": {
          "default": {
            "url": "https://i.ytimg.com/vi/m2oDu2JmPBM/default.jpg",
            "width": 120,
            "height": 90
          },
          "medium": {
            "url": "https://i.ytimg.com/vi/m2oDu2JmPBM/mqdefault.jpg",
            "width": 320,
            "height": 180
          },
          "high": {
            "url": "https://i.ytimg.com/vi/m2oDu2JmPBM/hqdefault.jpg",
            "width": 480,
            "height": 360
          }
        },
        "channelTitle": "UC San Francisco (UCSF)",
        "liveBroadcastContent": "none",
        "publishTime": "2019-09-08T22:00:04Z"
      }
    },
    {
      "kind": "youtube#searchResult",
      "etag": "CvuekGmV1q8AUIwikICcOB9T5fI",
      "id": {
        "kind": "youtube#video",
        "videoId": "k138Nc4_o-g"
      },
      "snippet": {
        "publishedAt": "2017-04-25T12:29:49Z",
        "channelId": "UCJpt9KN7frvqdszcQzECI7w",
        "title": "How to Prevent Malaria",
        "description": "Part of our suite of films made in partnership with Econet transforming malaria health education using mobile animation in ...",
        "thumbnails": {
          "default": {
            "url": "https://i.ytimg.com/vi/k138Nc4_o-g/default.jpg",
            "width": 120,
            "height": 90
          },
          "medium": {
            "url": "https://i.ytimg.com/vi/k138Nc4_o-g/mqdefault.jpg",
            "width": 320,
            "height": 180
          },
          "high": {
            "url": "https://i.ytimg.com/vi/k138Nc4_o-g/hqdefault.jpg",
            "width": 480,
            "height": 360
          }
        },
        "channelTitle": "Medical Aid Films - Films For Life",
        "liveBroadcastContent": "none",
        "publishTime": "2017-04-25T12:29:49Z"
      }
    },
    {
      "kind": "youtube#searchResult",
      "etag": "xoI07MIS6WeTSmhJvabTJVUIp8I",
      "id": {
        "kind": "youtube#video",
        "videoId": "3cdASyf16L8"
      },
      "snippet": {
        "publishedAt": "2020-09-15T12:28:55Z",
        "channelId": "UCRi8JQTnKQilJW15uzo7bRQ",
        "title": "Bill Gates: How COVID-19 Is Disrupting The Way We Fight Malaria",
        "description": "COVID-19 disrupts the entire global health care system. As we turn our attention to stopping COVID-19, it's essential that we don't ...",
        "thumbnails": {
          "default": {
            "url": "https://i.ytimg.com/vi/3cdASyf16L8/default.jpg",
            "width": 120,
            "height": 90
          },
          "medium": {
            "url": "https://i.ytimg.com/vi/3cdASyf16L8/mqdefault.jpg",
            "width": 320,
            "height": 180
          },
          "high": {
            "url": "https://i.ytimg.com/vi/3cdASyf16L8/hqdefault.jpg",
            "width": 480,
            "height": 360
          }
        },
        "channelTitle": "GatesFoundation",
        "liveBroadcastContent": "none",
        "publishTime": "2020-09-15T12:28:55Z"
      }
    },
    {
      "kind": "youtube#searchResult",
      "etag": "rOcHvm7CshJvnduAZ0DQtKAQ4B0",
      "id": {
        "kind": "youtube#video",
        "videoId": "bKiqBg7bz0Q"
      },
      "snippet": {
        "publishedAt": "2021-08-04T18:39:03Z",
        "channelId": "UCT4Jg8h03dD0iN3Pb5L0PMA",
        "title": "Covid impulsa desarrollo de vacuna contra la malaria",
        "description": "La malaria mata anualmente a unas 400.000 personas. Ahora se está desarrollando una vacuna para frenar esta enfermedad ...",
        "thumbnails": {
          "default": {
            "url": "https://i.ytimg.com/vi/bKiqBg7bz0Q/default.jpg",
            "width": 120,
            "height": 90
          },
          "medium": {
            "url": "https://i.ytimg.com/vi/bKiqBg7bz0Q/mqdefault.jpg",
            "width": 320,
            "height": 180
          },
          "high": {
            "url": "https://i.ytimg.com/vi/bKiqBg7bz0Q/hqdefault.jpg",
            "width": 480,
            "height": 360
          }
        },
        "channelTitle": "DW Español",
        "liveBroadcastContent": "none",
        "publishTime": "2021-08-04T18:39:03Z"
      }
    },
    {
      "kind": "youtube#searchResult",
      "etag": "LTGg6gdGgZNUC9FGpCOYdoBWXyQ",
      "id": {
        "kind": "youtube#video",
        "videoId": "U2V6R2YC22s"
      },
      "snippet": {
        "publishedAt": "2021-10-06T17:00:29Z",
        "channelId": "UC07-dOwgza1IguKA86jqxNA",
        "title": "WHO’s Science in 5: Malaria vaccine - 6 October 2021",
        "description": "Science in 5 series - Episode #57 / Learn about the first Malaria vaccine. Who should receive this vaccine? What are the ...",
        "thumbnails": {
          "default": {
            "url": "https://i.ytimg.com/vi/U2V6R2YC22s/default.jpg",
            "width": 120,
            "height": 90
          },
          "medium": {
            "url": "https://i.ytimg.com/vi/U2V6R2YC22s/mqdefault.jpg",
            "width": 320,
            "height": 180
          },
          "high": {
            "url": "https://i.ytimg.com/vi/U2V6R2YC22s/hqdefault.jpg",
            "width": 480,
            "height": 360
          }
        },
        "channelTitle": "World Health Organization (WHO)",
        "liveBroadcastContent": "none",
        "publishTime": "2021-10-06T17:00:29Z"
      }
    },
    {
      "kind": "youtube#searchResult",
      "etag": "tbZOhZjZPdPaRpwpdqxT5Fg421c",
      "id": {
        "kind": "youtube#video",
        "videoId": "9oNDkbR2b0k"
      },
      "snippet": {
        "publishedAt": "2013-11-13T13:56:54Z",
        "channelId": "UC7c8mE90qCtu11z47U0KErg",
        "title": "Malaria: Better to prevent than to treat",
        "description": "Nature reporter Amy Maxmen travelled to Mali and Senegal to learn about a new strategy for protecting children against malaria ...",
        "thumbnails": {
          "default": {
            "url": "https://i.ytimg.com/vi/9oNDkbR2b0k/default.jpg",
            "width": 120,
            "height": 90
          },
          "medium": {
            "url": "https://i.ytimg.com/vi/9oNDkbR2b0k/mqdefault.jpg",
            "width": 320,
            "height": 180
          },
          "high": {
            "url": "https://i.ytimg.com/vi/9oNDkbR2b0k/hqdefault.jpg",
            "width": 480,
            "height": 360
          }
        },
        "channelTitle": "nature video",
        "liveBroadcastContent": "none",
        "publishTime": "2013-11-13T13:56:54Z"
      }
    },
    {
      "kind": "youtube#searchResult",
      "etag": "yo2qn4vXWM78hRHzifUvj5N__Tc",
      "id": {
        "kind": "youtube#video",
        "videoId": "wY-3psl1iBE"
      },
      "snippet": {
        "publishedAt": "2020-03-27T19:01:58Z",
        "channelId": "UCEkpVCz0Ixe3G2zcGVHdOsQ",
        "title": "Malaria - Causes, Pathogenesis, Signs and Symptoms, Diagnosis, Treatment and Prevention.",
        "description": "Everything you need to know about malaria - Causes, Signs and Symptoms, Pathogenesis, Diagnosis, Treatment and Prevention.",
        "thumbnails": {
          "default": {
            "url": "https://i.ytimg.com/vi/wY-3psl1iBE/default.jpg",
            "width": 120,
            "height": 90
          },
          "medium": {
            "url": "https://i.ytimg.com/vi/wY-3psl1iBE/mqdefault.jpg",
            "width": 320,
            "height": 180
          },
          "high": {
            "url": "https://i.ytimg.com/vi/wY-3psl1iBE/hqdefault.jpg",
            "width": 480,
            "height": 360
          }
        },
        "channelTitle": "Med Today",
        "liveBroadcastContent": "none",
        "publishTime": "2020-03-27T19:01:58Z"
      }
    },
    {
      "kind": "youtube#searchResult",
      "etag": "cdB7jy2ZhdqadcG2TAE11jUwx0E",
      "id": {
        "kind": "youtube#video",
        "videoId": "TZTH_bucaVI"
      },
      "snippet": {
        "publishedAt": "2014-06-17T13:44:47Z",
        "channelId": "UCiMg06DjcUk5FRiM3g5sqoQ",
        "title": "FDA approved first RDT for use in the U.S., BinaxNOW Malaria",
        "description": "On June 13, 2007, the FDA approved the first rapid diagnostic test (RDT) for use in the United States, the Binax NOW Malaria.",
        "thumbnails": {
          "default": {
            "url": "https://i.ytimg.com/vi/TZTH_bucaVI/default.jpg",
            "width": 120,
            "height": 90
          },
          "medium": {
            "url": "https://i.ytimg.com/vi/TZTH_bucaVI/mqdefault.jpg",
            "width": 320,
            "height": 180
          },
          "high": {
            "url": "https://i.ytimg.com/vi/TZTH_bucaVI/hqdefault.jpg",
            "width": 480,
            "height": 360
          }
        },
        "channelTitle": "Centers for Disease Control and Prevention (CDC)",
        "liveBroadcastContent": "none",
        "publishTime": "2014-06-17T13:44:47Z"
      }
    },
    {
      "kind": "youtube#searchResult",
      "etag": "IbbaPiZ0ep5u98jVCsLi1gepdN8",
      "id": {
        "kind": "youtube#video",
        "videoId": "b2qxuMiEWA8"
      },
      "snippet": {
        "publishedAt": "2021-07-27T07:00:08Z",
        "channelId": "UCSg28bDoEVjVegY4-htQM7A",
        "title": "No one should die of malaria",
        "description": "Despite great progress in the fight against malaria, more than 400 000 people die of the disease every year. Africa is ...",
        "thumbnails": {
          "default": {
            "url": "https://i.ytimg.com/vi/b2qxuMiEWA8/default.jpg",
            "width": 120,
            "height": 90
          },
          "medium": {
            "url": "https://i.ytimg.com/vi/b2qxuMiEWA8/mqdefault.jpg",
            "width": 320,
            "height": 180
          },
          "high": {
            "url": "https://i.ytimg.com/vi/b2qxuMiEWA8/hqdefault.jpg",
            "width": 480,
            "height": 360
          }
        },
        "channelTitle": "Novartis",
        "liveBroadcastContent": "none",
        "publishTime": "2021-07-27T07:00:08Z"
      }
    },
    {
      "kind": "youtube#searchResult",
      "etag": "k6A41jI7x52Y2Cc6unFZ6UpwNBM",
      "id": {
        "kind": "youtube#video",
        "videoId": "uGjBCcANPBA"
      },
      "snippet": {
        "publishedAt": "2021-10-07T15:30:11Z",
        "channelId": "UCeY0bbntWzzVIaj2z3QigXg",
        "title": "Kenya Welcomes Groundbreaking Malaria Vaccine After WHO Recommendation",
        "description": "The World Health Organization has approved a malaria vaccine for use in children, potentially marking a major advance against a ...",
        "thumbnails": {
          "default": {
            "url": "https://i.ytimg.com/vi/uGjBCcANPBA/default.jpg",
            "width": 120,
            "height": 90
          },
          "medium": {
            "url": "https://i.ytimg.com/vi/uGjBCcANPBA/mqdefault.jpg",
            "width": 320,
            "height": 180
          },
          "high": {
            "url": "https://i.ytimg.com/vi/uGjBCcANPBA/hqdefault.jpg",
            "width": 480,
            "height": 360
          }
        },
        "channelTitle": "NBC News",
        "liveBroadcastContent": "none",
        "publishTime": "2021-10-07T15:30:11Z"
      }
    },
    {
      "kind": "youtube#searchResult",
      "etag": "ErDXpCwIL1Nsrk5rxX1Dxl4tYYI",
      "id": {
        "kind": "youtube#video",
        "videoId": "HPgyf_H-0zw"
      },
      "snippet": {
        "publishedAt": "2015-09-14T22:15:36Z",
        "channelId": "UCT4Jg8h03dD0iN3Pb5L0PMA",
        "title": "Nueva vacuna contra la malaria | Visión futuro",
        "description": "Un grupo de investigadores alemanes está desarrollando una nueva vacuna. Se inyectan gérmenes vivos de la malaria a un ...",
        "thumbnails": {
          "default": {
            "url": "https://i.ytimg.com/vi/HPgyf_H-0zw/default.jpg",
            "width": 120,
            "height": 90
          },
          "medium": {
            "url": "https://i.ytimg.com/vi/HPgyf_H-0zw/mqdefault.jpg",
            "width": 320,
            "height": 180
          },
          "high": {
            "url": "https://i.ytimg.com/vi/HPgyf_H-0zw/hqdefault.jpg",
            "width": 480,
            "height": 360
          }
        },
        "channelTitle": "DW Español",
        "liveBroadcastContent": "none",
        "publishTime": "2015-09-14T22:15:36Z"
      }
    },
    {
      "kind": "youtube#searchResult",
      "etag": "mXkGN-VvjlzzgnKdl-vtRHfBcG4",
      "id": {
        "kind": "youtube#video",
        "videoId": "JJvGqS_TvV0"
      },
      "snippet": {
        "publishedAt": "2020-10-28T20:52:41Z",
        "channelId": "UCpNnv_kL4Jk8YG_VflnZpmg",
        "title": "Malaria Champions 2020 Colombia",
        "description": "Malaria Champions 2020 Colombia.",
        "thumbnails": {
          "default": {
            "url": "https://i.ytimg.com/vi/JJvGqS_TvV0/default.jpg",
            "width": 120,
            "height": 90
          },
          "medium": {
            "url": "https://i.ytimg.com/vi/JJvGqS_TvV0/mqdefault.jpg",
            "width": 320,
            "height": 180
          },
          "high": {
            "url": "https://i.ytimg.com/vi/JJvGqS_TvV0/hqdefault.jpg",
            "width": 480,
            "height": 360
          }
        },
        "channelTitle": "PAHO TV",
        "liveBroadcastContent": "none",
        "publishTime": "2020-10-28T20:52:41Z"
      }
    },
    {
      "kind": "youtube#searchResult",
      "etag": "sKXIR7caXjSdf-_iH8OkEyxISF4",
      "id": {
        "kind": "youtube#video",
        "videoId": "Wz80lq-KK54"
      },
      "snippet": {
        "publishedAt": "2018-07-25T15:14:24Z",
        "channelId": "UCB7hjHN7-kcToQAWDY8TrIw",
        "title": "#CerebralMalaria #Malaria #DAMS #Unplugged",
        "description": "Dr Sumer Sethi & Dr Suria Kumar discussing radiological and diagnostic aspect of an important tropical problem called as ...",
        "thumbnails": {
          "default": {
            "url": "https://i.ytimg.com/vi/Wz80lq-KK54/default.jpg",
            "width": 120,
            "height": 90
          },
          "medium": {
            "url": "https://i.ytimg.com/vi/Wz80lq-KK54/mqdefault.jpg",
            "width": 320,
            "height": 180
          },
          "high": {
            "url": "https://i.ytimg.com/vi/Wz80lq-KK54/hqdefault.jpg",
            "width": 480,
            "height": 360
          }
        },
        "channelTitle": "DAMSDELHI - Medical Education Redefined",
        "liveBroadcastContent": "none",
        "publishTime": "2018-07-25T15:14:24Z"
      }
    },
    {
      "kind": "youtube#searchResult",
      "etag": "175Uv8ei_cRcwS7Xu06e7QhnLZQ",
      "id": {
        "kind": "youtube#video",
        "videoId": "IGvXlmzxCjg"
      },
      "snippet": {
        "publishedAt": "2018-08-27T16:08:20Z",
        "channelId": "UCX79z3OLVLmpS2i7kahQEgw",
        "title": "Understanding How Malaria Parasites Take Over Human Red Blood Cells",
        "description": "Journal article:: https://www.nature.com/articles/s41586-018-0469-4 Print article: https://bit.ly/ptex-protein Malaria is a serious ...",
        "thumbnails": {
          "default": {
            "url": "https://i.ytimg.com/vi/IGvXlmzxCjg/default.jpg",
            "width": 120,
            "height": 90
          },
          "medium": {
            "url": "https://i.ytimg.com/vi/IGvXlmzxCjg/mqdefault.jpg",
            "width": 320,
            "height": 180
          },
          "high": {
            "url": "https://i.ytimg.com/vi/IGvXlmzxCjg/hqdefault.jpg",
            "width": 480,
            "height": 360
          }
        },
        "channelTitle": "CNSI at UCLA",
        "liveBroadcastContent": "none",
        "publishTime": "2018-08-27T16:08:20Z"
      }
    },
    {
      "kind": "youtube#searchResult",
      "etag": "x4PjwLSZ056-mzbXPBShp3SSRaY",
      "id": {
        "kind": "youtube#video",
        "videoId": "kMbnsjYJgWQ"
      },
      "snippet": {
        "publishedAt": "2021-10-07T20:03:02Z",
        "channelId": "UC4_NOlVIu_FjdTGhok5t4lg",
        "title": "Primera vacuna contra la malaria",
        "description": "Hoy revisamos la noticia de la reciente aprobación de la vacuna Mosquirix para la prevención de la malaria severa causada por ...",
        "thumbnails": {
          "default": {
            "url": "https://i.ytimg.com/vi/kMbnsjYJgWQ/default.jpg",
            "width": 120,
            "height": 90
          },
          "medium": {
            "url": "https://i.ytimg.com/vi/kMbnsjYJgWQ/mqdefault.jpg",
            "width": 320,
            "height": 180
          },
          "high": {
            "url": "https://i.ytimg.com/vi/kMbnsjYJgWQ/hqdefault.jpg",
            "width": 480,
            "height": 360
          }
        },
        "channelTitle": "Sinapsis EMP",
        "liveBroadcastContent": "none",
        "publishTime": "2021-10-07T20:03:02Z"
      }
    },
    {
      "kind": "youtube#searchResult",
      "etag": "Pk7IHbuBV93izvczNNUmonTk9XA",
      "id": {
        "kind": "youtube#video",
        "videoId": "XispOBeCp1E"
      },
      "snippet": {
        "publishedAt": "2019-08-08T13:26:35Z",
        "channelId": "UChFsYLqPUyLiZnfRog6wiZA",
        "title": "Are Anti-Malaria Tablets Safe or Are They Causing Terrifying Side Affects? | This Morning",
        "description": "Subscribe now for more! http://bit.ly/1JM41yF As police in Madagascar investigate the horrific death of Cambridge University ...",
        "thumbnails": {
          "default": {
            "url": "https://i.ytimg.com/vi/XispOBeCp1E/default.jpg",
            "width": 120,
            "height": 90
          },
          "medium": {
            "url": "https://i.ytimg.com/vi/XispOBeCp1E/mqdefault.jpg",
            "width": 320,
            "height": 180
          },
          "high": {
            "url": "https://i.ytimg.com/vi/XispOBeCp1E/hqdefault.jpg",
            "width": 480,
            "height": 360
          }
        },
        "channelTitle": "This Morning",
        "liveBroadcastContent": "none",
        "publishTime": "2019-08-08T13:26:35Z"
      }
    }
  ]
}
