{
  "kind": "youtube#searchListResponse",
  "etag": "VkFOap3Fqkp2NldcXXNxVPGQr8U",
  "nextPageToken": "CN4CEAA",
  "prevPageToken": "CKwCEAE",
  "regionCode": "NL",
  "pageInfo": {
    "totalResults": 1000000,
    "resultsPerPage": 50
  },
  "items": [
    {
      "kind": "youtube#searchResult",
      "etag": "3HZtKbHg9Ymxw8-7_k8VdJ4wGkc",
      "id": {
        "kind": "youtube#video",
        "videoId": "7u5NAG3yt2M"
      },
      "snippet": {
        "publishedAt": "2019-11-15T19:40:03Z",
        "channelId": "UCkpAEWFbIMPPvQMOJ6ODH-A",
        "title": "RTS,S Malaria Vaccine: 2019 Partnership Award Honoree",
        "description": "Introducing the partnership that developed the RTS,S malaria vaccine—the world's first malaria vaccine—as GHTC's 2019 ...",
        "thumbnails": {
          "default": {
            "url": "https://i.ytimg.com/vi/7u5NAG3yt2M/default.jpg",
            "width": 120,
            "height": 90
          },
          "medium": {
            "url": "https://i.ytimg.com/vi/7u5NAG3yt2M/mqdefault.jpg",
            "width": 320,
            "height": 180
          },
          "high": {
            "url": "https://i.ytimg.com/vi/7u5NAG3yt2M/hqdefault.jpg",
            "width": 480,
            "height": 360
          }
        },
        "channelTitle": "GHTC",
        "liveBroadcastContent": "none",
        "publishTime": "2019-11-15T19:40:03Z"
      }
    },
    {
      "kind": "youtube#searchResult",
      "etag": "V8TjSac9lIY-eYrOPc_mrotlvRo",
      "id": {
        "kind": "youtube#video",
        "videoId": "ETnUg-UsMD4"
      },
      "snippet": {
        "publishedAt": "2015-11-09T02:50:07Z",
        "channelId": "UCAIKU8NC94zOJVyNyYg-90A",
        "title": "Malaria! - Compiled 1981-1984 (Full Album)",
        "description": "Artist: Malaria!. Album: Compiled 1981-1984. Year: 1991. Genre: Post-Punk/Industrial. Country: Germany. Track list: 1. How Do ...",
        "thumbnails": {
          "default": {
            "url": "https://i.ytimg.com/vi/ETnUg-UsMD4/default.jpg",
            "width": 120,
            "height": 90
          },
          "medium": {
            "url": "https://i.ytimg.com/vi/ETnUg-UsMD4/mqdefault.jpg",
            "width": 320,
            "height": 180
          },
          "high": {
            "url": "https://i.ytimg.com/vi/ETnUg-UsMD4/hqdefault.jpg",
            "width": 480,
            "height": 360
          }
        },
        "channelTitle": "Roberto Martinez",
        "liveBroadcastContent": "none",
        "publishTime": "2015-11-09T02:50:07Z"
      }
    },
    {
      "kind": "youtube#searchResult",
      "etag": "nmW_f6I14cLJCrocrs0CxdXYeOI",
      "id": {
        "kind": "youtube#video",
        "videoId": "wtUREE1BryM"
      },
      "snippet": {
        "publishedAt": "2017-06-24T19:18:24Z",
        "channelId": "UCFKg7hJdIitGtq4B-nxW0eQ",
        "title": "Malaria! - Emotion",
        "description": "Malaria! - Emotion (1982) Moabit Musik 0:00 Geld (Money) 4:03 Leidenschaft (Passion) 7:55 Eifersucht (Jealousy) 11:05 Einsam ...",
        "thumbnails": {
          "default": {
            "url": "https://i.ytimg.com/vi/wtUREE1BryM/default.jpg",
            "width": 120,
            "height": 90
          },
          "medium": {
            "url": "https://i.ytimg.com/vi/wtUREE1BryM/mqdefault.jpg",
            "width": 320,
            "height": 180
          },
          "high": {
            "url": "https://i.ytimg.com/vi/wtUREE1BryM/hqdefault.jpg",
            "width": 480,
            "height": 360
          }
        },
        "channelTitle": "Harakiri Diat",
        "liveBroadcastContent": "none",
        "publishTime": "2017-06-24T19:18:24Z"
      }
    },
    {
      "kind": "youtube#searchResult",
      "etag": "aagWsKSuAdtXfgWrMS1ItLScLBc",
      "id": {
        "kind": "youtube#video",
        "videoId": "x74I-4BZnRo"
      },
      "snippet": {
        "publishedAt": "2016-03-04T16:51:32Z",
        "channelId": "UC07-dOwgza1IguKA86jqxNA",
        "title": "WHO: Global malaria progress and challenges in 2016",
        "description": "Over the past 15 years, there has been a dramatic decline in the global burden of malaria. Since 2000, nearly 60 countries have ...",
        "thumbnails": {
          "default": {
            "url": "https://i.ytimg.com/vi/x74I-4BZnRo/default.jpg",
            "width": 120,
            "height": 90
          },
          "medium": {
            "url": "https://i.ytimg.com/vi/x74I-4BZnRo/mqdefault.jpg",
            "width": 320,
            "height": 180
          },
          "high": {
            "url": "https://i.ytimg.com/vi/x74I-4BZnRo/hqdefault.jpg",
            "width": 480,
            "height": 360
          }
        },
        "channelTitle": "World Health Organization (WHO)",
        "liveBroadcastContent": "none",
        "publishTime": "2016-03-04T16:51:32Z"
      }
    },
    {
      "kind": "youtube#searchResult",
      "etag": "FcQKH8Wx7fElcnbgxyEyLGkYIs4",
      "id": {
        "kind": "youtube#video",
        "videoId": "36w5DjSENpY"
      },
      "snippet": {
        "publishedAt": "2021-05-12T21:14:04Z",
        "channelId": "UCpNnv_kL4Jk8YG_VflnZpmg",
        "title": "En Colombia, todos contra la Malaria",
        "description": "La malaria (paludismo) es una enfermedad prevenible y tratable. Los principales síntomas son: Fiebre, dolor de cabeza, ...",
        "thumbnails": {
          "default": {
            "url": "https://i.ytimg.com/vi/36w5DjSENpY/default.jpg",
            "width": 120,
            "height": 90
          },
          "medium": {
            "url": "https://i.ytimg.com/vi/36w5DjSENpY/mqdefault.jpg",
            "width": 320,
            "height": 180
          },
          "high": {
            "url": "https://i.ytimg.com/vi/36w5DjSENpY/hqdefault.jpg",
            "width": 480,
            "height": 360
          }
        },
        "channelTitle": "PAHO TV",
        "liveBroadcastContent": "none",
        "publishTime": "2021-05-12T21:14:04Z"
      }
    },
    {
      "kind": "youtube#searchResult",
      "etag": "KufffFX9EsmgM6F9MyUiEPxxgU8",
      "id": {
        "kind": "youtube#video",
        "videoId": "5lwyDX1-gnI"
      },
      "snippet": {
        "publishedAt": "2016-09-08T18:00:00Z",
        "channelId": "UCcyq283he07B7_KUX07mmtA",
        "title": "Malaria is the deadliest disease in human history",
        "description": "It's halted some of history's most powerful armies, infected several US presidents, and killed billions of humans throughout history.",
        "thumbnails": {
          "default": {
            "url": "https://i.ytimg.com/vi/5lwyDX1-gnI/default.jpg",
            "width": 120,
            "height": 90
          },
          "medium": {
            "url": "https://i.ytimg.com/vi/5lwyDX1-gnI/mqdefault.jpg",
            "width": 320,
            "height": 180
          },
          "high": {
            "url": "https://i.ytimg.com/vi/5lwyDX1-gnI/hqdefault.jpg",
            "width": 480,
            "height": 360
          }
        },
        "channelTitle": "Business Insider",
        "liveBroadcastContent": "none",
        "publishTime": "2016-09-08T18:00:00Z"
      }
    },
    {
      "kind": "youtube#searchResult",
      "etag": "AjNNbaeIimLkl4QANVunuM6XP-c",
      "id": {
        "kind": "youtube#video",
        "videoId": "r8KftE61nqo"
      },
      "snippet": {
        "publishedAt": "2020-05-02T10:26:00Z",
        "channelId": "UCh_HZKnkDaF-qJ68DjpxuNA",
        "title": "malaria parasite under microscope  | P vivax malaria | malaria parasite blood smear",
        "description": "Malaria parasites are micro-organisms that belong to the genus Plasmodium. There are more than 100 species of Plasmodium, ...",
        "thumbnails": {
          "default": {
            "url": "https://i.ytimg.com/vi/r8KftE61nqo/default.jpg",
            "width": 120,
            "height": 90
          },
          "medium": {
            "url": "https://i.ytimg.com/vi/r8KftE61nqo/mqdefault.jpg",
            "width": 320,
            "height": 180
          },
          "high": {
            "url": "https://i.ytimg.com/vi/r8KftE61nqo/hqdefault.jpg",
            "width": 480,
            "height": 360
          }
        },
        "channelTitle": "Tanu Path",
        "liveBroadcastContent": "none",
        "publishTime": "2020-05-02T10:26:00Z"
      }
    },
    {
      "kind": "youtube#searchResult",
      "etag": "2t976FNwlU79jjxDGEkC1LqHOzk",
      "id": {
        "kind": "youtube#video",
        "videoId": "mdjh0aA7X0E"
      },
      "snippet": {
        "publishedAt": "2021-12-01T19:30:10Z",
        "channelId": "UCV__GhTQCk6sfTwmKQ5ahxg",
        "title": "MALARIA GRAVE: Muy cerca de la muerte :(",
        "description": "Samah acabó ingresada en la UCI con urgencia y mucha gravedad por una malaria de tipo Falciparum que cogió tras un viaje a ...",
        "thumbnails": {
          "default": {
            "url": "https://i.ytimg.com/vi/mdjh0aA7X0E/default.jpg",
            "width": 120,
            "height": 90
          },
          "medium": {
            "url": "https://i.ytimg.com/vi/mdjh0aA7X0E/mqdefault.jpg",
            "width": 320,
            "height": 180
          },
          "high": {
            "url": "https://i.ytimg.com/vi/mdjh0aA7X0E/hqdefault.jpg",
            "width": 480,
            "height": 360
          }
        },
        "channelTitle": "Kike Arnaiz",
        "liveBroadcastContent": "none",
        "publishTime": "2021-12-01T19:30:10Z"
      }
    },
    {
      "kind": "youtube#searchResult",
      "etag": "xIcIVRcErmJBE2SLvH2bqmgqosQ",
      "id": {
        "kind": "youtube#video",
        "videoId": "3WRR_FUQDww"
      },
      "snippet": {
        "publishedAt": "2021-04-23T10:18:01Z",
        "channelId": "UCId9tO5LYlJKgNQKEzgjYOg",
        "title": "MALARIA | How MSF is fighting the disease in Burundi.",
        "description": "Every year, more than 200 million malaria cases are reported worldwide, killing close to 400000 people, the vast majority of whom ...",
        "thumbnails": {
          "default": {
            "url": "https://i.ytimg.com/vi/3WRR_FUQDww/default.jpg",
            "width": 120,
            "height": 90
          },
          "medium": {
            "url": "https://i.ytimg.com/vi/3WRR_FUQDww/mqdefault.jpg",
            "width": 320,
            "height": 180
          },
          "high": {
            "url": "https://i.ytimg.com/vi/3WRR_FUQDww/hqdefault.jpg",
            "width": 480,
            "height": 360
          }
        },
        "channelTitle": "Médecins Sans Frontières/Doctors Without Borders",
        "liveBroadcastContent": "none",
        "publishTime": "2021-04-23T10:18:01Z"
      }
    },
    {
      "kind": "youtube#searchResult",
      "etag": "Q1l8IvBieDznGZ1TTTbER0Fq-es",
      "id": {
        "kind": "youtube#video",
        "videoId": "DsBic43LHIQ"
      },
      "snippet": {
        "publishedAt": "2020-12-17T17:00:13Z",
        "channelId": "UC0p5jTq6Xx_DosDFxVXnWaQ",
        "title": "What is history&#39;s deadliest pandemic? | The Economist",
        "description": "The covid-19 pandemic may have derailed the world in 2020, but a far deadlier disease has shaped human history for thousands ...",
        "thumbnails": {
          "default": {
            "url": "https://i.ytimg.com/vi/DsBic43LHIQ/default.jpg",
            "width": 120,
            "height": 90
          },
          "medium": {
            "url": "https://i.ytimg.com/vi/DsBic43LHIQ/mqdefault.jpg",
            "width": 320,
            "height": 180
          },
          "high": {
            "url": "https://i.ytimg.com/vi/DsBic43LHIQ/hqdefault.jpg",
            "width": 480,
            "height": 360
          }
        },
        "channelTitle": "The Economist",
        "liveBroadcastContent": "none",
        "publishTime": "2020-12-17T17:00:13Z"
      }
    },
    {
      "kind": "youtube#searchResult",
      "etag": "fB3K7pGNkmQpZPYRxncLBfGFASw",
      "id": {
        "kind": "youtube#video",
        "videoId": "IFT_SH5CQNw"
      },
      "snippet": {
        "publishedAt": "2014-04-06T22:51:52Z",
        "channelId": "UC-aOKgPSwiW4PnrBUJ_aIkQ",
        "title": "Malaria - Paludismo. Ciclo de Vida",
        "description": "Malaria Ciclo de Vida Animación experimental basada en la página de Malaria de DPDx del CDC: ...",
        "thumbnails": {
          "default": {
            "url": "https://i.ytimg.com/vi/IFT_SH5CQNw/default.jpg",
            "width": 120,
            "height": 90
          },
          "medium": {
            "url": "https://i.ytimg.com/vi/IFT_SH5CQNw/mqdefault.jpg",
            "width": 320,
            "height": 180
          },
          "high": {
            "url": "https://i.ytimg.com/vi/IFT_SH5CQNw/hqdefault.jpg",
            "width": 480,
            "height": 360
          }
        },
        "channelTitle": "MICROBIOS BINARIOS",
        "liveBroadcastContent": "none",
        "publishTime": "2014-04-06T22:51:52Z"
      }
    },
    {
      "kind": "youtube#searchResult",
      "etag": "ZdVnp0kKtCtNx4oHs_W8tt9GeX4",
      "id": {
        "kind": "youtube#video",
        "videoId": "OoCx9ysYu2Q"
      },
      "snippet": {
        "publishedAt": "2021-06-30T01:00:03Z",
        "channelId": "UC07-dOwgza1IguKA86jqxNA",
        "title": "Malaria elimination in China: dispatch from Yunnan Province",
        "description": "On 30 June 2021, WHO announced that China has been officially certified malaria-free. This video explores efforts to stamp out ...",
        "thumbnails": {
          "default": {
            "url": "https://i.ytimg.com/vi/OoCx9ysYu2Q/default.jpg",
            "width": 120,
            "height": 90
          },
          "medium": {
            "url": "https://i.ytimg.com/vi/OoCx9ysYu2Q/mqdefault.jpg",
            "width": 320,
            "height": 180
          },
          "high": {
            "url": "https://i.ytimg.com/vi/OoCx9ysYu2Q/hqdefault.jpg",
            "width": 480,
            "height": 360
          }
        },
        "channelTitle": "World Health Organization (WHO)",
        "liveBroadcastContent": "none",
        "publishTime": "2021-06-30T01:00:03Z"
      }
    },
    {
      "kind": "youtube#searchResult",
      "etag": "OlIcyVupTySrs1wjXNVTIMJHsHQ",
      "id": {
        "kind": "youtube#video",
        "videoId": "bXkMcDyubgc"
      },
      "snippet": {
        "publishedAt": "2018-02-07T17:00:04Z",
        "channelId": "UComwL29zYKujb1JhkB0EcGA",
        "title": "How Ancient Civilzations Battled Malaria | River Monsters",
        "description": "Humankind has been finding ways of neutralising diseases for centuries, Jeremy investigates how older civilizations dealt with ...",
        "thumbnails": {
          "default": {
            "url": "https://i.ytimg.com/vi/bXkMcDyubgc/default.jpg",
            "width": 120,
            "height": 90
          },
          "medium": {
            "url": "https://i.ytimg.com/vi/bXkMcDyubgc/mqdefault.jpg",
            "width": 320,
            "height": 180
          },
          "high": {
            "url": "https://i.ytimg.com/vi/bXkMcDyubgc/hqdefault.jpg",
            "width": 480,
            "height": 360
          }
        },
        "channelTitle": "River Monsters™",
        "liveBroadcastContent": "none",
        "publishTime": "2018-02-07T17:00:04Z"
      }
    },
    {
      "kind": "youtube#searchResult",
      "etag": "R5R384_va2YAAbiBetmI2lRqZrg",
      "id": {
        "kind": "youtube#video",
        "videoId": "Yhfu8LCG0Ew"
      },
      "snippet": {
        "publishedAt": "2014-05-29T17:56:02Z",
        "channelId": "UCEflQYP-68reOwcih7UKyDg",
        "title": "Preventing Malaria in Nigeria",
        "description": "It is estimated that malaria kills more than 300000 Nigerians — mostly children — each year. As part of the national campaign to ...",
        "thumbnails": {
          "default": {
            "url": "https://i.ytimg.com/vi/Yhfu8LCG0Ew/default.jpg",
            "width": 120,
            "height": 90
          },
          "medium": {
            "url": "https://i.ytimg.com/vi/Yhfu8LCG0Ew/mqdefault.jpg",
            "width": 320,
            "height": 180
          },
          "high": {
            "url": "https://i.ytimg.com/vi/Yhfu8LCG0Ew/hqdefault.jpg",
            "width": 480,
            "height": 360
          }
        },
        "channelTitle": "The Carter Center",
        "liveBroadcastContent": "none",
        "publishTime": "2014-05-29T17:56:02Z"
      }
    },
    {
      "kind": "youtube#searchResult",
      "etag": "JQOkgUyUckJSn6ew_JQKfB0TWww",
      "id": {
        "kind": "youtube#video",
        "videoId": "M0zQB3BYvqw"
      },
      "snippet": {
        "publishedAt": "2019-09-16T22:30:53Z",
        "channelId": "UCUdOoVWuWmgo1wByzcsyKDQ",
        "title": "La malaria está sin control en Venezuela",
        "description": "La crisis socioeconómica de Venezuela ha provocado un aumento de malaria por la falta de vacunas y tratamientos, ...",
        "thumbnails": {
          "default": {
            "url": "https://i.ytimg.com/vi/M0zQB3BYvqw/default.jpg",
            "width": 120,
            "height": 90
          },
          "medium": {
            "url": "https://i.ytimg.com/vi/M0zQB3BYvqw/mqdefault.jpg",
            "width": 320,
            "height": 180
          },
          "high": {
            "url": "https://i.ytimg.com/vi/M0zQB3BYvqw/hqdefault.jpg",
            "width": 480,
            "height": 360
          }
        },
        "channelTitle": "FRANCE 24 Español",
        "liveBroadcastContent": "none",
        "publishTime": "2019-09-16T22:30:53Z"
      }
    },
    {
      "kind": "youtube#searchResult",
      "etag": "y-XoW-18rJVup6Q_87vcKmIPzzY",
      "id": {
        "kind": "youtube#video",
        "videoId": "GSIe6YwFVUs"
      },
      "snippet": {
        "publishedAt": "2020-07-31T15:30:00Z",
        "channelId": "UCO1uLCdX--uLXXDdJXJfpJA",
        "title": "Malaria-Impfstoff für Kinder in Afrika – Leben retten mit Schweizer Hilfe | Einstein | SRF Wissen",
        "description": "Alle zwei Minuten stirbt ein Kind an Malaria. Doch endlich gibt es in Afrika einen Malaria-Impfstoff: In Ghana, Malawi und Kenia ...",
        "thumbnails": {
          "default": {
            "url": "https://i.ytimg.com/vi/GSIe6YwFVUs/default.jpg",
            "width": 120,
            "height": 90
          },
          "medium": {
            "url": "https://i.ytimg.com/vi/GSIe6YwFVUs/mqdefault.jpg",
            "width": 320,
            "height": 180
          },
          "high": {
            "url": "https://i.ytimg.com/vi/GSIe6YwFVUs/hqdefault.jpg",
            "width": 480,
            "height": 360
          }
        },
        "channelTitle": "SRF Wissen",
        "liveBroadcastContent": "none",
        "publishTime": "2020-07-31T15:30:00Z"
      }
    },
    {
      "kind": "youtube#searchResult",
      "etag": "24FAeC1t-Ck6PHPKeRfIj5dZnsk",
      "id": {
        "kind": "youtube#video",
        "videoId": "JXST_9ach1w"
      },
      "snippet": {
        "publishedAt": "2019-12-21T14:00:03Z",
        "channelId": "UC176GAQozKKjhz62H8u9vQQ",
        "title": "How Malaria Was Eradicated In The U.S.",
        "description": "Get 1 year of both Nebula and Curiosity Stream for just 11.99 here: http://curiositystream.com/realscience using the code ...",
        "thumbnails": {
          "default": {
            "url": "https://i.ytimg.com/vi/JXST_9ach1w/default.jpg",
            "width": 120,
            "height": 90
          },
          "medium": {
            "url": "https://i.ytimg.com/vi/JXST_9ach1w/mqdefault.jpg",
            "width": 320,
            "height": 180
          },
          "high": {
            "url": "https://i.ytimg.com/vi/JXST_9ach1w/hqdefault.jpg",
            "width": 480,
            "height": 360
          }
        },
        "channelTitle": "Real Science",
        "liveBroadcastContent": "none",
        "publishTime": "2019-12-21T14:00:03Z"
      }
    },
    {
      "kind": "youtube#searchResult",
      "etag": "jFm3TfuFAjQdSZBfCX0SLs8LRUg",
      "id": {
        "kind": "youtube#video",
        "videoId": "FemxVe-rOaY"
      },
      "snippet": {
        "publishedAt": "2021-08-26T05:34:34Z",
        "channelId": "UC_j7Nnkv3aDGtys7II5amAg",
        "title": "How to treat malaria | Malaria fever treatment | malaria treatment | Malaria fever treatment | hindi",
        "description": "How to treat malaria | Malaria fever treatment | malaria treatment | Malaria fever treatment | hindi In this video you'll know about the ...",
        "thumbnails": {
          "default": {
            "url": "https://i.ytimg.com/vi/FemxVe-rOaY/default.jpg",
            "width": 120,
            "height": 90
          },
          "medium": {
            "url": "https://i.ytimg.com/vi/FemxVe-rOaY/mqdefault.jpg",
            "width": 320,
            "height": 180
          },
          "high": {
            "url": "https://i.ytimg.com/vi/FemxVe-rOaY/hqdefault.jpg",
            "width": 480,
            "height": 360
          }
        },
        "channelTitle": "PHARMAHUTS : Pharmacy & Medical Videos",
        "liveBroadcastContent": "none",
        "publishTime": "2021-08-26T05:34:34Z"
      }
    },
    {
      "kind": "youtube#searchResult",
      "etag": "qVCKpixLzRVyIdQDdnkwfBLFSrg",
      "id": {
        "kind": "youtube#video",
        "videoId": "8i1r-n_-mns"
      },
      "snippet": {
        "publishedAt": "2018-12-23T03:50:13Z",
        "channelId": "UC40noYKOAoWBnocvtzxwKtQ",
        "title": "Śliwa &quot;Malaria&quot; Prod. CRK",
        "description": "Album: Zmiany w Sąsiedztwie Tekst: Śliwa Produkcja: CRK Mix/Mastering: Samiryi Instagram: ...",
        "thumbnails": {
          "default": {
            "url": "https://i.ytimg.com/vi/8i1r-n_-mns/default.jpg",
            "width": 120,
            "height": 90
          },
          "medium": {
            "url": "https://i.ytimg.com/vi/8i1r-n_-mns/mqdefault.jpg",
            "width": 320,
            "height": 180
          },
          "high": {
            "url": "https://i.ytimg.com/vi/8i1r-n_-mns/hqdefault.jpg",
            "width": 480,
            "height": 360
          }
        },
        "channelTitle": "ŚLIWA TV",
        "liveBroadcastContent": "none",
        "publishTime": "2018-12-23T03:50:13Z"
      }
    },
    {
      "kind": "youtube#searchResult",
      "etag": "d3APVvxTfp9L6VrpnXcPajYN8d4",
      "id": {
        "kind": "youtube#video",
        "videoId": "KYhrh9vRiGQ"
      },
      "snippet": {
        "publishedAt": "2019-01-28T20:35:58Z",
        "channelId": "UCnr6pbeXJmkNQJ9PSYle7QQ",
        "title": "Malaria, batalla definitiva: el mosquito que transmite este mal",
        "description": "NoticiasRCN | El Anófeles es el responsable de transmitir la enfermedad que puede llevar a la muerte https://goo.gl/3HZo6p.",
        "thumbnails": {
          "default": {
            "url": "https://i.ytimg.com/vi/KYhrh9vRiGQ/default.jpg",
            "width": 120,
            "height": 90
          },
          "medium": {
            "url": "https://i.ytimg.com/vi/KYhrh9vRiGQ/mqdefault.jpg",
            "width": 320,
            "height": 180
          },
          "high": {
            "url": "https://i.ytimg.com/vi/KYhrh9vRiGQ/hqdefault.jpg",
            "width": 480,
            "height": 360
          }
        },
        "channelTitle": "Noticias RCN",
        "liveBroadcastContent": "none",
        "publishTime": "2019-01-28T20:35:58Z"
      }
    },
    {
      "kind": "youtube#searchResult",
      "etag": "XqHhq3To9FfbQAoN_Wr25QUzd9g",
      "id": {
        "kind": "youtube#video",
        "videoId": "y5JoClOQ4pU"
      },
      "snippet": {
        "publishedAt": "2017-07-05T17:30:02Z",
        "channelId": "UC9cGX5x0_EXkdfmWlvPbu3g",
        "title": "The End of the Malaria Parasite | Monsters Inside Me",
        "description": "Kelli manages to contract Malaria while on her honeymoon. While doctors realize they can eventually eradicating the parasite ...",
        "thumbnails": {
          "default": {
            "url": "https://i.ytimg.com/vi/y5JoClOQ4pU/default.jpg",
            "width": 120,
            "height": 90
          },
          "medium": {
            "url": "https://i.ytimg.com/vi/y5JoClOQ4pU/mqdefault.jpg",
            "width": 320,
            "height": 180
          },
          "high": {
            "url": "https://i.ytimg.com/vi/y5JoClOQ4pU/hqdefault.jpg",
            "width": 480,
            "height": 360
          }
        },
        "channelTitle": "Discovery UK",
        "liveBroadcastContent": "none",
        "publishTime": "2017-07-05T17:30:02Z"
      }
    },
    {
      "kind": "youtube#searchResult",
      "etag": "nDBPYfxBl4IIwZ3jpsGZXrCiGf4",
      "id": {
        "kind": "youtube#video",
        "videoId": "iBcSAKJvVU8"
      },
      "snippet": {
        "publishedAt": "2021-10-07T08:30:11Z",
        "channelId": "UCrC8mOqJQpoB7NuIMKIS6rQ",
        "title": "World&#39;s first Malaria vaccine MOSQUIRIX approved by World Health Organisation | UPSC Public Health",
        "description": "Join this channel to get access to perks: https://www.youtube.com/channel/UCrC8mOqJQpoB7NuIMKIS6rQ/join Click here ...",
        "thumbnails": {
          "default": {
            "url": "https://i.ytimg.com/vi/iBcSAKJvVU8/default.jpg",
            "width": 120,
            "height": 90
          },
          "medium": {
            "url": "https://i.ytimg.com/vi/iBcSAKJvVU8/mqdefault.jpg",
            "width": 320,
            "height": 180
          },
          "high": {
            "url": "https://i.ytimg.com/vi/iBcSAKJvVU8/hqdefault.jpg",
            "width": 480,
            "height": 360
          }
        },
        "channelTitle": "Study IQ education",
        "liveBroadcastContent": "none",
        "publishTime": "2021-10-07T08:30:11Z"
      }
    },
    {
      "kind": "youtube#searchResult",
      "etag": "9hjSdDI40Yr1lk6GsG7Z58slEiM",
      "id": {
        "kind": "youtube#video",
        "videoId": "7QlunReCEnE"
      },
      "snippet": {
        "publishedAt": "2018-05-30T15:21:24Z",
        "channelId": "UCAc1vNJMil0PMsuVXbhu8Rw",
        "title": "PACES against malaria",
        "description": "The PACES study is a DfID funded research project on eliminating multidrug resistant malaria on Cambodia-Thai border.",
        "thumbnails": {
          "default": {
            "url": "https://i.ytimg.com/vi/7QlunReCEnE/default.jpg",
            "width": 120,
            "height": 90
          },
          "medium": {
            "url": "https://i.ytimg.com/vi/7QlunReCEnE/mqdefault.jpg",
            "width": 320,
            "height": 180
          },
          "high": {
            "url": "https://i.ytimg.com/vi/7QlunReCEnE/hqdefault.jpg",
            "width": 480,
            "height": 360
          }
        },
        "channelTitle": "LSHTM",
        "liveBroadcastContent": "none",
        "publishTime": "2018-05-30T15:21:24Z"
      }
    },
    {
      "kind": "youtube#searchResult",
      "etag": "uSf6JGvvVZmuR2DgzLl7blX7W5M",
      "id": {
        "kind": "youtube#video",
        "videoId": "VuRQEjsrl6E"
      },
      "snippet": {
        "publishedAt": "2012-08-22T09:59:30Z",
        "channelId": "UCvdBMMIL7hikEGRXDML1l3w",
        "title": "Malaria- Natural Ayurvedic Home Remedies",
        "description": "Don't forget to check out our brand new website - http://bit.ly/hmvdesc Malarial infection enters the blood stream through mosquito ...",
        "thumbnails": {
          "default": {
            "url": "https://i.ytimg.com/vi/VuRQEjsrl6E/default.jpg",
            "width": 120,
            "height": 90
          },
          "medium": {
            "url": "https://i.ytimg.com/vi/VuRQEjsrl6E/mqdefault.jpg",
            "width": 320,
            "height": 180
          },
          "high": {
            "url": "https://i.ytimg.com/vi/VuRQEjsrl6E/hqdefault.jpg",
            "width": 480,
            "height": 360
          }
        },
        "channelTitle": "Homeveda - Home Remedies for You!",
        "liveBroadcastContent": "none",
        "publishTime": "2012-08-22T09:59:30Z"
      }
    },
    {
      "kind": "youtube#searchResult",
      "etag": "oblcwUsY-2iCmH-XRTpjL_FlqGQ",
      "id": {
        "kind": "youtube#video",
        "videoId": "F12XTNxx5Hs"
      },
      "snippet": {
        "publishedAt": "2021-10-06T19:15:59Z",
        "channelId": "UCoMdktPbSTixAyNGwb-UYkQ",
        "title": "Breakthrough malaria vaccine after decades of research",
        "description": "Sky News' Ashish Joshi visits Kisumu in Kenya, where the new malaria vaccine is already helping people fight the disease.",
        "thumbnails": {
          "default": {
            "url": "https://i.ytimg.com/vi/F12XTNxx5Hs/default.jpg",
            "width": 120,
            "height": 90
          },
          "medium": {
            "url": "https://i.ytimg.com/vi/F12XTNxx5Hs/mqdefault.jpg",
            "width": 320,
            "height": 180
          },
          "high": {
            "url": "https://i.ytimg.com/vi/F12XTNxx5Hs/hqdefault.jpg",
            "width": 480,
            "height": 360
          }
        },
        "channelTitle": "Sky News",
        "liveBroadcastContent": "none",
        "publishTime": "2021-10-06T19:15:59Z"
      }
    },
    {
      "kind": "youtube#searchResult",
      "etag": "KI8SOhtL4ZfzTHp4UUKqv7nZZJs",
      "id": {
        "kind": "youtube#video",
        "videoId": "ZLkbWUNQbgk"
      },
      "snippet": {
        "publishedAt": "2013-02-22T21:06:23Z",
        "channelId": "UCsooa4yRKGN_zEE8iknghZA",
        "title": "Mosquitos, malaria and education - Bill Gates",
        "description": "View full lesson: http://ed.ted.com/lessons/mosquitos-malaria-and-education-bill-gates Bill Gates hopes to solve some of the ...",
        "thumbnails": {
          "default": {
            "url": "https://i.ytimg.com/vi/ZLkbWUNQbgk/default.jpg",
            "width": 120,
            "height": 90
          },
          "medium": {
            "url": "https://i.ytimg.com/vi/ZLkbWUNQbgk/mqdefault.jpg",
            "width": 320,
            "height": 180
          },
          "high": {
            "url": "https://i.ytimg.com/vi/ZLkbWUNQbgk/hqdefault.jpg",
            "width": 480,
            "height": 360
          }
        },
        "channelTitle": "TED-Ed",
        "liveBroadcastContent": "none",
        "publishTime": "2013-02-22T21:06:23Z"
      }
    },
    {
      "kind": "youtube#searchResult",
      "etag": "lXLXSITQ05tD19rR3EhqfucIcDM",
      "id": {
        "kind": "youtube#video",
        "videoId": "P9Ev9KgkGso"
      },
      "snippet": {
        "publishedAt": "2020-08-22T09:05:39Z",
        "channelId": "UCh_HZKnkDaF-qJ68DjpxuNA",
        "title": "Malaria parasite under microscope | Malaria test | Malaria test procedure",
        "description": "This video about of malaria parasite. Malaria parasite under microscope | Malaria test | Malaria test procedure #Tanu ...",
        "thumbnails": {
          "default": {
            "url": "https://i.ytimg.com/vi/P9Ev9KgkGso/default.jpg",
            "width": 120,
            "height": 90
          },
          "medium": {
            "url": "https://i.ytimg.com/vi/P9Ev9KgkGso/mqdefault.jpg",
            "width": 320,
            "height": 180
          },
          "high": {
            "url": "https://i.ytimg.com/vi/P9Ev9KgkGso/hqdefault.jpg",
            "width": 480,
            "height": 360
          }
        },
        "channelTitle": "Tanu Path",
        "liveBroadcastContent": "none",
        "publishTime": "2020-08-22T09:05:39Z"
      }
    },
    {
      "kind": "youtube#searchResult",
      "etag": "2PNJAaNbftWiJ0uMI9BlXQ-S5lE",
      "id": {
        "kind": "youtube#video",
        "videoId": "pBjIYB5Yk2I"
      },
      "snippet": {
        "publishedAt": "2014-03-05T23:39:34Z",
        "channelId": "UCDrQaGaHpOav5y7m1SCSJRg",
        "title": "How Manu Prakash&#39;s Foldscope is Helping to Fight Malaria",
        "description": "The Foldscope is a fully functional microscope that can be laser- or die-cut out of paper for around 50 cents. This bookmark-sized ...",
        "thumbnails": {
          "default": {
            "url": "https://i.ytimg.com/vi/pBjIYB5Yk2I/default.jpg",
            "width": 120,
            "height": 90
          },
          "medium": {
            "url": "https://i.ytimg.com/vi/pBjIYB5Yk2I/mqdefault.jpg",
            "width": 320,
            "height": 180
          },
          "high": {
            "url": "https://i.ytimg.com/vi/pBjIYB5Yk2I/hqdefault.jpg",
            "width": 480,
            "height": 360
          }
        },
        "channelTitle": "Stanford Medicine",
        "liveBroadcastContent": "none",
        "publishTime": "2014-03-05T23:39:34Z"
      }
    },
    {
      "kind": "youtube#searchResult",
      "etag": "s_fv3UpYfEFHk5oUbS9DaSsD8iw",
      "id": {
        "kind": "youtube#video",
        "videoId": "rqDfohHMrds"
      },
      "snippet": {
        "publishedAt": "2020-12-31T06:02:06Z",
        "channelId": "UCpz5kFTyWB8LXP7rCd-EZ-A",
        "title": "Top 10 Important Multiple Choice Questions (MCQs) on Malaria",
        "description": "This video consists of multiple-choice questions (MCQs) on malaria including causes, mode of transmission, signs & symptoms, ...",
        "thumbnails": {
          "default": {
            "url": "https://i.ytimg.com/vi/rqDfohHMrds/default.jpg",
            "width": 120,
            "height": 90
          },
          "medium": {
            "url": "https://i.ytimg.com/vi/rqDfohHMrds/mqdefault.jpg",
            "width": 320,
            "height": 180
          },
          "high": {
            "url": "https://i.ytimg.com/vi/rqDfohHMrds/hqdefault.jpg",
            "width": 480,
            "height": 360
          }
        },
        "channelTitle": "Easy Health Notes",
        "liveBroadcastContent": "none",
        "publishTime": "2020-12-31T06:02:06Z"
      }
    },
    {
      "kind": "youtube#searchResult",
      "etag": "fc5JDNcW8hgL6hq8_u8RS5Z8-hg",
      "id": {
        "kind": "youtube#video",
        "videoId": "xNw7hEsjVK8"
      },
      "snippet": {
        "publishedAt": "2018-02-21T22:02:19Z",
        "channelId": "UCRuStbjeDvthcvGcr1XO82Q",
        "title": "Mr Bow, Julia Duarte, Liloca, Pureza Wafino, Antonio Marcos - Malaria Fora ( Video Oficial )",
        "description": "",
        "thumbnails": {
          "default": {
            "url": "https://i.ytimg.com/vi/xNw7hEsjVK8/default.jpg",
            "width": 120,
            "height": 90
          },
          "medium": {
            "url": "https://i.ytimg.com/vi/xNw7hEsjVK8/mqdefault.jpg",
            "width": 320,
            "height": 180
          },
          "high": {
            "url": "https://i.ytimg.com/vi/xNw7hEsjVK8/hqdefault.jpg",
            "width": 480,
            "height": 360
          }
        },
        "channelTitle": "Mr bow official",
        "liveBroadcastContent": "none",
        "publishTime": "2018-02-21T22:02:19Z"
      }
    },
    {
      "kind": "youtube#searchResult",
      "etag": "8TSVsolTtWzdBoHWSjr7G1zgA4s",
      "id": {
        "kind": "youtube#video",
        "videoId": "JXxfaPUq_vY"
      },
      "snippet": {
        "publishedAt": "2021-10-06T19:51:01Z",
        "channelId": "UCO0akufu9MOzyz3nvGIXAAw",
        "title": "WHO approves first malaria vaccine",
        "description": "The World Health Organisation has approved the first vaccine against malaria. It has been described as a major breakthrough for ...",
        "thumbnails": {
          "default": {
            "url": "https://i.ytimg.com/vi/JXxfaPUq_vY/default.jpg",
            "width": 120,
            "height": 90
          },
          "medium": {
            "url": "https://i.ytimg.com/vi/JXxfaPUq_vY/mqdefault.jpg",
            "width": 320,
            "height": 180
          },
          "high": {
            "url": "https://i.ytimg.com/vi/JXxfaPUq_vY/hqdefault.jpg",
            "width": 480,
            "height": 360
          }
        },
        "channelTitle": "Sky News Australia",
        "liveBroadcastContent": "none",
        "publishTime": "2021-10-06T19:51:01Z"
      }
    },
    {
      "kind": "youtube#searchResult",
      "etag": "P0tM1IrI29Jl0t36xulKg1xBtNQ",
      "id": {
        "kind": "youtube#video",
        "videoId": "9qfI1emUxP0"
      },
      "snippet": {
        "publishedAt": "2017-07-26T10:00:00Z",
        "channelId": "UCc31CaYGnhdZzEgz5B7TyTQ",
        "title": "Rayden - Malaria (Videoclip Oficial)",
        "description": "Rayden - Malaria en directo en el Festival Cabo de Plata (Videoclip Oficial) Nunca se sabe cómo y cuándo una canción te cala.",
        "thumbnails": {
          "default": {
            "url": "https://i.ytimg.com/vi/9qfI1emUxP0/default.jpg",
            "width": 120,
            "height": 90
          },
          "medium": {
            "url": "https://i.ytimg.com/vi/9qfI1emUxP0/mqdefault.jpg",
            "width": 320,
            "height": 180
          },
          "high": {
            "url": "https://i.ytimg.com/vi/9qfI1emUxP0/hqdefault.jpg",
            "width": 480,
            "height": 360
          }
        },
        "channelTitle": "RAYDEN",
        "liveBroadcastContent": "none",
        "publishTime": "2017-07-26T10:00:00Z"
      }
    },
    {
      "kind": "youtube#searchResult",
      "etag": "RKYzLSh9cAlDrlMgrZ2eF0_dqHE",
      "id": {
        "kind": "youtube#video",
        "videoId": "ZBOcRjsbGTA"
      },
      "snippet": {
        "publishedAt": "2018-11-09T15:35:42Z",
        "channelId": "UCT9cnCEotvyzYw4GseKlUTA",
        "title": "CICLO REPRODUCTIVO EN PLASMODIUM - AGENTE CAUSAL DE LA MALARIA",
        "description": "Comprende el ciclo reproductivo en plasmodium.",
        "thumbnails": {
          "default": {
            "url": "https://i.ytimg.com/vi/ZBOcRjsbGTA/default.jpg",
            "width": 120,
            "height": 90
          },
          "medium": {
            "url": "https://i.ytimg.com/vi/ZBOcRjsbGTA/mqdefault.jpg",
            "width": 320,
            "height": 180
          },
          "high": {
            "url": "https://i.ytimg.com/vi/ZBOcRjsbGTA/hqdefault.jpg",
            "width": 480,
            "height": 360
          }
        },
        "channelTitle": "INFLUENCER BIOLÓGICO ✔",
        "liveBroadcastContent": "none",
        "publishTime": "2018-11-09T15:35:42Z"
      }
    },
    {
      "kind": "youtube#searchResult",
      "etag": "U2QXFYy2HQDJqjQJuv8c8FXry7k",
      "id": {
        "kind": "youtube#video",
        "videoId": "689GNOEolCU"
      },
      "snippet": {
        "publishedAt": "2021-03-05T17:00:03Z",
        "channelId": "UCkEBDbzLyH-LbB2FgMoSMaQ",
        "title": "Malaria Parasites Possess Woman&#39;s Mind | Monsters Inside Me",
        "description": "Kelly starts having intense nightmares and hallucinations after contracting malaria from a mosquito while studying in Ghana.",
        "thumbnails": {
          "default": {
            "url": "https://i.ytimg.com/vi/689GNOEolCU/default.jpg",
            "width": 120,
            "height": 90
          },
          "medium": {
            "url": "https://i.ytimg.com/vi/689GNOEolCU/mqdefault.jpg",
            "width": 320,
            "height": 180
          },
          "high": {
            "url": "https://i.ytimg.com/vi/689GNOEolCU/hqdefault.jpg",
            "width": 480,
            "height": 360
          }
        },
        "channelTitle": "Animal Planet",
        "liveBroadcastContent": "none",
        "publishTime": "2021-03-05T17:00:03Z"
      }
    },
    {
      "kind": "youtube#searchResult",
      "etag": "yzOY4jLuHSNIKbJHSmldFmB4nyY",
      "id": {
        "kind": "youtube#video",
        "videoId": "i7d80I8zfbQ"
      },
      "snippet": {
        "publishedAt": "2022-01-24T15:23:51Z",
        "channelId": "UCBYyJBCtCvgqA4NwtoPMwpQ",
        "title": "Lethal Crysis se infectó hace poco con la MALARIA más mortal que existe y cuenta su experiencia",
        "description": "Clip extraído de The Wild Project #108 ft Lethal Crysis & Clavero: https://youtu.be/2TDC_yNOIEU Segunda parte de los podcast ...",
        "thumbnails": {
          "default": {
            "url": "https://i.ytimg.com/vi/i7d80I8zfbQ/default.jpg",
            "width": 120,
            "height": 90
          },
          "medium": {
            "url": "https://i.ytimg.com/vi/i7d80I8zfbQ/mqdefault.jpg",
            "width": 320,
            "height": 180
          },
          "high": {
            "url": "https://i.ytimg.com/vi/i7d80I8zfbQ/hqdefault.jpg",
            "width": 480,
            "height": 360
          }
        },
        "channelTitle": "The Wild Project",
        "liveBroadcastContent": "none",
        "publishTime": "2022-01-24T15:23:51Z"
      }
    },
    {
      "kind": "youtube#searchResult",
      "etag": "5u8pBfhjOclaIey3m-HkpbPTHSA",
      "id": {
        "kind": "youtube#video",
        "videoId": "u3WxQ73Efvs"
      },
      "snippet": {
        "publishedAt": "2021-09-29T04:30:10Z",
        "channelId": "UCzLqOSZPtUKrmSEnlH4LAvw",
        "title": "Malaria- To The Point | Drishti IAS",
        "description": "Download PDF- https://bit.ly/3Fy3GlJ Malaria is a life-threatening disease. It is preventable and curable. Malaria is caused by ...",
        "thumbnails": {
          "default": {
            "url": "https://i.ytimg.com/vi/u3WxQ73Efvs/default.jpg",
            "width": 120,
            "height": 90
          },
          "medium": {
            "url": "https://i.ytimg.com/vi/u3WxQ73Efvs/mqdefault.jpg",
            "width": 320,
            "height": 180
          },
          "high": {
            "url": "https://i.ytimg.com/vi/u3WxQ73Efvs/hqdefault.jpg",
            "width": 480,
            "height": 360
          }
        },
        "channelTitle": "Drishti IAS",
        "liveBroadcastContent": "none",
        "publishTime": "2021-09-29T04:30:10Z"
      }
    },
    {
      "kind": "youtube#searchResult",
      "etag": "XG3VakJB5pN2og5M4TFo9O-Qzwo",
      "id": {
        "kind": "youtube#video",
        "videoId": "7BQAaBQ-X2s"
      },
      "snippet": {
        "publishedAt": "2020-11-08T03:30:00Z",
        "channelId": "UCFQikAvX3CVKRD8qv87fV5A",
        "title": "मलेरिया – कारण, लक्षण, उपचार | Dr Dhananjay Singh on Malaria | Causes, Treatment &amp; Prevention",
        "description": "Malaria #DoctorAdvice #HindiHealthTips मलेरिया एक गंभीर बीमारी है जो हमारे आस पास जमा गंदे पानी में ...",
        "thumbnails": {
          "default": {
            "url": "https://i.ytimg.com/vi/7BQAaBQ-X2s/default.jpg",
            "width": 120,
            "height": 90
          },
          "medium": {
            "url": "https://i.ytimg.com/vi/7BQAaBQ-X2s/mqdefault.jpg",
            "width": 320,
            "height": 180
          },
          "high": {
            "url": "https://i.ytimg.com/vi/7BQAaBQ-X2s/hqdefault.jpg",
            "width": 480,
            "height": 360
          }
        },
        "channelTitle": "Swasthya Plus Hindi",
        "liveBroadcastContent": "none",
        "publishTime": "2020-11-08T03:30:00Z"
      }
    },
    {
      "kind": "youtube#searchResult",
      "etag": "UizgM3aZSjcIggyEvZFEao6Pv2c",
      "id": {
        "kind": "youtube#video",
        "videoId": "tsgvhP07BC8"
      },
      "snippet": {
        "publishedAt": "2009-02-06T03:25:45Z",
        "channelId": "UCAuUUnT6oDeKwE6v1NGQxug",
        "title": "Mosquitos, malaria and education | Bill Gates",
        "description": "http://www.ted.com Bill Gates hopes to solve some of the world's biggest problems using a new kind of philanthropy.",
        "thumbnails": {
          "default": {
            "url": "https://i.ytimg.com/vi/tsgvhP07BC8/default.jpg",
            "width": 120,
            "height": 90
          },
          "medium": {
            "url": "https://i.ytimg.com/vi/tsgvhP07BC8/mqdefault.jpg",
            "width": 320,
            "height": 180
          },
          "high": {
            "url": "https://i.ytimg.com/vi/tsgvhP07BC8/hqdefault.jpg",
            "width": 480,
            "height": 360
          }
        },
        "channelTitle": "TED",
        "liveBroadcastContent": "none",
        "publishTime": "2009-02-06T03:25:45Z"
      }
    },
    {
      "kind": "youtube#searchResult",
      "etag": "croqmZUcV6zbOQ_wpGIzZpwALtc",
      "id": {
        "kind": "youtube#video",
        "videoId": "c7metlTKO5o"
      },
      "snippet": {
        "publishedAt": "2021-10-12T09:59:44Z",
        "channelId": "UCzuYmh_kQUpJpguQCwLKoPg",
        "title": "Mosquirix | First - WHO endorsed malaria vaccine | News Simplified | ForumIAS",
        "description": "RTS,S/ASO1 (RTS.S), trade name Mosquirix, which was endorsed by WHO, is the first and, to date only, vaccine shown to have ...",
        "thumbnails": {
          "default": {
            "url": "https://i.ytimg.com/vi/c7metlTKO5o/default.jpg",
            "width": 120,
            "height": 90
          },
          "medium": {
            "url": "https://i.ytimg.com/vi/c7metlTKO5o/mqdefault.jpg",
            "width": 320,
            "height": 180
          },
          "high": {
            "url": "https://i.ytimg.com/vi/c7metlTKO5o/hqdefault.jpg",
            "width": 480,
            "height": 360
          }
        },
        "channelTitle": "ForumIAS Offical",
        "liveBroadcastContent": "none",
        "publishTime": "2021-10-12T09:59:44Z"
      }
    },
    {
      "kind": "youtube#searchResult",
      "etag": "UwsAD65U5AFoca3TGmU3osIQSUE",
      "id": {
        "kind": "youtube#video",
        "videoId": "J6p_OJW-_OU"
      },
      "snippet": {
        "publishedAt": "2021-09-25T11:24:22Z",
        "channelId": "UCQ1V7eFgla5Kl6TBdI-M5-Q",
        "title": "MCQS for malaria and typhoid fever شرح بالعربي",
        "description": "",
        "thumbnails": {
          "default": {
            "url": "https://i.ytimg.com/vi/J6p_OJW-_OU/default.jpg",
            "width": 120,
            "height": 90
          },
          "medium": {
            "url": "https://i.ytimg.com/vi/J6p_OJW-_OU/mqdefault.jpg",
            "width": 320,
            "height": 180
          },
          "high": {
            "url": "https://i.ytimg.com/vi/J6p_OJW-_OU/hqdefault.jpg",
            "width": 480,
            "height": 360
          }
        },
        "channelTitle": "استشاريه الأطفال",
        "liveBroadcastContent": "none",
        "publishTime": "2021-09-25T11:24:22Z"
      }
    },
    {
      "kind": "youtube#searchResult",
      "etag": "qboXx1p_obXvQsabEH0ty8RE-nQ",
      "id": {
        "kind": "youtube#video",
        "videoId": "6bT24CNTNFA"
      },
      "snippet": {
        "publishedAt": "2021-04-22T16:02:59Z",
        "channelId": "UCokg_oB8k1a9oVbCm8qh-Zg",
        "title": "KONESER - MALARIA (WIDEO DIR. BY @JARUKE) (PROD. EMKAY)",
        "description": "KONTAKT: koneserrg@gmail.com https://patronite.pl/KONESER https://www.instagram.com/koneserg/ MIX: ...",
        "thumbnails": {
          "default": {
            "url": "https://i.ytimg.com/vi/6bT24CNTNFA/default.jpg",
            "width": 120,
            "height": 90
          },
          "medium": {
            "url": "https://i.ytimg.com/vi/6bT24CNTNFA/mqdefault.jpg",
            "width": 320,
            "height": 180
          },
          "high": {
            "url": "https://i.ytimg.com/vi/6bT24CNTNFA/hqdefault.jpg",
            "width": 480,
            "height": 360
          }
        },
        "channelTitle": "KONESER",
        "liveBroadcastContent": "none",
        "publishTime": "2021-04-22T16:02:59Z"
      }
    },
    {
      "kind": "youtube#searchResult",
      "etag": "GHfTURMCuGCor5f4DgFfYK0uBes",
      "id": {
        "kind": "youtube#video",
        "videoId": "ykPH56Udc60"
      },
      "snippet": {
        "publishedAt": "2017-01-23T01:31:25Z",
        "channelId": "UCBh_GM0xQZQRKSU0ZiVbqdg",
        "title": "DDT, Malaria, and the Book That Changed Environmental Debate | Retro Report",
        "description": "Author Rachel Carson's strike against the pesticide DDT turned her into an environmental hero, but also a foil for those who ...",
        "thumbnails": {
          "default": {
            "url": "https://i.ytimg.com/vi/ykPH56Udc60/default.jpg",
            "width": 120,
            "height": 90
          },
          "medium": {
            "url": "https://i.ytimg.com/vi/ykPH56Udc60/mqdefault.jpg",
            "width": 320,
            "height": 180
          },
          "high": {
            "url": "https://i.ytimg.com/vi/ykPH56Udc60/hqdefault.jpg",
            "width": 480,
            "height": 360
          }
        },
        "channelTitle": "RETRO REPORT",
        "liveBroadcastContent": "none",
        "publishTime": "2017-01-23T01:31:25Z"
      }
    },
    {
      "kind": "youtube#searchResult",
      "etag": "bow8FLB0lanY9qcey_j0SwWUu68",
      "id": {
        "kind": "youtube#video",
        "videoId": "q2g9QakBkuw"
      },
      "snippet": {
        "publishedAt": "2021-01-02T10:21:09Z",
        "channelId": "UCOxozXtKlORi_zuFkZr5gNw",
        "title": "Documentos y formas de prevenir la malaria | Animación científica para niños",
        "description": "Documentos y formas de prevenir la malaria | Animación científica para niños #Woaespanol #WoaCartoon #animaciónwoa ...",
        "thumbnails": {
          "default": {
            "url": "https://i.ytimg.com/vi/q2g9QakBkuw/default.jpg",
            "width": 120,
            "height": 90
          },
          "medium": {
            "url": "https://i.ytimg.com/vi/q2g9QakBkuw/mqdefault.jpg",
            "width": 320,
            "height": 180
          },
          "high": {
            "url": "https://i.ytimg.com/vi/q2g9QakBkuw/hqdefault.jpg",
            "width": 480,
            "height": 360
          }
        },
        "channelTitle": "The Dr Binocs Show - Dioma español Oficial",
        "liveBroadcastContent": "none",
        "publishTime": "2021-01-02T10:21:09Z"
      }
    },
    {
      "kind": "youtube#searchResult",
      "etag": "m7LyuPox2_bNw_rKZsqFTCIyNH8",
      "id": {
        "kind": "youtube#video",
        "videoId": "5M90TR7Cy0c"
      },
      "snippet": {
        "publishedAt": "2014-03-31T09:11:26Z",
        "channelId": "UCzAVxUrq_XsvmEtu2yyV4Zw",
        "title": "Malaria! - Gewissen",
        "description": "Artist: Malaria! Track: Gewissen Album: Malaria! Release: 1981 Label: Marat Records Catalog#: MARAT 006.",
        "thumbnails": {
          "default": {
            "url": "https://i.ytimg.com/vi/5M90TR7Cy0c/default.jpg",
            "width": 120,
            "height": 90
          },
          "medium": {
            "url": "https://i.ytimg.com/vi/5M90TR7Cy0c/mqdefault.jpg",
            "width": 320,
            "height": 180
          },
          "high": {
            "url": "https://i.ytimg.com/vi/5M90TR7Cy0c/hqdefault.jpg",
            "width": 480,
            "height": 360
          }
        },
        "channelTitle": "FreeDoom",
        "liveBroadcastContent": "none",
        "publishTime": "2014-03-31T09:11:26Z"
      }
    },
    {
      "kind": "youtube#searchResult",
      "etag": "vsTmbszKErWocaVD5s8F7I9UURw",
      "id": {
        "kind": "youtube#video",
        "videoId": "eGpnrW-kybw"
      },
      "snippet": {
        "publishedAt": "2019-11-03T17:29:51Z",
        "channelId": "UCddem5RlB3bQe99wyY49g0g",
        "title": "&quot; MALARIA DISCIPLINE &quot; WWII ARMY AIR FORCES TRAINING FILM   ATABRINE  MOSQUITOES 17914",
        "description": "Want to support this channel and help us preserve old films? Visit https://www.patreon.com/PeriscopeFilm This 1944 War ...",
        "thumbnails": {
          "default": {
            "url": "https://i.ytimg.com/vi/eGpnrW-kybw/default.jpg",
            "width": 120,
            "height": 90
          },
          "medium": {
            "url": "https://i.ytimg.com/vi/eGpnrW-kybw/mqdefault.jpg",
            "width": 320,
            "height": 180
          },
          "high": {
            "url": "https://i.ytimg.com/vi/eGpnrW-kybw/hqdefault.jpg",
            "width": 480,
            "height": 360
          }
        },
        "channelTitle": "PeriscopeFilm",
        "liveBroadcastContent": "none",
        "publishTime": "2019-11-03T17:29:51Z"
      }
    },
    {
      "kind": "youtube#searchResult",
      "etag": "2YDdzaZwaUolZGfsOJUrKH5RNFw",
      "id": {
        "kind": "youtube#video",
        "videoId": "2OIqzAwu9Vk"
      },
      "snippet": {
        "publishedAt": "2014-06-09T21:30:01Z",
        "channelId": "UCagCOAfZBpsTOlAJq_vcWbw",
        "title": "Drogba Vs. Malaria",
        "description": "rollbackmalaria.org | #defeatmalaria Football star and United Nations Development Programme (UNDP) Goodwill Ambassador ...",
        "thumbnails": {
          "default": {
            "url": "https://i.ytimg.com/vi/2OIqzAwu9Vk/default.jpg",
            "width": 120,
            "height": 90
          },
          "medium": {
            "url": "https://i.ytimg.com/vi/2OIqzAwu9Vk/mqdefault.jpg",
            "width": 320,
            "height": 180
          },
          "high": {
            "url": "https://i.ytimg.com/vi/2OIqzAwu9Vk/hqdefault.jpg",
            "width": 480,
            "height": 360
          }
        },
        "channelTitle": "United Nations Development Programme (UNDP)",
        "liveBroadcastContent": "none",
        "publishTime": "2014-06-09T21:30:01Z"
      }
    },
    {
      "kind": "youtube#searchResult",
      "etag": "seuo7exHXJanvk3UKJhMVd4oius",
      "id": {
        "kind": "youtube#video",
        "videoId": "x1K6hlZyg6w"
      },
      "snippet": {
        "publishedAt": "2021-10-06T15:45:47Z",
        "channelId": "UCoMdktPbSTixAyNGwb-UYkQ",
        "title": "A &quot;historic&quot; public health event: Malaria jab could save hundreds of thousands of lives",
        "description": "The World Health Organisation has recommended the broad use of a new malaria vaccine, saying it would save hundreds of ...",
        "thumbnails": {
          "default": {
            "url": "https://i.ytimg.com/vi/x1K6hlZyg6w/default.jpg",
            "width": 120,
            "height": 90
          },
          "medium": {
            "url": "https://i.ytimg.com/vi/x1K6hlZyg6w/mqdefault.jpg",
            "width": 320,
            "height": 180
          },
          "high": {
            "url": "https://i.ytimg.com/vi/x1K6hlZyg6w/hqdefault.jpg",
            "width": 480,
            "height": 360
          }
        },
        "channelTitle": "Sky News",
        "liveBroadcastContent": "none",
        "publishTime": "2021-10-06T15:45:47Z"
      }
    },
    {
      "kind": "youtube#searchResult",
      "etag": "_cn7uKFKjCPGL4AkUn9LLSxFuHs",
      "id": {
        "kind": "youtube#video",
        "videoId": "-rlHD4cEZFY"
      },
      "snippet": {
        "publishedAt": "2022-02-11T09:41:58Z",
        "channelId": "UCK3js1Okazarne3RXk8G6hA",
        "title": "📹#JuevesDeWebinar I ¿Cuál es la Situación actual de la Malaria en el Perú?",
        "description": "JuevesDeWebinar I ¿Cuál es la Situación actual de la Malaria en el Perú?",
        "thumbnails": {
          "default": {
            "url": "https://i.ytimg.com/vi/-rlHD4cEZFY/default.jpg",
            "width": 120,
            "height": 90
          },
          "medium": {
            "url": "https://i.ytimg.com/vi/-rlHD4cEZFY/mqdefault.jpg",
            "width": 320,
            "height": 180
          },
          "high": {
            "url": "https://i.ytimg.com/vi/-rlHD4cEZFY/hqdefault.jpg",
            "width": 480,
            "height": 360
          }
        },
        "channelTitle": "CDC Perú",
        "liveBroadcastContent": "none",
        "publishTime": "2022-02-11T09:41:58Z"
      }
    },
    {
      "kind": "youtube#searchResult",
      "etag": "5vpmc3SrllcNBIeXjDXMHRSprd8",
      "id": {
        "kind": "youtube#video",
        "videoId": "5uHhNNoRzoE"
      },
      "snippet": {
        "publishedAt": "2016-07-12T17:04:52Z",
        "channelId": "UCMqzXhud-wZD7_QKASbS7Vw",
        "title": "Zanzibar&#39;s Malaria Hunter",
        "description": "For more stories to inspire the end of extreme poverty visit: https://stories.usaid.gov Habiba Suleimon is a supermom - an ...",
        "thumbnails": {
          "default": {
            "url": "https://i.ytimg.com/vi/5uHhNNoRzoE/default.jpg",
            "width": 120,
            "height": 90
          },
          "medium": {
            "url": "https://i.ytimg.com/vi/5uHhNNoRzoE/mqdefault.jpg",
            "width": 320,
            "height": 180
          },
          "high": {
            "url": "https://i.ytimg.com/vi/5uHhNNoRzoE/hqdefault.jpg",
            "width": 480,
            "height": 360
          }
        },
        "channelTitle": "USAID Video",
        "liveBroadcastContent": "none",
        "publishTime": "2016-07-12T17:04:52Z"
      }
    },
    {
      "kind": "youtube#searchResult",
      "etag": "bmGzaPVjrfj3URFpPyFMgxYaKMQ",
      "id": {
        "kind": "youtube#video",
        "videoId": "BErkbkvjQLE"
      },
      "snippet": {
        "publishedAt": "2007-07-21T22:34:17Z",
        "channelId": "UC8Qv-C4IdSiVQxklm-8aWRw",
        "title": "Stieber Twins - Samy Deluxe - Maximilian - Malaria",
        "description": "Entweder man liebt es oder man hasst es. Hip Hop zu seiner Blütezeit in Deutschland manifestierte sich unter anderem in diesem ...",
        "thumbnails": {
          "default": {
            "url": "https://i.ytimg.com/vi/BErkbkvjQLE/default.jpg",
            "width": 120,
            "height": 90
          },
          "medium": {
            "url": "https://i.ytimg.com/vi/BErkbkvjQLE/mqdefault.jpg",
            "width": 320,
            "height": 180
          },
          "high": {
            "url": "https://i.ytimg.com/vi/BErkbkvjQLE/hqdefault.jpg",
            "width": 480,
            "height": 360
          }
        },
        "channelTitle": "aidakensuke",
        "liveBroadcastContent": "none",
        "publishTime": "2007-07-21T22:34:17Z"
      }
    }
  ]
}
