{
  "kind": "youtube#searchListResponse",
  "etag": "AwDOvrm0uA1K-EZUrWQ5UCveavo",
  "nextPageToken": "CGQQAA",
  "prevPageToken": "CDIQAQ",
  "regionCode": "NL",
  "pageInfo": {
    "totalResults": 1000000,
    "resultsPerPage": 50
  },
  "items": [
    {
      "kind": "youtube#searchResult",
      "etag": "1ElTrvtUESQYbeEXugNkfP0zUHs",
      "id": {
        "kind": "youtube#video",
        "videoId": "URe3soCnZVE"
      },
      "snippet": {
        "publishedAt": "2021-08-03T12:57:29Z",
        "channelId": "UCknLrEdhRCp1aegoMqRaCZg",
        "title": "BioNTech aims to develop mRNA-based malaria vaccine | COVID-19 Special",
        "description": "Tiny mosquitoes are the deadliest creatures on earth, when they transmit malaria. More than 200 million people are infected with ...",
        "thumbnails": {
          "default": {
            "url": "https://i.ytimg.com/vi/URe3soCnZVE/default.jpg",
            "width": 120,
            "height": 90
          },
          "medium": {
            "url": "https://i.ytimg.com/vi/URe3soCnZVE/mqdefault.jpg",
            "width": 320,
            "height": 180
          },
          "high": {
            "url": "https://i.ytimg.com/vi/URe3soCnZVE/hqdefault.jpg",
            "width": 480,
            "height": 360
          }
        },
        "channelTitle": "DW News",
        "liveBroadcastContent": "none",
        "publishTime": "2021-08-03T12:57:29Z"
      }
    },
    {
      "kind": "youtube#searchResult",
      "etag": "9hXtvxdOYNuapO03wr2RgTB7FF0",
      "id": {
        "kind": "youtube#video",
        "videoId": "zONGB3RM1Ss"
      },
      "snippet": {
        "publishedAt": "2020-07-08T23:00:20Z",
        "channelId": "UCvmofFg-oZc4jvBUIfZbjzg",
        "title": "Understanding Malaria: Causes Of Malaria",
        "description": "This video describes the natural and built conditions that can lead a buzzing mosquito to become a menacing killer. By first ...",
        "thumbnails": {
          "default": {
            "url": "https://i.ytimg.com/vi/zONGB3RM1Ss/default.jpg",
            "width": 120,
            "height": 90
          },
          "medium": {
            "url": "https://i.ytimg.com/vi/zONGB3RM1Ss/mqdefault.jpg",
            "width": 320,
            "height": 180
          },
          "high": {
            "url": "https://i.ytimg.com/vi/zONGB3RM1Ss/hqdefault.jpg",
            "width": 480,
            "height": 360
          }
        },
        "channelTitle": "ClickView",
        "liveBroadcastContent": "none",
        "publishTime": "2020-07-08T23:00:20Z"
      }
    },
    {
      "kind": "youtube#searchResult",
      "etag": "iWQRAkq5tdHWcAztvjvJWfqB_Mg",
      "id": {
        "kind": "youtube#video",
        "videoId": "jbH97_eTNf0"
      },
      "snippet": {
        "publishedAt": "2018-07-11T14:09:18Z",
        "channelId": "UCPOsmrl-8HBR2dJqs7PcERw",
        "title": "Cantabria homenajea al descubridor de la vacuna contra la malaria, Manuel Elkin Patarroyo",
        "description": "Cantabria ha rendido homenaje al científico colombiano descubridor de la vacuna contra la malaria, Manuel Elkin Patarroyo, por ...",
        "thumbnails": {
          "default": {
            "url": "https://i.ytimg.com/vi/jbH97_eTNf0/default.jpg",
            "width": 120,
            "height": 90
          },
          "medium": {
            "url": "https://i.ytimg.com/vi/jbH97_eTNf0/mqdefault.jpg",
            "width": 320,
            "height": 180
          },
          "high": {
            "url": "https://i.ytimg.com/vi/jbH97_eTNf0/hqdefault.jpg",
            "width": 480,
            "height": 360
          }
        },
        "channelTitle": "Somos Valdecilla",
        "liveBroadcastContent": "none",
        "publishTime": "2018-07-11T14:09:18Z"
      }
    },
    {
      "kind": "youtube#searchResult",
      "etag": "mIqjD59D5NhfrE0O5c1vWaew9fU",
      "id": {
        "kind": "youtube#video",
        "videoId": "MgoBn2BJdUI"
      },
      "snippet": {
        "publishedAt": "2021-05-22T08:37:22Z",
        "channelId": "UC5BMIWZe9isJXLZZWPWvBlg",
        "title": "Kenali Gejala Malaria dan Penanganannya",
        "description": "JAKARTA, KOMPAS.TV - Di tengah pandemi covid-19 yang masih terjadi di berbagai belahan dunia. Penyakit malaria masih ...",
        "thumbnails": {
          "default": {
            "url": "https://i.ytimg.com/vi/MgoBn2BJdUI/default.jpg",
            "width": 120,
            "height": 90
          },
          "medium": {
            "url": "https://i.ytimg.com/vi/MgoBn2BJdUI/mqdefault.jpg",
            "width": 320,
            "height": 180
          },
          "high": {
            "url": "https://i.ytimg.com/vi/MgoBn2BJdUI/hqdefault.jpg",
            "width": 480,
            "height": 360
          }
        },
        "channelTitle": "KOMPASTV",
        "liveBroadcastContent": "none",
        "publishTime": "2021-05-22T08:37:22Z"
      }
    },
    {
      "kind": "youtube#searchResult",
      "etag": "xzam8giY7KSy_lqE9X6nL_H0lVc",
      "id": {
        "kind": "youtube#video",
        "videoId": "a5_ng-LWOno"
      },
      "snippet": {
        "publishedAt": "2016-03-02T20:57:25Z",
        "channelId": "UC4o_GG-A8mh6VgjxIagPBNA",
        "title": "Medicina para todos: Malaria",
        "description": "Programa de educación sanitaria que aborda temas relacionados al consumo adecuado y el uso racional de medicamentos.",
        "thumbnails": {
          "default": {
            "url": "https://i.ytimg.com/vi/a5_ng-LWOno/default.jpg",
            "width": 120,
            "height": 90
          },
          "medium": {
            "url": "https://i.ytimg.com/vi/a5_ng-LWOno/mqdefault.jpg",
            "width": 320,
            "height": 180
          },
          "high": {
            "url": "https://i.ytimg.com/vi/a5_ng-LWOno/hqdefault.jpg",
            "width": 480,
            "height": 360
          }
        },
        "channelTitle": "Dirección Nacional de Medicamentos",
        "liveBroadcastContent": "none",
        "publishTime": "2016-03-02T20:57:25Z"
      }
    },
    {
      "kind": "youtube#searchResult",
      "etag": "Jn_kkqn3EhmHN5iGD2Lv_P6WgSk",
      "id": {
        "kind": "youtube#video",
        "videoId": "X8lY2sJVHOw"
      },
      "snippet": {
        "publishedAt": "2021-12-10T16:43:23Z",
        "channelId": "UC07-dOwgza1IguKA86jqxNA",
        "title": "Malaria diagnosis: Addressing the issue of HRP2 gene deletions",
        "description": "Access to an accurate and timely diagnosis is critical to preventing a malaria infection from progressing to severe illness and ...",
        "thumbnails": {
          "default": {
            "url": "https://i.ytimg.com/vi/X8lY2sJVHOw/default.jpg",
            "width": 120,
            "height": 90
          },
          "medium": {
            "url": "https://i.ytimg.com/vi/X8lY2sJVHOw/mqdefault.jpg",
            "width": 320,
            "height": 180
          },
          "high": {
            "url": "https://i.ytimg.com/vi/X8lY2sJVHOw/hqdefault.jpg",
            "width": 480,
            "height": 360
          }
        },
        "channelTitle": "World Health Organization (WHO)",
        "liveBroadcastContent": "none",
        "publishTime": "2021-12-10T16:43:23Z"
      }
    },
    {
      "kind": "youtube#searchResult",
      "etag": "7eysgztK10XyxdlotCPLAoR--Pw",
      "id": {
        "kind": "youtube#video",
        "videoId": "V3v7B_g_PFo"
      },
      "snippet": {
        "publishedAt": "2020-05-09T04:30:27Z",
        "channelId": "UCJeFOVY_Lmx4lcdWbJME_vQ",
        "title": "Malaria || Falciparum malaria || Vivax",
        "description": "Malaria#Falciparum#Cerebralmalaria video no 196.",
        "thumbnails": {
          "default": {
            "url": "https://i.ytimg.com/vi/V3v7B_g_PFo/default.jpg",
            "width": 120,
            "height": 90
          },
          "medium": {
            "url": "https://i.ytimg.com/vi/V3v7B_g_PFo/mqdefault.jpg",
            "width": 320,
            "height": 180
          },
          "high": {
            "url": "https://i.ytimg.com/vi/V3v7B_g_PFo/hqdefault.jpg",
            "width": 480,
            "height": 360
          }
        },
        "channelTitle": "AETCM Emergency Medicine",
        "liveBroadcastContent": "none",
        "publishTime": "2020-05-09T04:30:27Z"
      }
    },
    {
      "kind": "youtube#searchResult",
      "etag": "Bl0sHHdtzERjDVfNHmn_FdLTP9Y",
      "id": {
        "kind": "youtube#video",
        "videoId": "co8Pla9axfQ"
      },
      "snippet": {
        "publishedAt": "2018-06-11T09:43:03Z",
        "channelId": "UC5MOW8BO3dH38Fo3Rau17KQ",
        "title": "Malaria: the struggle for a vaccine",
        "description": "Malaria is one of the deadliest human diseases, killing a child in Africa every few minutes. A vaccine is urgently needed, but the ...",
        "thumbnails": {
          "default": {
            "url": "https://i.ytimg.com/vi/co8Pla9axfQ/default.jpg",
            "width": 120,
            "height": 90
          },
          "medium": {
            "url": "https://i.ytimg.com/vi/co8Pla9axfQ/mqdefault.jpg",
            "width": 320,
            "height": 180
          },
          "high": {
            "url": "https://i.ytimg.com/vi/co8Pla9axfQ/hqdefault.jpg",
            "width": 480,
            "height": 360
          }
        },
        "channelTitle": "The Royal Society",
        "liveBroadcastContent": "none",
        "publishTime": "2018-06-11T09:43:03Z"
      }
    },
    {
      "kind": "youtube#searchResult",
      "etag": "K6okkedeTvSqDXk8kbXQ_P6f46I",
      "id": {
        "kind": "youtube#video",
        "videoId": "ay49OuwCmpA"
      },
      "snippet": {
        "publishedAt": "2020-11-04T16:52:34Z",
        "channelId": "UCcGPlqjzyC3TY9R0MbsXfxQ",
        "title": "Treat Malaria and Break Malaria Transmission",
        "description": "This video explains the cycle of malaria infection and transmission and how it can be broken with artemether+lumefantrine and ...",
        "thumbnails": {
          "default": {
            "url": "https://i.ytimg.com/vi/ay49OuwCmpA/default.jpg",
            "width": 120,
            "height": 90
          },
          "medium": {
            "url": "https://i.ytimg.com/vi/ay49OuwCmpA/mqdefault.jpg",
            "width": 320,
            "height": 180
          },
          "high": {
            "url": "https://i.ytimg.com/vi/ay49OuwCmpA/hqdefault.jpg",
            "width": 480,
            "height": 360
          }
        },
        "channelTitle": "Faculty of Health Sciences - University of Pretoria",
        "liveBroadcastContent": "none",
        "publishTime": "2020-11-04T16:52:34Z"
      }
    },
    {
      "kind": "youtube#searchResult",
      "etag": "EyGeNiwyZgBk8BjfOV1YUYn_Xeg",
      "id": {
        "kind": "youtube#video",
        "videoId": "WwbEJQ1tvEI"
      },
      "snippet": {
        "publishedAt": "2020-07-23T10:39:24Z",
        "channelId": "UCYCn1qmrkQiIytJwOB-A-9A",
        "title": "الملاريا / Malaria",
        "description": "رابط الادوية الوقائية ضد الملارياhttps://www.cdc.gov/malaria/travelers/drugs.html روابط المصادر ...",
        "thumbnails": {
          "default": {
            "url": "https://i.ytimg.com/vi/WwbEJQ1tvEI/default.jpg",
            "width": 120,
            "height": 90
          },
          "medium": {
            "url": "https://i.ytimg.com/vi/WwbEJQ1tvEI/mqdefault.jpg",
            "width": 320,
            "height": 180
          },
          "high": {
            "url": "https://i.ytimg.com/vi/WwbEJQ1tvEI/hqdefault.jpg",
            "width": 480,
            "height": 360
          }
        },
        "channelTitle": "طبيب الباطنة العامة",
        "liveBroadcastContent": "none",
        "publishTime": "2020-07-23T10:39:24Z"
      }
    },
    {
      "kind": "youtube#searchResult",
      "etag": "xR--mNj10W4M78Vl8YY_nRMaTaY",
      "id": {
        "kind": "youtube#video",
        "videoId": "zYaSAM8G7jI"
      },
      "snippet": {
        "publishedAt": "2020-09-20T11:37:33Z",
        "channelId": "UCm-8fkXrE1tZn9BO0kZ12jA",
        "title": "Plasmodium vivax life cycle (Hindi)| Malaria",
        "description": "Plasmodium vivax life cycle | Malaria Causing Plasmodium protozoa | Plasmodium vivax | Malaria causing Agent | sporozoite ...",
        "thumbnails": {
          "default": {
            "url": "https://i.ytimg.com/vi/zYaSAM8G7jI/default.jpg",
            "width": 120,
            "height": 90
          },
          "medium": {
            "url": "https://i.ytimg.com/vi/zYaSAM8G7jI/mqdefault.jpg",
            "width": 320,
            "height": 180
          },
          "high": {
            "url": "https://i.ytimg.com/vi/zYaSAM8G7jI/hqdefault.jpg",
            "width": 480,
            "height": 360
          }
        },
        "channelTitle": "snigdha goswami",
        "liveBroadcastContent": "none",
        "publishTime": "2020-09-20T11:37:33Z"
      }
    },
    {
      "kind": "youtube#searchResult",
      "etag": "YQhUbVOqUEYphfBgvDO-wsd0CoY",
      "id": {
        "kind": "youtube#video",
        "videoId": "tlNg3oLqMgY"
      },
      "snippet": {
        "publishedAt": "2014-02-27T14:50:57Z",
        "channelId": "UCWKLJl9RdgmDJDh2H4ZZl8Q",
        "title": "Santé - Tout savoir sur le paludisme ou malaria",
        "description": "Paludisme, Malaria, c'est la même maladie. Le mot paludisme a une origine francophone alors que le mot malaria a une origine ...",
        "thumbnails": {
          "default": {
            "url": "https://i.ytimg.com/vi/tlNg3oLqMgY/default.jpg",
            "width": 120,
            "height": 90
          },
          "medium": {
            "url": "https://i.ytimg.com/vi/tlNg3oLqMgY/mqdefault.jpg",
            "width": 320,
            "height": 180
          },
          "high": {
            "url": "https://i.ytimg.com/vi/tlNg3oLqMgY/hqdefault.jpg",
            "width": 480,
            "height": 360
          }
        },
        "channelTitle": "Pratiks",
        "liveBroadcastContent": "none",
        "publishTime": "2014-02-27T14:50:57Z"
      }
    },
    {
      "kind": "youtube#searchResult",
      "etag": "hI6ZJdoWayjToANe9q4pi_h3zu4",
      "id": {
        "kind": "youtube#video",
        "videoId": "hJNe2qUCfSw"
      },
      "snippet": {
        "publishedAt": "2015-06-18T20:56:52Z",
        "channelId": "UCsT0YIqwnpJCM-mx7-gSA4Q",
        "title": "Unlocking the Mysteries of Cerebral Malaria | Terrie Taylor | TEDxTraverseCity",
        "description": "It's gut-wrenching when children die from malaria, but what keeps us going is that we are making progress against this Voldemort ...",
        "thumbnails": {
          "default": {
            "url": "https://i.ytimg.com/vi/hJNe2qUCfSw/default.jpg",
            "width": 120,
            "height": 90
          },
          "medium": {
            "url": "https://i.ytimg.com/vi/hJNe2qUCfSw/mqdefault.jpg",
            "width": 320,
            "height": 180
          },
          "high": {
            "url": "https://i.ytimg.com/vi/hJNe2qUCfSw/hqdefault.jpg",
            "width": 480,
            "height": 360
          }
        },
        "channelTitle": "TEDx Talks",
        "liveBroadcastContent": "none",
        "publishTime": "2015-06-18T20:56:52Z"
      }
    },
    {
      "kind": "youtube#searchResult",
      "etag": "xOhO1wVhj2Y0S0wnNqWNd3vgcs0",
      "id": {
        "kind": "youtube#video",
        "videoId": "np5sPvM-NHc"
      },
      "snippet": {
        "publishedAt": "2019-03-14T16:50:59Z",
        "channelId": "UCe5CNewjPQU0DMWvvJtIkLg",
        "title": "Artmasta - Malaria",
        "description": "song available here https://fanlink.to/malaria Directed By : zaril https://www.instagram.com/khoubaib_je... Music : prod 1 by ...",
        "thumbnails": {
          "default": {
            "url": "https://i.ytimg.com/vi/np5sPvM-NHc/default.jpg",
            "width": 120,
            "height": 90
          },
          "medium": {
            "url": "https://i.ytimg.com/vi/np5sPvM-NHc/mqdefault.jpg",
            "width": 320,
            "height": 180
          },
          "high": {
            "url": "https://i.ytimg.com/vi/np5sPvM-NHc/hqdefault.jpg",
            "width": 480,
            "height": 360
          }
        },
        "channelTitle": "ARTMASTA",
        "liveBroadcastContent": "none",
        "publishTime": "2019-03-14T16:50:59Z"
      }
    },
    {
      "kind": "youtube#searchResult",
      "etag": "-eY7Xs6dR0Y7xdjUPaDZpCSNA8U",
      "id": {
        "kind": "youtube#video",
        "videoId": "GtkJAWPTi6I"
      },
      "snippet": {
        "publishedAt": "2021-04-25T14:37:06Z",
        "channelId": "UCknLrEdhRCp1aegoMqRaCZg",
        "title": "New malaria vaccine proves 77% effective in trials | DW News",
        "description": "It's being hailed a potential game-changer in the fight against one of the world's deadliest diseases. A promising new vaccine ...",
        "thumbnails": {
          "default": {
            "url": "https://i.ytimg.com/vi/GtkJAWPTi6I/default.jpg",
            "width": 120,
            "height": 90
          },
          "medium": {
            "url": "https://i.ytimg.com/vi/GtkJAWPTi6I/mqdefault.jpg",
            "width": 320,
            "height": 180
          },
          "high": {
            "url": "https://i.ytimg.com/vi/GtkJAWPTi6I/hqdefault.jpg",
            "width": 480,
            "height": 360
          }
        },
        "channelTitle": "DW News",
        "liveBroadcastContent": "none",
        "publishTime": "2021-04-25T14:37:06Z"
      }
    },
    {
      "kind": "youtube#searchResult",
      "etag": "QG81iET8l6d-XIUUg2VEKPl3Oi8",
      "id": {
        "kind": "youtube#video",
        "videoId": "YKvCLSrB7xA"
      },
      "snippet": {
        "publishedAt": "2019-09-18T14:20:11Z",
        "channelId": "UC3HS6gQ79jjn4xHxogw0HiA",
        "title": "What is Malaria (Part 1) - Human Health and Disease | Class 12 Biology",
        "description": "Watch Full Free Course:- https://www.magnetbrains.com\u200b ✔️     Get Notes Here: https://www.pabbly.com/out/magnet-brains\u200b ...",
        "thumbnails": {
          "default": {
            "url": "https://i.ytimg.com/vi/YKvCLSrB7xA/default.jpg",
            "width": 120,
            "height": 90
          },
          "medium": {
            "url": "https://i.ytimg.com/vi/YKvCLSrB7xA/mqdefault.jpg",
            "width": 320,
            "height": 180
          },
          "high": {
            "url": "https://i.ytimg.com/vi/YKvCLSrB7xA/hqdefault.jpg",
            "width": 480,
            "height": 360
          }
        },
        "channelTitle": "Magnet Brains",
        "liveBroadcastContent": "none",
        "publishTime": "2019-09-18T14:20:11Z"
      }
    },
    {
      "kind": "youtube#searchResult",
      "etag": "MSNUvCS4NB8niapmMZfPgqh7nZU",
      "id": {
        "kind": "youtube#video",
        "videoId": "RvH1lyAgyk8"
      },
      "snippet": {
        "publishedAt": "2019-08-07T16:11:33Z",
        "channelId": "UCKfGO7acEqtKK-8Y8YQImFQ",
        "title": "NADAL® Malaria Pf/Pan Ag 4 Species Test – Malaria rapid test",
        "description": "The NADAL® Malaria Pf/Pan Ag 4 Species Test is intended for use in the simultaneous detection and differentiation of ...",
        "thumbnails": {
          "default": {
            "url": "https://i.ytimg.com/vi/RvH1lyAgyk8/default.jpg",
            "width": 120,
            "height": 90
          },
          "medium": {
            "url": "https://i.ytimg.com/vi/RvH1lyAgyk8/mqdefault.jpg",
            "width": 320,
            "height": 180
          },
          "high": {
            "url": "https://i.ytimg.com/vi/RvH1lyAgyk8/hqdefault.jpg",
            "width": 480,
            "height": 360
          }
        },
        "channelTitle": "nal von minden GmbH",
        "liveBroadcastContent": "none",
        "publishTime": "2019-08-07T16:11:33Z"
      }
    },
    {
      "kind": "youtube#searchResult",
      "etag": "CNJQNUF20xIFN3zY4Uc9yS-iZdM",
      "id": {
        "kind": "youtube#video",
        "videoId": "rfU9eyN0r24"
      },
      "snippet": {
        "publishedAt": "2018-07-18T09:46:53Z",
        "channelId": "UCRhw4lxZfXtcxQSoFWqWTyg",
        "title": "Malaria – Ein Überblick",
        "description": "Eine tödliche Erkrankung, die durch Moskito-Stiche übertragen wird. Sie verursacht Fieber, Kopfschmerzen und Schüttelfrost.",
        "thumbnails": {
          "default": {
            "url": "https://i.ytimg.com/vi/rfU9eyN0r24/default.jpg",
            "width": 120,
            "height": 90
          },
          "medium": {
            "url": "https://i.ytimg.com/vi/rfU9eyN0r24/mqdefault.jpg",
            "width": 320,
            "height": 180
          },
          "high": {
            "url": "https://i.ytimg.com/vi/rfU9eyN0r24/hqdefault.jpg",
            "width": 480,
            "height": 360
          }
        },
        "channelTitle": "Reise Medizin Check",
        "liveBroadcastContent": "none",
        "publishTime": "2018-07-18T09:46:53Z"
      }
    },
    {
      "kind": "youtube#searchResult",
      "etag": "zGoxInMpQsHNAEgC_vV2aNB3o80",
      "id": {
        "kind": "youtube#video",
        "videoId": "tpPybazknNQ"
      },
      "snippet": {
        "publishedAt": "2021-12-08T16:24:00Z",
        "channelId": "UCabaQPYxxKepWUsEVQMT4Kw",
        "title": "A Vaccine for Malaria!",
        "description": "See every side of every news story by going to https://ground.news/healthcaretriage to download the free app. Malaria kills a lot of ...",
        "thumbnails": {
          "default": {
            "url": "https://i.ytimg.com/vi/tpPybazknNQ/default.jpg",
            "width": 120,
            "height": 90
          },
          "medium": {
            "url": "https://i.ytimg.com/vi/tpPybazknNQ/mqdefault.jpg",
            "width": 320,
            "height": 180
          },
          "high": {
            "url": "https://i.ytimg.com/vi/tpPybazknNQ/hqdefault.jpg",
            "width": 480,
            "height": 360
          }
        },
        "channelTitle": "Healthcare Triage",
        "liveBroadcastContent": "none",
        "publishTime": "2021-12-08T16:24:00Z"
      }
    },
    {
      "kind": "youtube#searchResult",
      "etag": "OkTdjb5MHTdkJOEapODlCGLZYDE",
      "id": {
        "kind": "youtube#video",
        "videoId": "yTc1ZDDlUQ8"
      },
      "snippet": {
        "publishedAt": "2019-01-21T19:28:46Z",
        "channelId": "UCo1zEN0d8lsrm1LV4n8eLVw",
        "title": "ENFERMEDADES METAXENICAS  I: MALARIA",
        "description": "",
        "thumbnails": {
          "default": {
            "url": "https://i.ytimg.com/vi/yTc1ZDDlUQ8/default.jpg",
            "width": 120,
            "height": 90
          },
          "medium": {
            "url": "https://i.ytimg.com/vi/yTc1ZDDlUQ8/mqdefault.jpg",
            "width": 320,
            "height": 180
          },
          "high": {
            "url": "https://i.ytimg.com/vi/yTc1ZDDlUQ8/hqdefault.jpg",
            "width": 480,
            "height": 360
          }
        },
        "channelTitle": "Telesalud Minsa Telecapacitaciones",
        "liveBroadcastContent": "none",
        "publishTime": "2019-01-21T19:28:46Z"
      }
    },
    {
      "kind": "youtube#searchResult",
      "etag": "8bHEzXAAeMFjWgGYevrnsGsywt0",
      "id": {
        "kind": "youtube#video",
        "videoId": "P0HPHUzsHbI"
      },
      "snippet": {
        "publishedAt": "2018-05-31T12:01:20Z",
        "channelId": "UCLXo7UDZvByw2ixzpQCufnA",
        "title": "The bold plan to end malaria with a gene drive",
        "description": "How genetically engineered mosquitoes might defeat a disease that kills millions of children. Subscribe to our channel!",
        "thumbnails": {
          "default": {
            "url": "https://i.ytimg.com/vi/P0HPHUzsHbI/default.jpg",
            "width": 120,
            "height": 90
          },
          "medium": {
            "url": "https://i.ytimg.com/vi/P0HPHUzsHbI/mqdefault.jpg",
            "width": 320,
            "height": 180
          },
          "high": {
            "url": "https://i.ytimg.com/vi/P0HPHUzsHbI/hqdefault.jpg",
            "width": 480,
            "height": 360
          }
        },
        "channelTitle": "Vox",
        "liveBroadcastContent": "none",
        "publishTime": "2018-05-31T12:01:20Z"
      }
    },
    {
      "kind": "youtube#searchResult",
      "etag": "cTBXAKLPFyNzaJvAvirZgLPN5hM",
      "id": {
        "kind": "youtube#video",
        "videoId": "NX8Y9Gk5qo4"
      },
      "snippet": {
        "publishedAt": "2019-09-18T17:03:06Z",
        "channelId": "UC3HS6gQ79jjn4xHxogw0HiA",
        "title": "What is Malaria (Part 2) - Human Health and Disease | Class 12 Biology",
        "description": "Watch Full Free Course:- https://www.magnetbrains.com\u200b ✔️     Get Notes Here: https://www.pabbly.com/out/magnet-brains\u200b ...",
        "thumbnails": {
          "default": {
            "url": "https://i.ytimg.com/vi/NX8Y9Gk5qo4/default.jpg",
            "width": 120,
            "height": 90
          },
          "medium": {
            "url": "https://i.ytimg.com/vi/NX8Y9Gk5qo4/mqdefault.jpg",
            "width": 320,
            "height": 180
          },
          "high": {
            "url": "https://i.ytimg.com/vi/NX8Y9Gk5qo4/hqdefault.jpg",
            "width": 480,
            "height": 360
          }
        },
        "channelTitle": "Magnet Brains",
        "liveBroadcastContent": "none",
        "publishTime": "2019-09-18T17:03:06Z"
      }
    },
    {
      "kind": "youtube#searchResult",
      "etag": "u98odZh4xpvfeFgEas9FMpgb84o",
      "id": {
        "kind": "youtube#video",
        "videoId": "O1leXmLzQnw"
      },
      "snippet": {
        "publishedAt": "2017-04-25T12:29:41Z",
        "channelId": "UCJpt9KN7frvqdszcQzECI7w",
        "title": "How to Treat Malaria",
        "description": "Part of our suite of films made in partnership with Econet transforming malaria health education using mobile animation in ...",
        "thumbnails": {
          "default": {
            "url": "https://i.ytimg.com/vi/O1leXmLzQnw/default.jpg",
            "width": 120,
            "height": 90
          },
          "medium": {
            "url": "https://i.ytimg.com/vi/O1leXmLzQnw/mqdefault.jpg",
            "width": 320,
            "height": 180
          },
          "high": {
            "url": "https://i.ytimg.com/vi/O1leXmLzQnw/hqdefault.jpg",
            "width": 480,
            "height": 360
          }
        },
        "channelTitle": "Medical Aid Films - Films For Life",
        "liveBroadcastContent": "none",
        "publishTime": "2017-04-25T12:29:41Z"
      }
    },
    {
      "kind": "youtube#searchResult",
      "etag": "TJ2XMAcefqEmPrWSftCcpO71bQ4",
      "id": {
        "kind": "youtube#video",
        "videoId": "CxOf1u7Y0LU"
      },
      "snippet": {
        "publishedAt": "2021-04-25T16:45:00Z",
        "channelId": "UCT4Jg8h03dD0iN3Pb5L0PMA",
        "title": "La pandemia podría hacer volver la malaria a Europa",
        "description": "La pandemia podría hacer volver la malaria a Europa Más de 20 países erradicaron la malaria a lo largo de las últimas dos ...",
        "thumbnails": {
          "default": {
            "url": "https://i.ytimg.com/vi/CxOf1u7Y0LU/default.jpg",
            "width": 120,
            "height": 90
          },
          "medium": {
            "url": "https://i.ytimg.com/vi/CxOf1u7Y0LU/mqdefault.jpg",
            "width": 320,
            "height": 180
          },
          "high": {
            "url": "https://i.ytimg.com/vi/CxOf1u7Y0LU/hqdefault.jpg",
            "width": 480,
            "height": 360
          }
        },
        "channelTitle": "DW Español",
        "liveBroadcastContent": "none",
        "publishTime": "2021-04-25T16:45:00Z"
      }
    },
    {
      "kind": "youtube#searchResult",
      "etag": "xHb9-1g3PhcW9syV3cMfMe0ds9I",
      "id": {
        "kind": "youtube#video",
        "videoId": "WPP7AjmStBg"
      },
      "snippet": {
        "publishedAt": "2018-06-25T04:17:24Z",
        "channelId": "UCGCm7p6yg20dH3pJ8yzPNTQ",
        "title": "Malaria Thick Smear Preparation",
        "description": "The video describes the preparation and interpretation of a malarial thick smear for the detection of malarial parasites.",
        "thumbnails": {
          "default": {
            "url": "https://i.ytimg.com/vi/WPP7AjmStBg/default.jpg",
            "width": 120,
            "height": 90
          },
          "medium": {
            "url": "https://i.ytimg.com/vi/WPP7AjmStBg/mqdefault.jpg",
            "width": 320,
            "height": 180
          },
          "high": {
            "url": "https://i.ytimg.com/vi/WPP7AjmStBg/hqdefault.jpg",
            "width": 480,
            "height": 360
          }
        },
        "channelTitle": "LabsforLifeProject",
        "liveBroadcastContent": "none",
        "publishTime": "2018-06-25T04:17:24Z"
      }
    },
    {
      "kind": "youtube#searchResult",
      "etag": "hAE_OXBs935cQ8vkTASAiwADoLo",
      "id": {
        "kind": "youtube#video",
        "videoId": "V7zJNn49fWg"
      },
      "snippet": {
        "publishedAt": "2022-01-18T16:19:34Z",
        "channelId": "UCpNnv_kL4Jk8YG_VflnZpmg",
        "title": "La vacuna contra la Malaria - 5 Minutos Científicos",
        "description": "Conoce la primera vacuna contra la Malaria. ¿Quién debe recibir esta vacuna? ¿Cuáles son los desafíos de implementar una ...",
        "thumbnails": {
          "default": {
            "url": "https://i.ytimg.com/vi/V7zJNn49fWg/default.jpg",
            "width": 120,
            "height": 90
          },
          "medium": {
            "url": "https://i.ytimg.com/vi/V7zJNn49fWg/mqdefault.jpg",
            "width": 320,
            "height": 180
          },
          "high": {
            "url": "https://i.ytimg.com/vi/V7zJNn49fWg/hqdefault.jpg",
            "width": 480,
            "height": 360
          }
        },
        "channelTitle": "PAHO TV",
        "liveBroadcastContent": "none",
        "publishTime": "2022-01-18T16:19:34Z"
      }
    },
    {
      "kind": "youtube#searchResult",
      "etag": "a9CkPfWdj9bIaFuK62UjpvIkx7Q",
      "id": {
        "kind": "youtube#video",
        "videoId": "TLgmtTCrFuM"
      },
      "snippet": {
        "publishedAt": "2018-12-25T08:15:01Z",
        "channelId": "UCUxNC1EIJBZqIMoBhn3TvgQ",
        "title": "MALARIA - - Spiegazione",
        "description": "øShop I nostri design: https://shippingdog.com/artist/?id=187 øSocial Facebook: https://www.facebook.com/ilcorpoumanoofficial/ ...",
        "thumbnails": {
          "default": {
            "url": "https://i.ytimg.com/vi/TLgmtTCrFuM/default.jpg",
            "width": 120,
            "height": 90
          },
          "medium": {
            "url": "https://i.ytimg.com/vi/TLgmtTCrFuM/mqdefault.jpg",
            "width": 320,
            "height": 180
          },
          "high": {
            "url": "https://i.ytimg.com/vi/TLgmtTCrFuM/hqdefault.jpg",
            "width": 480,
            "height": 360
          }
        },
        "channelTitle": "Il Corpo Umano",
        "liveBroadcastContent": "none",
        "publishTime": "2018-12-25T08:15:01Z"
      }
    },
    {
      "kind": "youtube#searchResult",
      "etag": "7wP_iMBPB6zGOuYKHm9CMRX0OAE",
      "id": {
        "kind": "youtube#video",
        "videoId": "i1TNRsWdsWk"
      },
      "snippet": {
        "publishedAt": "2013-08-08T11:11:44Z",
        "channelId": "UCepdtwVijZeaL1CuDrM7Fmg",
        "title": "Epidemia de Malaria en África: Documental Completo",
        "description": "La Malaria es una enfermedad que sigue matando a más de medio millón de personas al año, la mayoría niños y niñas en África.",
        "thumbnails": {
          "default": {
            "url": "https://i.ytimg.com/vi/i1TNRsWdsWk/default.jpg",
            "width": 120,
            "height": 90
          },
          "medium": {
            "url": "https://i.ytimg.com/vi/i1TNRsWdsWk/mqdefault.jpg",
            "width": 320,
            "height": 180
          },
          "high": {
            "url": "https://i.ytimg.com/vi/i1TNRsWdsWk/hqdefault.jpg",
            "width": 480,
            "height": 360
          }
        },
        "channelTitle": "Indagando TV",
        "liveBroadcastContent": "none",
        "publishTime": "2013-08-08T11:11:44Z"
      }
    },
    {
      "kind": "youtube#searchResult",
      "etag": "vD3kX5-yOeEmwQieJ-f_O5Txo2c",
      "id": {
        "kind": "youtube#video",
        "videoId": "eiJ41jZSI5s"
      },
      "snippet": {
        "publishedAt": "2021-06-25T15:31:19Z",
        "channelId": "UC5BMIWZe9isJXLZZWPWvBlg",
        "title": "Hati-hati dengan Ancaman Penyakit Malaria di Indonesia",
        "description": "KOMPAS.TV - Di tengah pandemi Covid-19 yang masih terjadi di berbagai belahan dunia, penyakit malaria masih jadi ancaman ...",
        "thumbnails": {
          "default": {
            "url": "https://i.ytimg.com/vi/eiJ41jZSI5s/default.jpg",
            "width": 120,
            "height": 90
          },
          "medium": {
            "url": "https://i.ytimg.com/vi/eiJ41jZSI5s/mqdefault.jpg",
            "width": 320,
            "height": 180
          },
          "high": {
            "url": "https://i.ytimg.com/vi/eiJ41jZSI5s/hqdefault.jpg",
            "width": 480,
            "height": 360
          }
        },
        "channelTitle": "KOMPASTV",
        "liveBroadcastContent": "none",
        "publishTime": "2021-06-25T15:31:19Z"
      }
    },
    {
      "kind": "youtube#searchResult",
      "etag": "X8cpS5YE2l7FDUhEDE954dYI9Nc",
      "id": {
        "kind": "youtube#video",
        "videoId": "-7ZvupfstLY"
      },
      "snippet": {
        "publishedAt": "2021-10-07T02:00:35Z",
        "channelId": "UCKjU3KzdbJE1EFcHVqXC3_g",
        "title": "WHO recommends 1st malaria vaccine",
        "description": "The World Health Organization has recommended a widespread rollout of the first malaria vaccine, which it says could save tens ...",
        "thumbnails": {
          "default": {
            "url": "https://i.ytimg.com/vi/-7ZvupfstLY/default.jpg",
            "width": 120,
            "height": 90
          },
          "medium": {
            "url": "https://i.ytimg.com/vi/-7ZvupfstLY/mqdefault.jpg",
            "width": 320,
            "height": 180
          },
          "high": {
            "url": "https://i.ytimg.com/vi/-7ZvupfstLY/hqdefault.jpg",
            "width": 480,
            "height": 360
          }
        },
        "channelTitle": "CBC News: The National",
        "liveBroadcastContent": "none",
        "publishTime": "2021-10-07T02:00:35Z"
      }
    },
    {
      "kind": "youtube#searchResult",
      "etag": "NB4LcxMy7Q87d4jRc2HwyP_Jl7s",
      "id": {
        "kind": "youtube#video",
        "videoId": "0w1JDcq0ad4"
      },
      "snippet": {
        "publishedAt": "2020-07-25T06:41:26Z",
        "channelId": "UCb1IG49UVZXQnmUPJzBDP3A",
        "title": "RCOG Guideline The Diagnosis and Treatment of Malaria in Pregnancy Part 1",
        "description": "This guideline provides clinicians with evidence-based information on the diagnosis and treatment of malaria in pregnancy in ...",
        "thumbnails": {
          "default": {
            "url": "https://i.ytimg.com/vi/0w1JDcq0ad4/default.jpg",
            "width": 120,
            "height": 90
          },
          "medium": {
            "url": "https://i.ytimg.com/vi/0w1JDcq0ad4/mqdefault.jpg",
            "width": 320,
            "height": 180
          },
          "high": {
            "url": "https://i.ytimg.com/vi/0w1JDcq0ad4/hqdefault.jpg",
            "width": 480,
            "height": 360
          }
        },
        "channelTitle": "Dr. Abeer F.G.",
        "liveBroadcastContent": "none",
        "publishTime": "2020-07-25T06:41:26Z"
      }
    },
    {
      "kind": "youtube#searchResult",
      "etag": "wudOYTIxZZsYaekAgDJbcILht7o",
      "id": {
        "kind": "youtube#video",
        "videoId": "qq9UtvtFpPA"
      },
      "snippet": {
        "publishedAt": "2019-05-03T21:00:02Z",
        "channelId": "UCZYTClx2T1of7BRZ86-8fow",
        "title": "The World&#39;s First Malaria Vaccine Gets a Shot in Africa | SciShow News",
        "description": "Last week, the World Health Organization announced that a malaria vaccine has finally made it through all the regulatory hurdles ...",
        "thumbnails": {
          "default": {
            "url": "https://i.ytimg.com/vi/qq9UtvtFpPA/default.jpg",
            "width": 120,
            "height": 90
          },
          "medium": {
            "url": "https://i.ytimg.com/vi/qq9UtvtFpPA/mqdefault.jpg",
            "width": 320,
            "height": 180
          },
          "high": {
            "url": "https://i.ytimg.com/vi/qq9UtvtFpPA/hqdefault.jpg",
            "width": 480,
            "height": 360
          }
        },
        "channelTitle": "SciShow",
        "liveBroadcastContent": "none",
        "publishTime": "2019-05-03T21:00:02Z"
      }
    },
    {
      "kind": "youtube#searchResult",
      "etag": "ztnp6xKqriQM-4MgnW2m-2_x1l0",
      "id": {
        "kind": "youtube#video",
        "videoId": "_LstiG8zSVc"
      },
      "snippet": {
        "publishedAt": "2021-09-10T15:51:22Z",
        "channelId": "UC_BUcQUSm8Ne5WL57tS99WQ",
        "title": "Improving the Quality of Malaria Diagnosis and Treatment Services in Ethiopia",
        "description": "",
        "thumbnails": {
          "default": {
            "url": "https://i.ytimg.com/vi/_LstiG8zSVc/default.jpg",
            "width": 120,
            "height": 90
          },
          "medium": {
            "url": "https://i.ytimg.com/vi/_LstiG8zSVc/mqdefault.jpg",
            "width": 320,
            "height": 180
          },
          "high": {
            "url": "https://i.ytimg.com/vi/_LstiG8zSVc/hqdefault.jpg",
            "width": 480,
            "height": 360
          }
        },
        "channelTitle": "ICAP at Columbia University",
        "liveBroadcastContent": "none",
        "publishTime": "2021-09-10T15:51:22Z"
      }
    },
    {
      "kind": "youtube#searchResult",
      "etag": "-Brp0L5PzA2ZV_fIH5ZK1XMrG58",
      "id": {
        "kind": "youtube#video",
        "videoId": "DnwWLjvPxtE"
      },
      "snippet": {
        "publishedAt": "2013-04-25T09:12:31Z",
        "channelId": "UCmyAAcFzmkD5SHIa0olqhgw",
        "title": "Wat is malaria?",
        "description": "Je zou het misschien niet zeggen, maar er overlijden per jaar meer mensen door toedoen van een mug dan door een haai of ...",
        "thumbnails": {
          "default": {
            "url": "https://i.ytimg.com/vi/DnwWLjvPxtE/default.jpg",
            "width": 120,
            "height": 90
          },
          "medium": {
            "url": "https://i.ytimg.com/vi/DnwWLjvPxtE/mqdefault.jpg",
            "width": 320,
            "height": 180
          },
          "high": {
            "url": "https://i.ytimg.com/vi/DnwWLjvPxtE/hqdefault.jpg",
            "width": 480,
            "height": 360
          }
        },
        "channelTitle": "Clipphanger",
        "liveBroadcastContent": "none",
        "publishTime": "2013-04-25T09:12:31Z"
      }
    },
    {
      "kind": "youtube#searchResult",
      "etag": "1TYDKToCVFwrIbYW6J0ixUSLPJE",
      "id": {
        "kind": "youtube#video",
        "videoId": "4rObfXlman4"
      },
      "snippet": {
        "publishedAt": "2021-04-07T13:45:01Z",
        "channelId": "UC-WHWhLDdRAiiT53kqDe3PA",
        "title": "Human Health and Diseases - Malaria - Life Cycle - Part - 1",
        "description": "Download the app for Live interactive classes at the lowest price possible. The courses contain Live classes, recorded videos of ...",
        "thumbnails": {
          "default": {
            "url": "https://i.ytimg.com/vi/4rObfXlman4/default.jpg",
            "width": 120,
            "height": 90
          },
          "medium": {
            "url": "https://i.ytimg.com/vi/4rObfXlman4/mqdefault.jpg",
            "width": 320,
            "height": 180
          },
          "high": {
            "url": "https://i.ytimg.com/vi/4rObfXlman4/hqdefault.jpg",
            "width": 480,
            "height": 360
          }
        },
        "channelTitle": "Neela Bakore Tutorials",
        "liveBroadcastContent": "none",
        "publishTime": "2021-04-07T13:45:01Z"
      }
    },
    {
      "kind": "youtube#searchResult",
      "etag": "RkrDRwfF7RREHNlLjdLCkzbou1M",
      "id": {
        "kind": "youtube#video",
        "videoId": "fGMwZDmWl2w"
      },
      "snippet": {
        "publishedAt": "2018-11-19T13:29:42Z",
        "channelId": "UC07-dOwgza1IguKA86jqxNA",
        "title": "Fighting malaria: Let&#39;s achieve high impact in hardest hit countries",
        "description": "The World Health Organization and the Roll Back Malaria Partnership to end Malaria have catalyzed a new country-led approach ...",
        "thumbnails": {
          "default": {
            "url": "https://i.ytimg.com/vi/fGMwZDmWl2w/default.jpg",
            "width": 120,
            "height": 90
          },
          "medium": {
            "url": "https://i.ytimg.com/vi/fGMwZDmWl2w/mqdefault.jpg",
            "width": 320,
            "height": 180
          },
          "high": {
            "url": "https://i.ytimg.com/vi/fGMwZDmWl2w/hqdefault.jpg",
            "width": 480,
            "height": 360
          }
        },
        "channelTitle": "World Health Organization (WHO)",
        "liveBroadcastContent": "none",
        "publishTime": "2018-11-19T13:29:42Z"
      }
    },
    {
      "kind": "youtube#searchResult",
      "etag": "RPLNAjiLTAifR3JVVDkCVJhSSJY",
      "id": {
        "kind": "youtube#video",
        "videoId": "bW_QBSuBeSs"
      },
      "snippet": {
        "publishedAt": "2021-10-06T19:53:36Z",
        "channelId": "UCknLrEdhRCp1aegoMqRaCZg",
        "title": "WHO approves Malaria vaccine for children | DW News",
        "description": "A medical breakthrough on two fronts: The World Health Organization has just approved the first ever vaccine to prevent malaria.",
        "thumbnails": {
          "default": {
            "url": "https://i.ytimg.com/vi/bW_QBSuBeSs/default.jpg",
            "width": 120,
            "height": 90
          },
          "medium": {
            "url": "https://i.ytimg.com/vi/bW_QBSuBeSs/mqdefault.jpg",
            "width": 320,
            "height": 180
          },
          "high": {
            "url": "https://i.ytimg.com/vi/bW_QBSuBeSs/hqdefault.jpg",
            "width": 480,
            "height": 360
          }
        },
        "channelTitle": "DW News",
        "liveBroadcastContent": "none",
        "publishTime": "2021-10-06T19:53:36Z"
      }
    },
    {
      "kind": "youtube#searchResult",
      "etag": "go-y3oAbkPm32tKW06RY6IQvsQs",
      "id": {
        "kind": "youtube#video",
        "videoId": "46bsj0bdG9w"
      },
      "snippet": {
        "publishedAt": "2013-05-23T13:13:55Z",
        "channelId": "UCu0UXUuaYmbSnpv5nXuSP6g",
        "title": "Malaria, Gelbfieber, Dengue, Chagas und die Schlafkrankheit (1 von 2)",
        "description": "Aus der BR-alpha-Reihe „Schatten des Todes - Die Geschichte der Seuchen\" berichtet diese Dokumentation über ...",
        "thumbnails": {
          "default": {
            "url": "https://i.ytimg.com/vi/46bsj0bdG9w/default.jpg",
            "width": 120,
            "height": 90
          },
          "medium": {
            "url": "https://i.ytimg.com/vi/46bsj0bdG9w/mqdefault.jpg",
            "width": 320,
            "height": 180
          },
          "high": {
            "url": "https://i.ytimg.com/vi/46bsj0bdG9w/hqdefault.jpg",
            "width": 480,
            "height": 360
          }
        },
        "channelTitle": "Dirk Lohse",
        "liveBroadcastContent": "none",
        "publishTime": "2013-05-23T13:13:55Z"
      }
    },
    {
      "kind": "youtube#searchResult",
      "etag": "8E-P0G_mWGRVU5r09t_O7BGtIl0",
      "id": {
        "kind": "youtube#video",
        "videoId": "HAocVKY0yHo"
      },
      "snippet": {
        "publishedAt": "2020-10-05T08:00:02Z",
        "channelId": "UCH4zn9YxA2Fd6qSYGy_xktg",
        "title": "Storia della Malaria",
        "description": "Conversano Frank M. Snowden, storico dell'età contemporanea e della medicina Andrea Zannini, storico dell'età moderna La ...",
        "thumbnails": {
          "default": {
            "url": "https://i.ytimg.com/vi/HAocVKY0yHo/default.jpg",
            "width": 120,
            "height": 90
          },
          "medium": {
            "url": "https://i.ytimg.com/vi/HAocVKY0yHo/mqdefault.jpg",
            "width": 320,
            "height": 180
          },
          "high": {
            "url": "https://i.ytimg.com/vi/HAocVKY0yHo/hqdefault.jpg",
            "width": 480,
            "height": 360
          }
        },
        "channelTitle": "èStoria",
        "liveBroadcastContent": "none",
        "publishTime": "2020-10-05T08:00:02Z"
      }
    },
    {
      "kind": "youtube#searchResult",
      "etag": "_18OM_y6yRgc1jadMTydKwca-8g",
      "id": {
        "kind": "youtube#video",
        "videoId": "HNOSNzLXdkw"
      },
      "snippet": {
        "publishedAt": "2021-10-11T23:33:51Z",
        "channelId": "UCuFFtHWoLl5fauMMD5Ww2jA",
        "title": "World Health Organization approves first vaccine for malaria",
        "description": "Dr. Mary Hamel, the World Health Organization's malaria vaccine implementation lead, says the recent approval of the vaccine ...",
        "thumbnails": {
          "default": {
            "url": "https://i.ytimg.com/vi/HNOSNzLXdkw/default.jpg",
            "width": 120,
            "height": 90
          },
          "medium": {
            "url": "https://i.ytimg.com/vi/HNOSNzLXdkw/mqdefault.jpg",
            "width": 320,
            "height": 180
          },
          "high": {
            "url": "https://i.ytimg.com/vi/HNOSNzLXdkw/hqdefault.jpg",
            "width": 480,
            "height": 360
          }
        },
        "channelTitle": "CBC News",
        "liveBroadcastContent": "none",
        "publishTime": "2021-10-11T23:33:51Z"
      }
    },
    {
      "kind": "youtube#searchResult",
      "etag": "24KMwFmQ3N9s_rMcsX0xCFTzvTw",
      "id": {
        "kind": "youtube#video",
        "videoId": "bHcSrNzQXMU"
      },
      "snippet": {
        "publishedAt": "2014-06-17T11:19:42Z",
        "channelId": "UCNye-wNBqNL5ZzHSJj3l8Bg",
        "title": "Mission Malaria",
        "description": "Mission Malaria A new life-saving drug is injecting hope into the fight against severe malaria in Nigeria \"For us, it's a beautiful ...",
        "thumbnails": {
          "default": {
            "url": "https://i.ytimg.com/vi/bHcSrNzQXMU/default.jpg",
            "width": 120,
            "height": 90
          },
          "medium": {
            "url": "https://i.ytimg.com/vi/bHcSrNzQXMU/mqdefault.jpg",
            "width": 320,
            "height": 180
          },
          "high": {
            "url": "https://i.ytimg.com/vi/bHcSrNzQXMU/hqdefault.jpg",
            "width": 480,
            "height": 360
          }
        },
        "channelTitle": "Al Jazeera English",
        "liveBroadcastContent": "none",
        "publishTime": "2014-06-17T11:19:42Z"
      }
    },
    {
      "kind": "youtube#searchResult",
      "etag": "XuLDpkc5ky2VzWjdI38JgLn7CHY",
      "id": {
        "kind": "youtube#video",
        "videoId": "tuqzjgsEasQ"
      },
      "snippet": {
        "publishedAt": "2021-08-26T03:30:04Z",
        "channelId": "UCQ4SBc7e9UfoHZVsiUvQaaQ",
        "title": "Malaria | Malaria test | Malaria life cycle | Malaria stain",
        "description": "Hello everyone, welcome to Monu tutorial academy. Today our topic is Malaria so first we will discuss about in microbiology AND ...",
        "thumbnails": {
          "default": {
            "url": "https://i.ytimg.com/vi/tuqzjgsEasQ/default.jpg",
            "width": 120,
            "height": 90
          },
          "medium": {
            "url": "https://i.ytimg.com/vi/tuqzjgsEasQ/mqdefault.jpg",
            "width": 320,
            "height": 180
          },
          "high": {
            "url": "https://i.ytimg.com/vi/tuqzjgsEasQ/hqdefault.jpg",
            "width": 480,
            "height": 360
          }
        },
        "channelTitle": "Monu Tutorials Academy",
        "liveBroadcastContent": "none",
        "publishTime": "2021-08-26T03:30:04Z"
      }
    },
    {
      "kind": "youtube#searchResult",
      "etag": "D3WXWJVtGOh983RDP7_C7rfnq3E",
      "id": {
        "kind": "youtube#video",
        "videoId": "gg0aoGRpI_I"
      },
      "snippet": {
        "publishedAt": "2021-08-04T09:07:44Z",
        "channelId": "UCdBjGsXlPaSig_dlyckiYGw",
        "title": "MALARIA: lezione completa",
        "description": "ATTENZIONE: Le informazioni riportate nel video sono da considerarsi a scopo puramente divulgativo e NON sostituiscono il ...",
        "thumbnails": {
          "default": {
            "url": "https://i.ytimg.com/vi/gg0aoGRpI_I/default.jpg",
            "width": 120,
            "height": 90
          },
          "medium": {
            "url": "https://i.ytimg.com/vi/gg0aoGRpI_I/mqdefault.jpg",
            "width": 320,
            "height": 180
          },
          "high": {
            "url": "https://i.ytimg.com/vi/gg0aoGRpI_I/hqdefault.jpg",
            "width": 480,
            "height": 360
          }
        },
        "channelTitle": "Mind Campus",
        "liveBroadcastContent": "none",
        "publishTime": "2021-08-04T09:07:44Z"
      }
    },
    {
      "kind": "youtube#searchResult",
      "etag": "ZI9K_-v4mViYnQ1kHdcvd_p9N-M",
      "id": {
        "kind": "youtube#video",
        "videoId": "vM2AgvXTlng"
      },
      "snippet": {
        "publishedAt": "2017-04-25T12:30:16Z",
        "channelId": "UCJpt9KN7frvqdszcQzECI7w",
        "title": "How to Diagnose Malaria",
        "description": "Part of our suite of films made in partnership with Econet transforming malaria health education using mobile animation in ...",
        "thumbnails": {
          "default": {
            "url": "https://i.ytimg.com/vi/vM2AgvXTlng/default.jpg",
            "width": 120,
            "height": 90
          },
          "medium": {
            "url": "https://i.ytimg.com/vi/vM2AgvXTlng/mqdefault.jpg",
            "width": 320,
            "height": 180
          },
          "high": {
            "url": "https://i.ytimg.com/vi/vM2AgvXTlng/hqdefault.jpg",
            "width": 480,
            "height": 360
          }
        },
        "channelTitle": "Medical Aid Films - Films For Life",
        "liveBroadcastContent": "none",
        "publishTime": "2017-04-25T12:30:16Z"
      }
    },
    {
      "kind": "youtube#searchResult",
      "etag": "689fhOJUvnjQYt11VY439Kr3c6A",
      "id": {
        "kind": "youtube#video",
        "videoId": "plFnRYYREXU"
      },
      "snippet": {
        "publishedAt": "2013-05-01T01:02:29Z",
        "channelId": "UCLl0idPn0EUvt-nijqcUm8g",
        "title": "Plasmodium, The Malaria Parasite",
        "description": "A higher-resolution version of this animation is available at: https://youtu.be/osZ_Efw_rAg The malaria parasite requires specific ...",
        "thumbnails": {
          "default": {
            "url": "https://i.ytimg.com/vi/plFnRYYREXU/default.jpg",
            "width": 120,
            "height": 90
          },
          "medium": {
            "url": "https://i.ytimg.com/vi/plFnRYYREXU/mqdefault.jpg",
            "width": 320,
            "height": 180
          },
          "high": {
            "url": "https://i.ytimg.com/vi/plFnRYYREXU/hqdefault.jpg",
            "width": 480,
            "height": 360
          }
        },
        "channelTitle": "Sumanas, Inc.",
        "liveBroadcastContent": "none",
        "publishTime": "2013-05-01T01:02:29Z"
      }
    },
    {
      "kind": "youtube#searchResult",
      "etag": "6T763hmXrmjPg1T2wty-xcC6sjg",
      "id": {
        "kind": "youtube#video",
        "videoId": "8LeVWUqO5Kg"
      },
      "snippet": {
        "publishedAt": "2021-04-16T02:15:16Z",
        "channelId": "UCIdeiEzOmfbcaetG5ncIfxw",
        "title": "Malaria life cycle in hindi || Malaria pathophysiology and symptoms|| Eduluminescence",
        "description": "Malaria life cycle in hindi || Malaria pathophysiology and symptoms|| Eduluminescence #malaria #malariacycle ...",
        "thumbnails": {
          "default": {
            "url": "https://i.ytimg.com/vi/8LeVWUqO5Kg/default.jpg",
            "width": 120,
            "height": 90
          },
          "medium": {
            "url": "https://i.ytimg.com/vi/8LeVWUqO5Kg/mqdefault.jpg",
            "width": 320,
            "height": 180
          },
          "high": {
            "url": "https://i.ytimg.com/vi/8LeVWUqO5Kg/hqdefault.jpg",
            "width": 480,
            "height": 360
          }
        },
        "channelTitle": "EduLuminescence !!",
        "liveBroadcastContent": "none",
        "publishTime": "2021-04-16T02:15:16Z"
      }
    },
    {
      "kind": "youtube#searchResult",
      "etag": "kcKA8wuAedIQ-Cj0E5WJm3AHIUo",
      "id": {
        "kind": "youtube#video",
        "videoId": "YUsv5hUwX2E"
      },
      "snippet": {
        "publishedAt": "2021-07-09T06:22:49Z",
        "channelId": "UCkuJJrqFRjR_8VD_fpX7L6g",
        "title": "Life Cycle of Plasmodium | Malaria and the Life Cycle of Plasmodium | Video for Kids",
        "description": "Video Title: Life Cycle of Plasmodium | Malaria and the Life Cycle of Plasmodium | Video for Kids #Malaria #Plasmodium ...",
        "thumbnails": {
          "default": {
            "url": "https://i.ytimg.com/vi/YUsv5hUwX2E/default.jpg",
            "width": 120,
            "height": 90
          },
          "medium": {
            "url": "https://i.ytimg.com/vi/YUsv5hUwX2E/mqdefault.jpg",
            "width": 320,
            "height": 180
          },
          "high": {
            "url": "https://i.ytimg.com/vi/YUsv5hUwX2E/hqdefault.jpg",
            "width": 480,
            "height": 360
          }
        },
        "channelTitle": "learning junction",
        "liveBroadcastContent": "none",
        "publishTime": "2021-07-09T06:22:49Z"
      }
    },
    {
      "kind": "youtube#searchResult",
      "etag": "MIzJs7Dadd8pDJbMKB9i1f260yI",
      "id": {
        "kind": "youtube#video",
        "videoId": "4ueeg0_4rDk"
      },
      "snippet": {
        "publishedAt": "2021-10-06T16:52:02Z",
        "channelId": "UCIRYBXDze5krPDzAEOxFGVA",
        "title": "WHO: malaria vaccine will ‘change the course of history’",
        "description": "The World Health Organization chief, Tedros Adhanom Ghebreyesus, has announced that a new vaccine against malaria will ...",
        "thumbnails": {
          "default": {
            "url": "https://i.ytimg.com/vi/4ueeg0_4rDk/default.jpg",
            "width": 120,
            "height": 90
          },
          "medium": {
            "url": "https://i.ytimg.com/vi/4ueeg0_4rDk/mqdefault.jpg",
            "width": 320,
            "height": 180
          },
          "high": {
            "url": "https://i.ytimg.com/vi/4ueeg0_4rDk/hqdefault.jpg",
            "width": 480,
            "height": 360
          }
        },
        "channelTitle": "Guardian News",
        "liveBroadcastContent": "none",
        "publishTime": "2021-10-06T16:52:02Z"
      }
    },
    {
      "kind": "youtube#searchResult",
      "etag": "AOLkQpEkyIskjcTL-P2MjZf82SU",
      "id": {
        "kind": "youtube#video",
        "videoId": "yTq2A8sA6f4"
      },
      "snippet": {
        "publishedAt": "2014-04-04T14:23:21Z",
        "channelId": "UCJpt9KN7frvqdszcQzECI7w",
        "title": "Child health: understanding signs of malaria",
        "description": "To watch or download this film for free, visit http://www.medicalaidfilms.org/film/child-health-understanding-signs-of-malaria/ ...",
        "thumbnails": {
          "default": {
            "url": "https://i.ytimg.com/vi/yTq2A8sA6f4/default.jpg",
            "width": 120,
            "height": 90
          },
          "medium": {
            "url": "https://i.ytimg.com/vi/yTq2A8sA6f4/mqdefault.jpg",
            "width": 320,
            "height": 180
          },
          "high": {
            "url": "https://i.ytimg.com/vi/yTq2A8sA6f4/hqdefault.jpg",
            "width": 480,
            "height": 360
          }
        },
        "channelTitle": "Medical Aid Films - Films For Life",
        "liveBroadcastContent": "none",
        "publishTime": "2014-04-04T14:23:21Z"
      }
    },
    {
      "kind": "youtube#searchResult",
      "etag": "o0R_o0kbB6wyE_YOjQ-9YCv6pVI",
      "id": {
        "kind": "youtube#video",
        "videoId": "xhWyRnK7pZA"
      },
      "snippet": {
        "publishedAt": "2021-12-19T11:17:01Z",
        "channelId": "UCprHEL-I7sIAqMt5Bgp-J1w",
        "title": "Malaria عربي",
        "description": "Malaria شرح بالعربي Malaria life cycle Apicomplexa Plasmodium p.vivax p.ovale p.falciparum.",
        "thumbnails": {
          "default": {
            "url": "https://i.ytimg.com/vi/xhWyRnK7pZA/default.jpg",
            "width": 120,
            "height": 90
          },
          "medium": {
            "url": "https://i.ytimg.com/vi/xhWyRnK7pZA/mqdefault.jpg",
            "width": 320,
            "height": 180
          },
          "high": {
            "url": "https://i.ytimg.com/vi/xhWyRnK7pZA/hqdefault.jpg",
            "width": 480,
            "height": 360
          }
        },
        "channelTitle": "ف دقايق",
        "liveBroadcastContent": "none",
        "publishTime": "2021-12-19T11:17:01Z"
      }
    }
  ]
}
