{
  "kind": "youtube#searchListResponse",
  "etag": "jhZMhVodx1QAL01Lhgi6jZ9p4Mo",
  "nextPageToken": "CJYBEAA",
  "prevPageToken": "CGQQAQ",
  "regionCode": "NL",
  "pageInfo": {
    "totalResults": 1000000,
    "resultsPerPage": 50
  },
  "items": [
    {
      "kind": "youtube#searchResult",
      "etag": "ZI9K_-v4mViYnQ1kHdcvd_p9N-M",
      "id": {
        "kind": "youtube#video",
        "videoId": "vM2AgvXTlng"
      },
      "snippet": {
        "publishedAt": "2017-04-25T12:30:16Z",
        "channelId": "UCJpt9KN7frvqdszcQzECI7w",
        "title": "How to Diagnose Malaria",
        "description": "Part of our suite of films made in partnership with Econet transforming malaria health education using mobile animation in ...",
        "thumbnails": {
          "default": {
            "url": "https://i.ytimg.com/vi/vM2AgvXTlng/default.jpg",
            "width": 120,
            "height": 90
          },
          "medium": {
            "url": "https://i.ytimg.com/vi/vM2AgvXTlng/mqdefault.jpg",
            "width": 320,
            "height": 180
          },
          "high": {
            "url": "https://i.ytimg.com/vi/vM2AgvXTlng/hqdefault.jpg",
            "width": 480,
            "height": 360
          }
        },
        "channelTitle": "Medical Aid Films - Films For Life",
        "liveBroadcastContent": "none",
        "publishTime": "2017-04-25T12:30:16Z"
      }
    },
    {
      "kind": "youtube#searchResult",
      "etag": "XuLDpkc5ky2VzWjdI38JgLn7CHY",
      "id": {
        "kind": "youtube#video",
        "videoId": "tuqzjgsEasQ"
      },
      "snippet": {
        "publishedAt": "2021-08-26T03:30:04Z",
        "channelId": "UCQ4SBc7e9UfoHZVsiUvQaaQ",
        "title": "Malaria | Malaria test | Malaria life cycle | Malaria stain",
        "description": "Hello everyone, welcome to Monu tutorial academy. Today our topic is Malaria so first we will discuss about in microbiology AND ...",
        "thumbnails": {
          "default": {
            "url": "https://i.ytimg.com/vi/tuqzjgsEasQ/default.jpg",
            "width": 120,
            "height": 90
          },
          "medium": {
            "url": "https://i.ytimg.com/vi/tuqzjgsEasQ/mqdefault.jpg",
            "width": 320,
            "height": 180
          },
          "high": {
            "url": "https://i.ytimg.com/vi/tuqzjgsEasQ/hqdefault.jpg",
            "width": 480,
            "height": 360
          }
        },
        "channelTitle": "Monu Tutorials Academy",
        "liveBroadcastContent": "none",
        "publishTime": "2021-08-26T03:30:04Z"
      }
    },
    {
      "kind": "youtube#searchResult",
      "etag": "IA344xkfv3VV8s85S7IQoN-m3CM",
      "id": {
        "kind": "youtube#video",
        "videoId": "3GEFPM6018A"
      },
      "snippet": {
        "publishedAt": "2021-10-06T23:45:00Z",
        "channelId": "UClxaaAzHu1B5EoTtBYea7ig",
        "title": "Un premier vaccin contre la malaria approuvé par l’OMS",
        "description": "On parle beaucoup de la COVID-19, mais la malaria est responsable chaque année de centaines de milliers de morts, surtout en ...",
        "thumbnails": {
          "default": {
            "url": "https://i.ytimg.com/vi/3GEFPM6018A/default.jpg",
            "width": 120,
            "height": 90
          },
          "medium": {
            "url": "https://i.ytimg.com/vi/3GEFPM6018A/mqdefault.jpg",
            "width": 320,
            "height": 180
          },
          "high": {
            "url": "https://i.ytimg.com/vi/3GEFPM6018A/hqdefault.jpg",
            "width": 480,
            "height": 360
          }
        },
        "channelTitle": "Radio-Canada Info",
        "liveBroadcastContent": "none",
        "publishTime": "2021-10-06T23:45:00Z"
      }
    },
    {
      "kind": "youtube#searchResult",
      "etag": "Ted-ceuNtLjuUfHb2-1N_oAWtgg",
      "id": {
        "kind": "youtube#video",
        "videoId": "aQxMwfeWT1M"
      },
      "snippet": {
        "publishedAt": "2020-10-17T11:32:07Z",
        "channelId": "UCKjs7zmeg-D9ZMaFy02b3Cg",
        "title": "Pathophysiology of Malaria [Life cycle of the plasmodium parasite, Common symptoms]",
        "description": "This video talks about the pathophysiology of Malaria, including the different plasmodium species that can cause malaria in ...",
        "thumbnails": {
          "default": {
            "url": "https://i.ytimg.com/vi/aQxMwfeWT1M/default.jpg",
            "width": 120,
            "height": 90
          },
          "medium": {
            "url": "https://i.ytimg.com/vi/aQxMwfeWT1M/mqdefault.jpg",
            "width": 320,
            "height": 180
          },
          "high": {
            "url": "https://i.ytimg.com/vi/aQxMwfeWT1M/hqdefault.jpg",
            "width": 480,
            "height": 360
          }
        },
        "channelTitle": "Med Twins",
        "liveBroadcastContent": "none",
        "publishTime": "2020-10-17T11:32:07Z"
      }
    },
    {
      "kind": "youtube#searchResult",
      "etag": "689fhOJUvnjQYt11VY439Kr3c6A",
      "id": {
        "kind": "youtube#video",
        "videoId": "plFnRYYREXU"
      },
      "snippet": {
        "publishedAt": "2013-05-01T01:02:29Z",
        "channelId": "UCLl0idPn0EUvt-nijqcUm8g",
        "title": "Plasmodium, The Malaria Parasite",
        "description": "A higher-resolution version of this animation is available at: https://youtu.be/osZ_Efw_rAg The malaria parasite requires specific ...",
        "thumbnails": {
          "default": {
            "url": "https://i.ytimg.com/vi/plFnRYYREXU/default.jpg",
            "width": 120,
            "height": 90
          },
          "medium": {
            "url": "https://i.ytimg.com/vi/plFnRYYREXU/mqdefault.jpg",
            "width": 320,
            "height": 180
          },
          "high": {
            "url": "https://i.ytimg.com/vi/plFnRYYREXU/hqdefault.jpg",
            "width": 480,
            "height": 360
          }
        },
        "channelTitle": "Sumanas, Inc.",
        "liveBroadcastContent": "none",
        "publishTime": "2013-05-01T01:02:29Z"
      }
    },
    {
      "kind": "youtube#searchResult",
      "etag": "fVgJ6AveJ9lIlxqdHS7zLo2QYQY",
      "id": {
        "kind": "youtube#video",
        "videoId": "HmztYPjGQuY"
      },
      "snippet": {
        "publishedAt": "2020-09-09T15:58:03Z",
        "channelId": "UCm-8fkXrE1tZn9BO0kZ12jA",
        "title": "Plasmodium vivax life cycle ( English )| malaria|",
        "description": "Plasmodium vivax life cycle| Malaria causing parasite | Plasmodium vivax life cycle | Malaria Causing Plasmodium protozoa ...",
        "thumbnails": {
          "default": {
            "url": "https://i.ytimg.com/vi/HmztYPjGQuY/default.jpg",
            "width": 120,
            "height": 90
          },
          "medium": {
            "url": "https://i.ytimg.com/vi/HmztYPjGQuY/mqdefault.jpg",
            "width": 320,
            "height": 180
          },
          "high": {
            "url": "https://i.ytimg.com/vi/HmztYPjGQuY/hqdefault.jpg",
            "width": 480,
            "height": 360
          }
        },
        "channelTitle": "snigdha goswami",
        "liveBroadcastContent": "none",
        "publishTime": "2020-09-09T15:58:03Z"
      }
    },
    {
      "kind": "youtube#searchResult",
      "etag": "kcKA8wuAedIQ-Cj0E5WJm3AHIUo",
      "id": {
        "kind": "youtube#video",
        "videoId": "YUsv5hUwX2E"
      },
      "snippet": {
        "publishedAt": "2021-07-09T06:22:49Z",
        "channelId": "UCkuJJrqFRjR_8VD_fpX7L6g",
        "title": "Life Cycle of Plasmodium | Malaria and the Life Cycle of Plasmodium | Video for Kids",
        "description": "Video Title: Life Cycle of Plasmodium | Malaria and the Life Cycle of Plasmodium | Video for Kids #Malaria #Plasmodium ...",
        "thumbnails": {
          "default": {
            "url": "https://i.ytimg.com/vi/YUsv5hUwX2E/default.jpg",
            "width": 120,
            "height": 90
          },
          "medium": {
            "url": "https://i.ytimg.com/vi/YUsv5hUwX2E/mqdefault.jpg",
            "width": 320,
            "height": 180
          },
          "high": {
            "url": "https://i.ytimg.com/vi/YUsv5hUwX2E/hqdefault.jpg",
            "width": 480,
            "height": 360
          }
        },
        "channelTitle": "learning junction",
        "liveBroadcastContent": "none",
        "publishTime": "2021-07-09T06:22:49Z"
      }
    },
    {
      "kind": "youtube#searchResult",
      "etag": "6T763hmXrmjPg1T2wty-xcC6sjg",
      "id": {
        "kind": "youtube#video",
        "videoId": "8LeVWUqO5Kg"
      },
      "snippet": {
        "publishedAt": "2021-04-16T02:15:16Z",
        "channelId": "UCIdeiEzOmfbcaetG5ncIfxw",
        "title": "Malaria life cycle in hindi || Malaria pathophysiology and symptoms|| Eduluminescence",
        "description": "Malaria life cycle in hindi || Malaria pathophysiology and symptoms|| Eduluminescence #malaria #malariacycle ...",
        "thumbnails": {
          "default": {
            "url": "https://i.ytimg.com/vi/8LeVWUqO5Kg/default.jpg",
            "width": 120,
            "height": 90
          },
          "medium": {
            "url": "https://i.ytimg.com/vi/8LeVWUqO5Kg/mqdefault.jpg",
            "width": 320,
            "height": 180
          },
          "high": {
            "url": "https://i.ytimg.com/vi/8LeVWUqO5Kg/hqdefault.jpg",
            "width": 480,
            "height": 360
          }
        },
        "channelTitle": "EduLuminescence !!",
        "liveBroadcastContent": "none",
        "publishTime": "2021-04-16T02:15:16Z"
      }
    },
    {
      "kind": "youtube#searchResult",
      "etag": "MIzJs7Dadd8pDJbMKB9i1f260yI",
      "id": {
        "kind": "youtube#video",
        "videoId": "4ueeg0_4rDk"
      },
      "snippet": {
        "publishedAt": "2021-10-06T16:52:02Z",
        "channelId": "UCIRYBXDze5krPDzAEOxFGVA",
        "title": "WHO: malaria vaccine will ‘change the course of history’",
        "description": "The World Health Organization chief, Tedros Adhanom Ghebreyesus, has announced that a new vaccine against malaria will ...",
        "thumbnails": {
          "default": {
            "url": "https://i.ytimg.com/vi/4ueeg0_4rDk/default.jpg",
            "width": 120,
            "height": 90
          },
          "medium": {
            "url": "https://i.ytimg.com/vi/4ueeg0_4rDk/mqdefault.jpg",
            "width": 320,
            "height": 180
          },
          "high": {
            "url": "https://i.ytimg.com/vi/4ueeg0_4rDk/hqdefault.jpg",
            "width": 480,
            "height": 360
          }
        },
        "channelTitle": "Guardian News",
        "liveBroadcastContent": "none",
        "publishTime": "2021-10-06T16:52:02Z"
      }
    },
    {
      "kind": "youtube#searchResult",
      "etag": "AOLkQpEkyIskjcTL-P2MjZf82SU",
      "id": {
        "kind": "youtube#video",
        "videoId": "yTq2A8sA6f4"
      },
      "snippet": {
        "publishedAt": "2014-04-04T14:23:21Z",
        "channelId": "UCJpt9KN7frvqdszcQzECI7w",
        "title": "Child health: understanding signs of malaria",
        "description": "To watch or download this film for free, visit http://www.medicalaidfilms.org/film/child-health-understanding-signs-of-malaria/ ...",
        "thumbnails": {
          "default": {
            "url": "https://i.ytimg.com/vi/yTq2A8sA6f4/default.jpg",
            "width": 120,
            "height": 90
          },
          "medium": {
            "url": "https://i.ytimg.com/vi/yTq2A8sA6f4/mqdefault.jpg",
            "width": 320,
            "height": 180
          },
          "high": {
            "url": "https://i.ytimg.com/vi/yTq2A8sA6f4/hqdefault.jpg",
            "width": 480,
            "height": 360
          }
        },
        "channelTitle": "Medical Aid Films - Films For Life",
        "liveBroadcastContent": "none",
        "publishTime": "2014-04-04T14:23:21Z"
      }
    },
    {
      "kind": "youtube#searchResult",
      "etag": "cfVqROGrMsqHx_gUHAANps3nlAs",
      "id": {
        "kind": "youtube#video",
        "videoId": "uuZdsUZtLJc"
      },
      "snippet": {
        "publishedAt": "2020-04-07T15:11:23Z",
        "channelId": "UCH1oRy1dINbMVp3UFWrKP0w",
        "title": "What we know about anti-malaria drug amid coronavirus fight l GMA",
        "description": "Hydroxychloroquine was touted by President Donald Trump as a game-changer, but side effects could include seizures, nausea ...",
        "thumbnails": {
          "default": {
            "url": "https://i.ytimg.com/vi/uuZdsUZtLJc/default.jpg",
            "width": 120,
            "height": 90
          },
          "medium": {
            "url": "https://i.ytimg.com/vi/uuZdsUZtLJc/mqdefault.jpg",
            "width": 320,
            "height": 180
          },
          "high": {
            "url": "https://i.ytimg.com/vi/uuZdsUZtLJc/hqdefault.jpg",
            "width": 480,
            "height": 360
          }
        },
        "channelTitle": "Good Morning America",
        "liveBroadcastContent": "none",
        "publishTime": "2020-04-07T15:11:23Z"
      }
    },
    {
      "kind": "youtube#searchResult",
      "etag": "o0R_o0kbB6wyE_YOjQ-9YCv6pVI",
      "id": {
        "kind": "youtube#video",
        "videoId": "xhWyRnK7pZA"
      },
      "snippet": {
        "publishedAt": "2021-12-19T11:17:01Z",
        "channelId": "UCprHEL-I7sIAqMt5Bgp-J1w",
        "title": "Malaria عربي",
        "description": "Malaria شرح بالعربي Malaria life cycle Apicomplexa Plasmodium p.vivax p.ovale p.falciparum.",
        "thumbnails": {
          "default": {
            "url": "https://i.ytimg.com/vi/xhWyRnK7pZA/default.jpg",
            "width": 120,
            "height": 90
          },
          "medium": {
            "url": "https://i.ytimg.com/vi/xhWyRnK7pZA/mqdefault.jpg",
            "width": 320,
            "height": 180
          },
          "high": {
            "url": "https://i.ytimg.com/vi/xhWyRnK7pZA/hqdefault.jpg",
            "width": 480,
            "height": 360
          }
        },
        "channelTitle": "ف دقايق",
        "liveBroadcastContent": "none",
        "publishTime": "2021-12-19T11:17:01Z"
      }
    },
    {
      "kind": "youtube#searchResult",
      "etag": "5DeV7aeNniAM0TbWiOSHCwtqSKM",
      "id": {
        "kind": "youtube#video",
        "videoId": "1whVEIEYkBU"
      },
      "snippet": {
        "publishedAt": "2021-03-02T01:22:46Z",
        "channelId": "UCvKnELM6qUcwgsEADqMHk8w",
        "title": "Malaria Explained Part-1 | Malaria Life Cycle | Malaria information in hindi | Malaria parasite",
        "description": "Malaria #mlt_classes Telegram- https://t.me/Mlteducationpoint Malaria Explained Part-1 | Malaria Life Cycle | Malaria information ...",
        "thumbnails": {
          "default": {
            "url": "https://i.ytimg.com/vi/1whVEIEYkBU/default.jpg",
            "width": 120,
            "height": 90
          },
          "medium": {
            "url": "https://i.ytimg.com/vi/1whVEIEYkBU/mqdefault.jpg",
            "width": 320,
            "height": 180
          },
          "high": {
            "url": "https://i.ytimg.com/vi/1whVEIEYkBU/hqdefault.jpg",
            "width": 480,
            "height": 360
          }
        },
        "channelTitle": "MLT Education Point",
        "liveBroadcastContent": "none",
        "publishTime": "2021-03-02T01:22:46Z"
      }
    },
    {
      "kind": "youtube#searchResult",
      "etag": "DdSzXqiwPef6aMYLoM6RGa9lxD8",
      "id": {
        "kind": "youtube#video",
        "videoId": "q57Mc-FgnaQ"
      },
      "snippet": {
        "publishedAt": "2021-04-24T07:46:51Z",
        "channelId": "UC07-dOwgza1IguKA86jqxNA",
        "title": "World Malaria Day 2021 - Reaching the zero malaria target",
        "description": "Ahead of World Malaria Day 2021, Dr Pedro Alonso, Director of the WHO Global Malaria Programme, shares highlights from the ...",
        "thumbnails": {
          "default": {
            "url": "https://i.ytimg.com/vi/q57Mc-FgnaQ/default.jpg",
            "width": 120,
            "height": 90
          },
          "medium": {
            "url": "https://i.ytimg.com/vi/q57Mc-FgnaQ/mqdefault.jpg",
            "width": 320,
            "height": 180
          },
          "high": {
            "url": "https://i.ytimg.com/vi/q57Mc-FgnaQ/hqdefault.jpg",
            "width": 480,
            "height": 360
          }
        },
        "channelTitle": "World Health Organization (WHO)",
        "liveBroadcastContent": "none",
        "publishTime": "2021-04-24T07:46:51Z"
      }
    },
    {
      "kind": "youtube#searchResult",
      "etag": "YUtMqf0QA7TQTJwpOxGEpOUKWQ8",
      "id": {
        "kind": "youtube#video",
        "videoId": "h6_pvrcWE4Y"
      },
      "snippet": {
        "publishedAt": "2019-04-26T13:09:52Z",
        "channelId": "UCISgnSNwqQ2i8lhCun3KtQg",
        "title": "In Depth - Malaria Vaccine",
        "description": "Malaria has been one of the world's deadliest diseases. It kills more than 400000 people a year worldwide and causes illness in ...",
        "thumbnails": {
          "default": {
            "url": "https://i.ytimg.com/vi/h6_pvrcWE4Y/default.jpg",
            "width": 120,
            "height": 90
          },
          "medium": {
            "url": "https://i.ytimg.com/vi/h6_pvrcWE4Y/mqdefault.jpg",
            "width": 320,
            "height": 180
          },
          "high": {
            "url": "https://i.ytimg.com/vi/h6_pvrcWE4Y/hqdefault.jpg",
            "width": 480,
            "height": 360
          }
        },
        "channelTitle": "Sansad TV",
        "liveBroadcastContent": "none",
        "publishTime": "2019-04-26T13:09:52Z"
      }
    },
    {
      "kind": "youtube#searchResult",
      "etag": "6CjqvV2HM3Pwv1okvy6bhvZ16z0",
      "id": {
        "kind": "youtube#video",
        "videoId": "1fLzz5-gDok"
      },
      "snippet": {
        "publishedAt": "2017-09-17T21:00:01Z",
        "channelId": "UCZYTClx2T1of7BRZ86-8fow",
        "title": "Pyrotherapy: An Awful Nobel Prize for Infecting People with Malaria",
        "description": "Malaria vs. Neurosyphilis: the story of an unethical experiment, and its mysterious conclusions. We're conducting a survey of our ...",
        "thumbnails": {
          "default": {
            "url": "https://i.ytimg.com/vi/1fLzz5-gDok/default.jpg",
            "width": 120,
            "height": 90
          },
          "medium": {
            "url": "https://i.ytimg.com/vi/1fLzz5-gDok/mqdefault.jpg",
            "width": 320,
            "height": 180
          },
          "high": {
            "url": "https://i.ytimg.com/vi/1fLzz5-gDok/hqdefault.jpg",
            "width": 480,
            "height": 360
          }
        },
        "channelTitle": "SciShow",
        "liveBroadcastContent": "none",
        "publishTime": "2017-09-17T21:00:01Z"
      }
    },
    {
      "kind": "youtube#searchResult",
      "etag": "6yBUULl4PtlZ7a8LLUCxPzeJHCg",
      "id": {
        "kind": "youtube#video",
        "videoId": "NrzXliumF-c"
      },
      "snippet": {
        "publishedAt": "2014-11-14T17:41:29Z",
        "channelId": "UCIXqJTsNCFaHcBOMT75T3PA",
        "title": "Malaria mnemonic",
        "description": "I talk about malaria in this video. I made two videos at first and then merged both of them. Hope you find it helpful!",
        "thumbnails": {
          "default": {
            "url": "https://i.ytimg.com/vi/NrzXliumF-c/default.jpg",
            "width": 120,
            "height": 90
          },
          "medium": {
            "url": "https://i.ytimg.com/vi/NrzXliumF-c/mqdefault.jpg",
            "width": 320,
            "height": 180
          },
          "high": {
            "url": "https://i.ytimg.com/vi/NrzXliumF-c/hqdefault.jpg",
            "width": 480,
            "height": 360
          }
        },
        "channelTitle": "Medicowesome",
        "liveBroadcastContent": "none",
        "publishTime": "2014-11-14T17:41:29Z"
      }
    },
    {
      "kind": "youtube#searchResult",
      "etag": "djPPc9mkwYD7G-dWk740EhhJnVw",
      "id": {
        "kind": "youtube#video",
        "videoId": "fGys8aj78GE"
      },
      "snippet": {
        "publishedAt": "2020-03-23T14:00:12Z",
        "channelId": "UCQJvzsJwPvI5dl-O39RIK9w",
        "title": "Infectología - Malaria",
        "description": "https://usmp-fn-archivos.blogspot.com/2020/03/infectologia-enam.html Facebook: https://www.facebook.com/UsmpFnArchivos ...",
        "thumbnails": {
          "default": {
            "url": "https://i.ytimg.com/vi/fGys8aj78GE/default.jpg",
            "width": 120,
            "height": 90
          },
          "medium": {
            "url": "https://i.ytimg.com/vi/fGys8aj78GE/mqdefault.jpg",
            "width": 320,
            "height": 180
          },
          "high": {
            "url": "https://i.ytimg.com/vi/fGys8aj78GE/hqdefault.jpg",
            "width": 480,
            "height": 360
          }
        },
        "channelTitle": "USMP Archivos",
        "liveBroadcastContent": "none",
        "publishTime": "2020-03-23T14:00:12Z"
      }
    },
    {
      "kind": "youtube#searchResult",
      "etag": "-fhWj3fmzQUecZ8dQ8ELKadWqmE",
      "id": {
        "kind": "youtube#video",
        "videoId": "wwZC4y94YB4"
      },
      "snippet": {
        "publishedAt": "2014-09-15T15:07:36Z",
        "channelId": "UCHTrmnZapPNvtlUEwtUfLvA",
        "title": "EHAS: Diagnóstico de Malaria (Gota gruesa)",
        "description": "Las enfermedades olvidadas son una de las principales amenazas para el derecho a la salud en zonas rurales más aisladas de ...",
        "thumbnails": {
          "default": {
            "url": "https://i.ytimg.com/vi/wwZC4y94YB4/default.jpg",
            "width": 120,
            "height": 90
          },
          "medium": {
            "url": "https://i.ytimg.com/vi/wwZC4y94YB4/mqdefault.jpg",
            "width": 320,
            "height": 180
          },
          "high": {
            "url": "https://i.ytimg.com/vi/wwZC4y94YB4/hqdefault.jpg",
            "width": 480,
            "height": 360
          }
        },
        "channelTitle": "Fundación EHAS",
        "liveBroadcastContent": "none",
        "publishTime": "2014-09-15T15:07:36Z"
      }
    },
    {
      "kind": "youtube#searchResult",
      "etag": "HiG8Rut6147ISGawizFCyB-N6Ao",
      "id": {
        "kind": "youtube#video",
        "videoId": "7BFyp_ySIMQ"
      },
      "snippet": {
        "publishedAt": "2021-10-26T05:51:23Z",
        "channelId": "UC3njZ48-FDxLleBYaP0SZIg",
        "title": "The world&#39;s first malaria vaccine is here",
        "description": "On October 6, the World Health Organization made a historic announcement, it endorsed the first-ever malaria vaccine for children ...",
        "thumbnails": {
          "default": {
            "url": "https://i.ytimg.com/vi/7BFyp_ySIMQ/default.jpg",
            "width": 120,
            "height": 90
          },
          "medium": {
            "url": "https://i.ytimg.com/vi/7BFyp_ySIMQ/mqdefault.jpg",
            "width": 320,
            "height": 180
          },
          "high": {
            "url": "https://i.ytimg.com/vi/7BFyp_ySIMQ/hqdefault.jpg",
            "width": 480,
            "height": 360
          }
        },
        "channelTitle": "The Hindu",
        "liveBroadcastContent": "none",
        "publishTime": "2021-10-26T05:51:23Z"
      }
    },
    {
      "kind": "youtube#searchResult",
      "etag": "1GBu4WXohY3KvQFxmFGdte-bteI",
      "id": {
        "kind": "youtube#video",
        "videoId": "DPYIAJVRSHo"
      },
      "snippet": {
        "publishedAt": "2019-04-26T18:59:10Z",
        "channelId": "UC12zKGLhMhDeDidoctM6BrA",
        "title": "O que você sabe sobre a Malária?",
        "description": "A doença transmitida por um mosquito e pode até matar. No Brasil, a preocupação é com a região Amazônica, que apresenta ...",
        "thumbnails": {
          "default": {
            "url": "https://i.ytimg.com/vi/DPYIAJVRSHo/default.jpg",
            "width": 120,
            "height": 90
          },
          "medium": {
            "url": "https://i.ytimg.com/vi/DPYIAJVRSHo/mqdefault.jpg",
            "width": 320,
            "height": 180
          },
          "high": {
            "url": "https://i.ytimg.com/vi/DPYIAJVRSHo/hqdefault.jpg",
            "width": 480,
            "height": 360
          }
        },
        "channelTitle": "Ministério da Saúde",
        "liveBroadcastContent": "none",
        "publishTime": "2019-04-26T18:59:10Z"
      }
    },
    {
      "kind": "youtube#searchResult",
      "etag": "ey3WpnKtKEfdJkbmL_pFLkunv1A",
      "id": {
        "kind": "youtube#video",
        "videoId": "-l8-R_nUYZ8"
      },
      "snippet": {
        "publishedAt": "2020-08-11T09:19:16Z",
        "channelId": "UCJuGr9NeIM_azF3MorPitSg",
        "title": "Malaria parasite life cycle (in hindi)",
        "description": "In this video i have described the life cycle of malaria parasite in detail.",
        "thumbnails": {
          "default": {
            "url": "https://i.ytimg.com/vi/-l8-R_nUYZ8/default.jpg",
            "width": 120,
            "height": 90
          },
          "medium": {
            "url": "https://i.ytimg.com/vi/-l8-R_nUYZ8/mqdefault.jpg",
            "width": 320,
            "height": 180
          },
          "high": {
            "url": "https://i.ytimg.com/vi/-l8-R_nUYZ8/hqdefault.jpg",
            "width": 480,
            "height": 360
          }
        },
        "channelTitle": "Kamal Dhariyal",
        "liveBroadcastContent": "none",
        "publishTime": "2020-08-11T09:19:16Z"
      }
    },
    {
      "kind": "youtube#searchResult",
      "etag": "55PBNOcjI7zx4xKWAj6fkjRhXAc",
      "id": {
        "kind": "youtube#video",
        "videoId": "23gv2P4MhyM"
      },
      "snippet": {
        "publishedAt": "2021-09-28T11:17:05Z",
        "channelId": "UCPXwu_KIrSKWMilWgiQuVaw",
        "title": "Cracking the malaria epidemiology code with dPCR | QIAGEN QIAcuity Digital PCR System",
        "description": "Switching from standard qPCR to dPCR for malaria research and epidemiology enabled Dr. Wang Nguitragool to analyze ...",
        "thumbnails": {
          "default": {
            "url": "https://i.ytimg.com/vi/23gv2P4MhyM/default.jpg",
            "width": 120,
            "height": 90
          },
          "medium": {
            "url": "https://i.ytimg.com/vi/23gv2P4MhyM/mqdefault.jpg",
            "width": 320,
            "height": 180
          },
          "high": {
            "url": "https://i.ytimg.com/vi/23gv2P4MhyM/hqdefault.jpg",
            "width": 480,
            "height": 360
          }
        },
        "channelTitle": "QIAGEN",
        "liveBroadcastContent": "none",
        "publishTime": "2021-09-28T11:17:05Z"
      }
    },
    {
      "kind": "youtube#searchResult",
      "etag": "1-Aha3FJZ4XbsRxYIymSzZpUCNI",
      "id": {
        "kind": "youtube#video",
        "videoId": "mXP1XmN3-U0"
      },
      "snippet": {
        "publishedAt": "2021-10-08T11:16:58Z",
        "channelId": "UCNye-wNBqNL5ZzHSJj3l8Bg",
        "title": "Kenyan researchers celebrate WHO approval of new malaria vaccine",
        "description": "Researchers and health professionals are celebrating the World Health Organization's approval of a new malaria vaccine.",
        "thumbnails": {
          "default": {
            "url": "https://i.ytimg.com/vi/mXP1XmN3-U0/default.jpg",
            "width": 120,
            "height": 90
          },
          "medium": {
            "url": "https://i.ytimg.com/vi/mXP1XmN3-U0/mqdefault.jpg",
            "width": 320,
            "height": 180
          },
          "high": {
            "url": "https://i.ytimg.com/vi/mXP1XmN3-U0/hqdefault.jpg",
            "width": 480,
            "height": 360
          }
        },
        "channelTitle": "Al Jazeera English",
        "liveBroadcastContent": "none",
        "publishTime": "2021-10-08T11:16:58Z"
      }
    },
    {
      "kind": "youtube#searchResult",
      "etag": "9JjR6wQrSKfVYB3vIZ9Q-8jYxso",
      "id": {
        "kind": "youtube#video",
        "videoId": "BWCCXcDJJKE"
      },
      "snippet": {
        "publishedAt": "2019-12-19T05:13:18Z",
        "channelId": "UC3LYjJBtmmUsC2t-VlcCkJw",
        "title": "54. Malaria",
        "description": "1.1.8. Block-VIII Pyrexia of Unknown Origin.",
        "thumbnails": {
          "default": {
            "url": "https://i.ytimg.com/vi/BWCCXcDJJKE/default.jpg",
            "width": 120,
            "height": 90
          },
          "medium": {
            "url": "https://i.ytimg.com/vi/BWCCXcDJJKE/mqdefault.jpg",
            "width": 320,
            "height": 180
          },
          "high": {
            "url": "https://i.ytimg.com/vi/BWCCXcDJJKE/hqdefault.jpg",
            "width": 480,
            "height": 360
          }
        },
        "channelTitle": "CH15 SWAYAM Prabha IIT Madras",
        "liveBroadcastContent": "none",
        "publishTime": "2019-12-19T05:13:18Z"
      }
    },
    {
      "kind": "youtube#searchResult",
      "etag": "8PPqXe57SIUOP5Es74sEjMvF6QU",
      "id": {
        "kind": "youtube#video",
        "videoId": "XjhmRMPo-4s"
      },
      "snippet": {
        "publishedAt": "2020-04-02T16:45:26Z",
        "channelId": "UCvziXdVCN7PMdFZEFZ6aEqQ",
        "title": "Malaria Parasite VS. our Immune System | SLICE",
        "description": "For more than 50 years, researchers from all over the world have tried to develop a vaccine to prevent malaria. To this day the ...",
        "thumbnails": {
          "default": {
            "url": "https://i.ytimg.com/vi/XjhmRMPo-4s/default.jpg",
            "width": 120,
            "height": 90
          },
          "medium": {
            "url": "https://i.ytimg.com/vi/XjhmRMPo-4s/mqdefault.jpg",
            "width": 320,
            "height": 180
          },
          "high": {
            "url": "https://i.ytimg.com/vi/XjhmRMPo-4s/hqdefault.jpg",
            "width": 480,
            "height": 360
          }
        },
        "channelTitle": "SLICE",
        "liveBroadcastContent": "none",
        "publishTime": "2020-04-02T16:45:26Z"
      }
    },
    {
      "kind": "youtube#searchResult",
      "etag": "L9yS5C5pLiM_Mq5dyFTyN6mE-MU",
      "id": {
        "kind": "youtube#video",
        "videoId": "lAwz0JyOwog"
      },
      "snippet": {
        "publishedAt": "2012-10-13T10:12:36Z",
        "channelId": "UCcSRYRM5AkRNccQuO7pF3lQ",
        "title": "Malária - Resumo - Parasitologia",
        "description": "Críticas ou sugestões? canalresumed@gmail.com Bibliografia: REY, L. Bases da Parasitologia Médica - 3ª Ed. - Guanabara ...",
        "thumbnails": {
          "default": {
            "url": "https://i.ytimg.com/vi/lAwz0JyOwog/default.jpg",
            "width": 120,
            "height": 90
          },
          "medium": {
            "url": "https://i.ytimg.com/vi/lAwz0JyOwog/mqdefault.jpg",
            "width": 320,
            "height": 180
          },
          "high": {
            "url": "https://i.ytimg.com/vi/lAwz0JyOwog/hqdefault.jpg",
            "width": 480,
            "height": 360
          }
        },
        "channelTitle": "Canal Resumed",
        "liveBroadcastContent": "none",
        "publishTime": "2012-10-13T10:12:36Z"
      }
    },
    {
      "kind": "youtube#searchResult",
      "etag": "BGepZggejOGEapuQVYwEFpvDRkA",
      "id": {
        "kind": "youtube#video",
        "videoId": "K5dwEZaHrXg"
      },
      "snippet": {
        "publishedAt": "2019-04-24T13:00:57Z",
        "channelId": "UC5VEXHfh6kXP2d8EkFx16sw",
        "title": "When to take anti malaria medication",
        "description": "Professor John Frean of the NICD explains when the right time to take malaria pills is. Professor John Frean is the Deputy Director ...",
        "thumbnails": {
          "default": {
            "url": "https://i.ytimg.com/vi/K5dwEZaHrXg/default.jpg",
            "width": 120,
            "height": 90
          },
          "medium": {
            "url": "https://i.ytimg.com/vi/K5dwEZaHrXg/mqdefault.jpg",
            "width": 320,
            "height": 180
          },
          "high": {
            "url": "https://i.ytimg.com/vi/K5dwEZaHrXg/hqdefault.jpg",
            "width": 480,
            "height": 360
          }
        },
        "channelTitle": "National Institute for Communicable Diseases",
        "liveBroadcastContent": "none",
        "publishTime": "2019-04-24T13:00:57Z"
      }
    },
    {
      "kind": "youtube#searchResult",
      "etag": "ZK1-ozvu2UrtCtbrFUR1RJdY9Kc",
      "id": {
        "kind": "youtube#video",
        "videoId": "nQWh1o2gsO4"
      },
      "snippet": {
        "publishedAt": "2021-10-07T00:34:28Z",
        "channelId": "UCvJS-YNyaWyOucx8bGrHVvw",
        "title": "OMS recomienda extender el uso de vacuna contra la malaria en África",
        "description": "Ginebra, 6 oct (EFE).- La Organización Mundial de la Salud (OMS) recomendó hoy que se extienda el uso de una vacuna contra ...",
        "thumbnails": {
          "default": {
            "url": "https://i.ytimg.com/vi/nQWh1o2gsO4/default.jpg",
            "width": 120,
            "height": 90
          },
          "medium": {
            "url": "https://i.ytimg.com/vi/nQWh1o2gsO4/mqdefault.jpg",
            "width": 320,
            "height": 180
          },
          "high": {
            "url": "https://i.ytimg.com/vi/nQWh1o2gsO4/hqdefault.jpg",
            "width": 480,
            "height": 360
          }
        },
        "channelTitle": "AGENCIA EFE",
        "liveBroadcastContent": "none",
        "publishTime": "2021-10-07T00:34:28Z"
      }
    },
    {
      "kind": "youtube#searchResult",
      "etag": "Lwj7CEhNmiZJeOOzhyNsQgPgTmI",
      "id": {
        "kind": "youtube#video",
        "videoId": "qc99KccCYXU"
      },
      "snippet": {
        "publishedAt": "2021-04-14T14:45:17Z",
        "channelId": "UC-WHWhLDdRAiiT53kqDe3PA",
        "title": "Malaria - Symptoms, Treatment, Control | Human Health and Diseases | NEET | AIIMS | NEELA BAKORE",
        "description": "Download the app for Live interactive classes at the lowest price possible. The courses contain Live classes, recorded videos of ...",
        "thumbnails": {
          "default": {
            "url": "https://i.ytimg.com/vi/qc99KccCYXU/default.jpg",
            "width": 120,
            "height": 90
          },
          "medium": {
            "url": "https://i.ytimg.com/vi/qc99KccCYXU/mqdefault.jpg",
            "width": 320,
            "height": 180
          },
          "high": {
            "url": "https://i.ytimg.com/vi/qc99KccCYXU/hqdefault.jpg",
            "width": 480,
            "height": 360
          }
        },
        "channelTitle": "Neela Bakore Tutorials",
        "liveBroadcastContent": "none",
        "publishTime": "2021-04-14T14:45:17Z"
      }
    },
    {
      "kind": "youtube#searchResult",
      "etag": "ozHsxIFEaZ0VCjs9zLZt5fXd3IU",
      "id": {
        "kind": "youtube#video",
        "videoId": "PZuvWyB6PB0"
      },
      "snippet": {
        "publishedAt": "2018-12-30T09:26:40Z",
        "channelId": "UCoMdktPbSTixAyNGwb-UYkQ",
        "title": "&#39;Millions at risk&#39; of drug-resistant malaria",
        "description": "Doctors are warning that drug-resistant strains of malaria could put millions of lives in danger. Artemisinin-based combination ...",
        "thumbnails": {
          "default": {
            "url": "https://i.ytimg.com/vi/PZuvWyB6PB0/default.jpg",
            "width": 120,
            "height": 90
          },
          "medium": {
            "url": "https://i.ytimg.com/vi/PZuvWyB6PB0/mqdefault.jpg",
            "width": 320,
            "height": 180
          },
          "high": {
            "url": "https://i.ytimg.com/vi/PZuvWyB6PB0/hqdefault.jpg",
            "width": 480,
            "height": 360
          }
        },
        "channelTitle": "Sky News",
        "liveBroadcastContent": "none",
        "publishTime": "2018-12-30T09:26:40Z"
      }
    },
    {
      "kind": "youtube#searchResult",
      "etag": "fExYxLV0KaLq4fFTJe4dVZt7Wnw",
      "id": {
        "kind": "youtube#video",
        "videoId": "OKwm6oEJGkY"
      },
      "snippet": {
        "publishedAt": "2016-10-07T12:45:07Z",
        "channelId": "UCvOUT2UcJQfBPwathwvp24A",
        "title": "Malaria Test and Symptoms (in Hindi)",
        "description": "मलेरिया क्या होता है? मलेरिया होने के क्या लक्षण हो सकते हैं? मलेरिया के डायग्नोसिस के लिए ...",
        "thumbnails": {
          "default": {
            "url": "https://i.ytimg.com/vi/OKwm6oEJGkY/default.jpg",
            "width": 120,
            "height": 90
          },
          "medium": {
            "url": "https://i.ytimg.com/vi/OKwm6oEJGkY/mqdefault.jpg",
            "width": 320,
            "height": 180
          },
          "high": {
            "url": "https://i.ytimg.com/vi/OKwm6oEJGkY/hqdefault.jpg",
            "width": 480,
            "height": 360
          }
        },
        "channelTitle": "MediFee.com",
        "liveBroadcastContent": "none",
        "publishTime": "2016-10-07T12:45:07Z"
      }
    },
    {
      "kind": "youtube#searchResult",
      "etag": "UNV8wwRhriKXDnExTIhCm6qbYgA",
      "id": {
        "kind": "youtube#video",
        "videoId": "6x6hw5u2Pxo"
      },
      "snippet": {
        "publishedAt": "2020-03-28T18:18:55Z",
        "channelId": "UCYJ4vzG02p1KoWr29k4VMYA",
        "title": "MALARIA - PALUDISMO PARTE I (Generalidades y Ciclo de vida) / IPANA",
        "description": "Familia de YouTube ahí les dejo un repaso del tema más preguntado de parasitología cómo es el género ...",
        "thumbnails": {
          "default": {
            "url": "https://i.ytimg.com/vi/6x6hw5u2Pxo/default.jpg",
            "width": 120,
            "height": 90
          },
          "medium": {
            "url": "https://i.ytimg.com/vi/6x6hw5u2Pxo/mqdefault.jpg",
            "width": 320,
            "height": 180
          },
          "high": {
            "url": "https://i.ytimg.com/vi/6x6hw5u2Pxo/hqdefault.jpg",
            "width": 480,
            "height": 360
          }
        },
        "channelTitle": "Jeanpierre Ipanaqué",
        "liveBroadcastContent": "none",
        "publishTime": "2020-03-28T18:18:55Z"
      }
    },
    {
      "kind": "youtube#searchResult",
      "etag": "3OF9nhVFaO1vAN0VXipztxLRyCY",
      "id": {
        "kind": "youtube#video",
        "videoId": "7jvAFKnqqlw"
      },
      "snippet": {
        "publishedAt": "2020-08-03T19:01:48Z",
        "channelId": "UCszBPa0AyP2aL-81wdvs_gg",
        "title": "Los cuidados del paciente con Malaria",
        "description": "La malaria es una enfermedad curable con medicamentos seguros que logran eliminar la infección; para ello es necesario que el ...",
        "thumbnails": {
          "default": {
            "url": "https://i.ytimg.com/vi/7jvAFKnqqlw/default.jpg",
            "width": 120,
            "height": 90
          },
          "medium": {
            "url": "https://i.ytimg.com/vi/7jvAFKnqqlw/mqdefault.jpg",
            "width": 320,
            "height": 180
          },
          "high": {
            "url": "https://i.ytimg.com/vi/7jvAFKnqqlw/hqdefault.jpg",
            "width": 480,
            "height": 360
          }
        },
        "channelTitle": "Universidad de Antioquia",
        "liveBroadcastContent": "none",
        "publishTime": "2020-08-03T19:01:48Z"
      }
    },
    {
      "kind": "youtube#searchResult",
      "etag": "XkUb1uLheFRolhZayQeruNNJsT0",
      "id": {
        "kind": "youtube#video",
        "videoId": "F0LBU1VHdlA"
      },
      "snippet": {
        "publishedAt": "2020-12-23T07:32:44Z",
        "channelId": "UC5VEXHfh6kXP2d8EkFx16sw",
        "title": "How to use a Malaria Rapid Diagnostic Test",
        "description": "The purpose of this tutorial is to assist health workers to use malaria rapid diagnostic tests (RDTs) safely and effectively.",
        "thumbnails": {
          "default": {
            "url": "https://i.ytimg.com/vi/F0LBU1VHdlA/default.jpg",
            "width": 120,
            "height": 90
          },
          "medium": {
            "url": "https://i.ytimg.com/vi/F0LBU1VHdlA/mqdefault.jpg",
            "width": 320,
            "height": 180
          },
          "high": {
            "url": "https://i.ytimg.com/vi/F0LBU1VHdlA/hqdefault.jpg",
            "width": 480,
            "height": 360
          }
        },
        "channelTitle": "National Institute for Communicable Diseases",
        "liveBroadcastContent": "none",
        "publishTime": "2020-12-23T07:32:44Z"
      }
    },
    {
      "kind": "youtube#searchResult",
      "etag": "gLR4ei7KZPV-l_AoTf67AO028YI",
      "id": {
        "kind": "youtube#video",
        "videoId": "F8kYTTW27oM"
      },
      "snippet": {
        "publishedAt": "2021-10-12T00:13:15Z",
        "channelId": "UCHCtkhdNpTSZGsj4f4XRrqA",
        "title": "The RTS,S malaria vaccine: Why has it taken so long and what does it mean for malaria elimination?",
        "description": "The World Health Organization's recommendation of the RTS,S malaria vaccine for children at risk represents a significant ...",
        "thumbnails": {
          "default": {
            "url": "https://i.ytimg.com/vi/F8kYTTW27oM/default.jpg",
            "width": 120,
            "height": 90
          },
          "medium": {
            "url": "https://i.ytimg.com/vi/F8kYTTW27oM/mqdefault.jpg",
            "width": 320,
            "height": 180
          },
          "high": {
            "url": "https://i.ytimg.com/vi/F8kYTTW27oM/hqdefault.jpg",
            "width": 480,
            "height": 360
          }
        },
        "channelTitle": "Burnet Institute",
        "liveBroadcastContent": "none",
        "publishTime": "2021-10-12T00:13:15Z"
      }
    },
    {
      "kind": "youtube#searchResult",
      "etag": "SJGQA1j3Gyviy9kAVEW9Q31LDZA",
      "id": {
        "kind": "youtube#video",
        "videoId": "HXM0cQbjNEg"
      },
      "snippet": {
        "publishedAt": "2021-04-24T14:00:04Z",
        "channelId": "UCZVmadzXQgMRg1kxmwKrGDA",
        "title": "¡La Malaria en menos de 10 minutos! - (Animación)",
        "description": "La malaria es un parásito sorprendente que infecta a más de 200 millones de personas al año con un ciclo de vida complejo pero ...",
        "thumbnails": {
          "default": {
            "url": "https://i.ytimg.com/vi/HXM0cQbjNEg/default.jpg",
            "width": 120,
            "height": 90
          },
          "medium": {
            "url": "https://i.ytimg.com/vi/HXM0cQbjNEg/mqdefault.jpg",
            "width": 320,
            "height": 180
          },
          "high": {
            "url": "https://i.ytimg.com/vi/HXM0cQbjNEg/hqdefault.jpg",
            "width": 480,
            "height": 360
          }
        },
        "channelTitle": "Juan Cano MD",
        "liveBroadcastContent": "none",
        "publishTime": "2021-04-24T14:00:04Z"
      }
    },
    {
      "kind": "youtube#searchResult",
      "etag": "oU2rwHzcDH7t309NlNih737Us8s",
      "id": {
        "kind": "youtube#video",
        "videoId": "vo-JmxTEtk4"
      },
      "snippet": {
        "publishedAt": "2015-01-23T20:16:05Z",
        "channelId": "UCiqzRbi6Tb8qaHLn2SahRLA",
        "title": "Malaria Microscopy - A Step by Step Guide",
        "description": "A step-by-step guide to malaria microscopy. Learn more about Medical Care Development International (MCDI): ...",
        "thumbnails": {
          "default": {
            "url": "https://i.ytimg.com/vi/vo-JmxTEtk4/default.jpg",
            "width": 120,
            "height": 90
          },
          "medium": {
            "url": "https://i.ytimg.com/vi/vo-JmxTEtk4/mqdefault.jpg",
            "width": 320,
            "height": 180
          },
          "high": {
            "url": "https://i.ytimg.com/vi/vo-JmxTEtk4/hqdefault.jpg",
            "width": 480,
            "height": 360
          }
        },
        "channelTitle": "Medical Care Development International - MCDI",
        "liveBroadcastContent": "none",
        "publishTime": "2015-01-23T20:16:05Z"
      }
    },
    {
      "kind": "youtube#searchResult",
      "etag": "vZqv1Q470UREDp1K7mxEDizlEeg",
      "id": {
        "kind": "youtube#video",
        "videoId": "-O7fwLkNvHY"
      },
      "snippet": {
        "publishedAt": "2019-05-28T19:10:12Z",
        "channelId": "UCUVwzlL8j71f0dz9jKru75g",
        "title": "Conozca al científico colombiano que creó la vacuna contra la malaria, el Dr. Manuel Elkin Patarroyo",
        "description": "CONÉCTESE! Estamos #EnExclusiva en el laboratorio del Dr. Manuel Elkin Patarroyo, creador de la primera #vacuna contra la ...",
        "thumbnails": {
          "default": {
            "url": "https://i.ytimg.com/vi/-O7fwLkNvHY/default.jpg",
            "width": 120,
            "height": 90
          },
          "medium": {
            "url": "https://i.ytimg.com/vi/-O7fwLkNvHY/mqdefault.jpg",
            "width": 320,
            "height": 180
          },
          "high": {
            "url": "https://i.ytimg.com/vi/-O7fwLkNvHY/hqdefault.jpg",
            "width": 480,
            "height": 360
          }
        },
        "channelTitle": "RevistaMSP",
        "liveBroadcastContent": "none",
        "publishTime": "2019-05-28T19:10:12Z"
      }
    },
    {
      "kind": "youtube#searchResult",
      "etag": "uVIbNiromsQ02q6k1e8D5EAdufY",
      "id": {
        "kind": "youtube#video",
        "videoId": "8DRLTyElHZA"
      },
      "snippet": {
        "publishedAt": "2020-05-17T05:29:36Z",
        "channelId": "UCk6xjtuwkr1gQs0EhHXUIcQ",
        "title": "Laboratory Diagnosis of Malaria",
        "description": "Laboratory Diagnosis of Malaria - Exam Points.",
        "thumbnails": {
          "default": {
            "url": "https://i.ytimg.com/vi/8DRLTyElHZA/default.jpg",
            "width": 120,
            "height": 90
          },
          "medium": {
            "url": "https://i.ytimg.com/vi/8DRLTyElHZA/mqdefault.jpg",
            "width": 320,
            "height": 180
          },
          "high": {
            "url": "https://i.ytimg.com/vi/8DRLTyElHZA/hqdefault.jpg",
            "width": 480,
            "height": 360
          }
        },
        "channelTitle": "Shiyaal Microbiology Exam Points",
        "liveBroadcastContent": "none",
        "publishTime": "2020-05-17T05:29:36Z"
      }
    },
    {
      "kind": "youtube#searchResult",
      "etag": "TPrOc53CMPsyneasXN4RttMZpvo",
      "id": {
        "kind": "youtube#video",
        "videoId": "D_2CnBem3Aw"
      },
      "snippet": {
        "publishedAt": "2021-11-12T08:19:23Z",
        "channelId": "UCb9svouAi1XHRqlOs8LXbBg",
        "title": "Überlebensstrategien: Mücken – Viren – Malaria",
        "description": "Donnerstag, 4. November 2021 SFB 1129 - Integrative Analyse der Replikation und Ausbreitung pathogener Erreger Sprecher: ...",
        "thumbnails": {
          "default": {
            "url": "https://i.ytimg.com/vi/D_2CnBem3Aw/default.jpg",
            "width": 120,
            "height": 90
          },
          "medium": {
            "url": "https://i.ytimg.com/vi/D_2CnBem3Aw/mqdefault.jpg",
            "width": 320,
            "height": 180
          },
          "high": {
            "url": "https://i.ytimg.com/vi/D_2CnBem3Aw/hqdefault.jpg",
            "width": 480,
            "height": 360
          }
        },
        "channelTitle": "UniHeidelberg",
        "liveBroadcastContent": "none",
        "publishTime": "2021-11-12T08:19:23Z"
      }
    },
    {
      "kind": "youtube#searchResult",
      "etag": "gu7KMHAy29QOghMITOm3uZ7PbW0",
      "id": {
        "kind": "youtube#video",
        "videoId": "-smYVTbuNmk"
      },
      "snippet": {
        "publishedAt": "2021-09-29T05:00:12Z",
        "channelId": "UCafpueX9hFLls24ed6UddEQ",
        "title": "Malaria - To The Point | Drishti IAS English",
        "description": "Malaria is a life-threatening disease. It is preventable and curable. Malaria is caused by Plasmodium parasites. The parasites are ...",
        "thumbnails": {
          "default": {
            "url": "https://i.ytimg.com/vi/-smYVTbuNmk/default.jpg",
            "width": 120,
            "height": 90
          },
          "medium": {
            "url": "https://i.ytimg.com/vi/-smYVTbuNmk/mqdefault.jpg",
            "width": 320,
            "height": 180
          },
          "high": {
            "url": "https://i.ytimg.com/vi/-smYVTbuNmk/hqdefault.jpg",
            "width": 480,
            "height": 360
          }
        },
        "channelTitle": "Drishti IAS : English",
        "liveBroadcastContent": "none",
        "publishTime": "2021-09-29T05:00:12Z"
      }
    },
    {
      "kind": "youtube#searchResult",
      "etag": "iMPcZgPnD2SMSlXM7y-CNb9OHR0",
      "id": {
        "kind": "youtube#video",
        "videoId": "U_b-3nUN2OI"
      },
      "snippet": {
        "publishedAt": "2019-02-17T18:42:35Z",
        "channelId": "UCsGvFStbYdSbGhxv87UIHNg",
        "title": "Life Cycle Of Malaria in hindi and urdu,an easy way to understand",
        "description": "Malaria is a life-threatening disease. It's typically transmitted through the bite of an infected Anopheles mosquito. Infected ...",
        "thumbnails": {
          "default": {
            "url": "https://i.ytimg.com/vi/U_b-3nUN2OI/default.jpg",
            "width": 120,
            "height": 90
          },
          "medium": {
            "url": "https://i.ytimg.com/vi/U_b-3nUN2OI/mqdefault.jpg",
            "width": 320,
            "height": 180
          },
          "high": {
            "url": "https://i.ytimg.com/vi/U_b-3nUN2OI/hqdefault.jpg",
            "width": 480,
            "height": 360
          }
        },
        "channelTitle": "MLT WORLD",
        "liveBroadcastContent": "none",
        "publishTime": "2019-02-17T18:42:35Z"
      }
    },
    {
      "kind": "youtube#searchResult",
      "etag": "wrdl2dv-hKlZr4xjNKZ9iWCSHC4",
      "id": {
        "kind": "youtube#video",
        "videoId": "K73qeTqRkLw"
      },
      "snippet": {
        "publishedAt": "2019-01-09T18:20:37Z",
        "channelId": "UCCCPCZNChQdGa9EkATeye4g",
        "title": "REPORTERS LE DOC : MALARIA BUSINESS",
        "description": "Abonnez-vous à notre chaîne sur YouTube : https://f24.my/YouTube En DIRECT - Suivez FRANCE 24 ici : https://f24.my/YTliveFR .",
        "thumbnails": {
          "default": {
            "url": "https://i.ytimg.com/vi/K73qeTqRkLw/default.jpg",
            "width": 120,
            "height": 90
          },
          "medium": {
            "url": "https://i.ytimg.com/vi/K73qeTqRkLw/mqdefault.jpg",
            "width": 320,
            "height": 180
          },
          "high": {
            "url": "https://i.ytimg.com/vi/K73qeTqRkLw/hqdefault.jpg",
            "width": 480,
            "height": 360
          }
        },
        "channelTitle": "FRANCE 24",
        "liveBroadcastContent": "none",
        "publishTime": "2019-01-09T18:20:37Z"
      }
    },
    {
      "kind": "youtube#searchResult",
      "etag": "xkqF4QXPxgKNVRLgXMKv-9sKDEA",
      "id": {
        "kind": "youtube#video",
        "videoId": "aHgrUoP4ENI"
      },
      "snippet": {
        "publishedAt": "2018-04-24T16:37:06Z",
        "channelId": "UCDU255nxDFqkcJrQ-twQoRg",
        "title": "Malaria - Czym jest i gdzie występuje",
        "description": "",
        "thumbnails": {
          "default": {
            "url": "https://i.ytimg.com/vi/aHgrUoP4ENI/default.jpg",
            "width": 120,
            "height": 90
          },
          "medium": {
            "url": "https://i.ytimg.com/vi/aHgrUoP4ENI/mqdefault.jpg",
            "width": 320,
            "height": 180
          },
          "high": {
            "url": "https://i.ytimg.com/vi/aHgrUoP4ENI/hqdefault.jpg",
            "width": 480,
            "height": 360
          }
        },
        "channelTitle": "Salezjański Wolontariat Misyjny Młodzi Światu",
        "liveBroadcastContent": "none",
        "publishTime": "2018-04-24T16:37:06Z"
      }
    },
    {
      "kind": "youtube#searchResult",
      "etag": "1o_tUJByFhSDM2_LnPNb_pTPLXY",
      "id": {
        "kind": "youtube#video",
        "videoId": "-L7H7sRLCxs"
      },
      "snippet": {
        "publishedAt": "2019-05-11T14:35:48Z",
        "channelId": "UCBx7nZGYMmeiG7FMT7s2DEA",
        "title": "MALARIA | MALARIAL PARASITE LIFE CYCLE WITH TRICKS | PART-1 | RRB PHARMACIST EXAM | GPAT | ESIC",
        "description": "World malaria day is 25 April | malaria is protozoal disease | female anopheline mosquito | life cycle of malarial parasite ...",
        "thumbnails": {
          "default": {
            "url": "https://i.ytimg.com/vi/-L7H7sRLCxs/default.jpg",
            "width": 120,
            "height": 90
          },
          "medium": {
            "url": "https://i.ytimg.com/vi/-L7H7sRLCxs/mqdefault.jpg",
            "width": 320,
            "height": 180
          },
          "high": {
            "url": "https://i.ytimg.com/vi/-L7H7sRLCxs/hqdefault.jpg",
            "width": 480,
            "height": 360
          }
        },
        "channelTitle": "PHARMA NOTES",
        "liveBroadcastContent": "none",
        "publishTime": "2019-05-11T14:35:48Z"
      }
    },
    {
      "kind": "youtube#searchResult",
      "etag": "d9GOgWPWcar_plLt6DR-SwccKTw",
      "id": {
        "kind": "youtube#video",
        "videoId": "uxNFZaAX9NY"
      },
      "snippet": {
        "publishedAt": "2020-03-25T14:55:56Z",
        "channelId": "UCOJau1taNi8c9Fv-zHs0EyQ",
        "title": "La malaria",
        "description": "In questo video approfondiamo insieme una malattia ancora molto diffusa, la malaria.",
        "thumbnails": {
          "default": {
            "url": "https://i.ytimg.com/vi/uxNFZaAX9NY/default.jpg",
            "width": 120,
            "height": 90
          },
          "medium": {
            "url": "https://i.ytimg.com/vi/uxNFZaAX9NY/mqdefault.jpg",
            "width": 320,
            "height": 180
          },
          "high": {
            "url": "https://i.ytimg.com/vi/uxNFZaAX9NY/hqdefault.jpg",
            "width": 480,
            "height": 360
          }
        },
        "channelTitle": "Giordano Rossi",
        "liveBroadcastContent": "none",
        "publishTime": "2020-03-25T14:55:56Z"
      }
    },
    {
      "kind": "youtube#searchResult",
      "etag": "bjEHQQYufVjkRbJYgswGYK97oRk",
      "id": {
        "kind": "youtube#video",
        "videoId": "0Gkm8c-HaIA"
      },
      "snippet": {
        "publishedAt": "2021-04-24T11:41:09Z",
        "channelId": "UCNye-wNBqNL5ZzHSJj3l8Bg",
        "title": "Researchers hail possible malaria vaccine breakthrough",
        "description": "A new malaria vaccine is being hailed as a game-changer in the fight to eliminate the disease. The Oxford Institute vaccine has ...",
        "thumbnails": {
          "default": {
            "url": "https://i.ytimg.com/vi/0Gkm8c-HaIA/default.jpg",
            "width": 120,
            "height": 90
          },
          "medium": {
            "url": "https://i.ytimg.com/vi/0Gkm8c-HaIA/mqdefault.jpg",
            "width": 320,
            "height": 180
          },
          "high": {
            "url": "https://i.ytimg.com/vi/0Gkm8c-HaIA/hqdefault.jpg",
            "width": 480,
            "height": 360
          }
        },
        "channelTitle": "Al Jazeera English",
        "liveBroadcastContent": "none",
        "publishTime": "2021-04-24T11:41:09Z"
      }
    },
    {
      "kind": "youtube#searchResult",
      "etag": "JEsdsaa1heeyWgU5ZgCdHEpXEJ0",
      "id": {
        "kind": "youtube#video",
        "videoId": "IqACdE-ecac"
      },
      "snippet": {
        "publishedAt": "2019-04-25T10:28:52Z",
        "channelId": "UCEu502vFxm_7G13bPrzPhlA",
        "title": "Jeevanarekha Child Care | Malaria in Children | 25th April  2019 | జీవనరేఖ చైల్డ్ కేర్",
        "description": "The most important concern of parents is the well-being and perfect growth of their children assuring good health, perfect physical, ...",
        "thumbnails": {
          "default": {
            "url": "https://i.ytimg.com/vi/IqACdE-ecac/default.jpg",
            "width": 120,
            "height": 90
          },
          "medium": {
            "url": "https://i.ytimg.com/vi/IqACdE-ecac/mqdefault.jpg",
            "width": 320,
            "height": 180
          },
          "high": {
            "url": "https://i.ytimg.com/vi/IqACdE-ecac/hqdefault.jpg",
            "width": 480,
            "height": 360
          }
        },
        "channelTitle": "ETV Life India",
        "liveBroadcastContent": "none",
        "publishTime": "2019-04-25T10:28:52Z"
      }
    },
    {
      "kind": "youtube#searchResult",
      "etag": "34_Iq4Y0tIPjU4X91R_eTg0dEOA",
      "id": {
        "kind": "youtube#video",
        "videoId": "scaxlNjdfsg"
      },
      "snippet": {
        "publishedAt": "2019-05-02T21:28:28Z",
        "channelId": "UC3-9AvWauLtMQY7nyoOVJwQ",
        "title": "#EXPLICAMOS™ LA MALARIA (by Krishna Kumar) VIDEOS EXPLICATIVOS#videoexplicativo",
        "description": "EXPLICAMOS™ #LAMALARIA - es una enfermedad casi siempre mortal causada por parásitos y transmitida a través de las ...",
        "thumbnails": {
          "default": {
            "url": "https://i.ytimg.com/vi/scaxlNjdfsg/default.jpg",
            "width": 120,
            "height": 90
          },
          "medium": {
            "url": "https://i.ytimg.com/vi/scaxlNjdfsg/mqdefault.jpg",
            "width": 320,
            "height": 180
          },
          "high": {
            "url": "https://i.ytimg.com/vi/scaxlNjdfsg/hqdefault.jpg",
            "width": 480,
            "height": 360
          }
        },
        "channelTitle": "explicamos",
        "liveBroadcastContent": "none",
        "publishTime": "2019-05-02T21:28:28Z"
      }
    }
  ]
}
