{
  "kind": "youtube#searchListResponse",
  "etag": "Ft6yA2PPQmNWqHb9xPkYBV4e9f4",
  "nextPageToken": "CMgBEAA",
  "prevPageToken": "CJYBEAE",
  "regionCode": "NL",
  "pageInfo": {
    "totalResults": 1000000,
    "resultsPerPage": 50
  },
  "items": [
    {
      "kind": "youtube#searchResult",
      "etag": "WEx9_welZjZbLwbtas6YAVhVAIo",
      "id": {
        "kind": "youtube#video",
        "videoId": "E6RnZnvARPQ"
      },
      "snippet": {
        "publishedAt": "2019-10-02T03:24:33Z",
        "channelId": "UCWFlfb6XMhayhDDrXL2UKNQ",
        "title": "Pemeriksaan Darah Untuk Filaria dan Malaria | Keterampilan Klinis | FK Unand",
        "description": "Keterampilan Klinis | Pemeriksaan Darah Untuk Filaria dan Malaria Fakultas Kedokteran Universitas Andalas.",
        "thumbnails": {
          "default": {
            "url": "https://i.ytimg.com/vi/E6RnZnvARPQ/default.jpg",
            "width": 120,
            "height": 90
          },
          "medium": {
            "url": "https://i.ytimg.com/vi/E6RnZnvARPQ/mqdefault.jpg",
            "width": 320,
            "height": 180
          },
          "high": {
            "url": "https://i.ytimg.com/vi/E6RnZnvARPQ/hqdefault.jpg",
            "width": 480,
            "height": 360
          }
        },
        "channelTitle": "Fakultas Kedokteran Universitas Andalas",
        "liveBroadcastContent": "none",
        "publishTime": "2019-10-02T03:24:33Z"
      }
    },
    {
      "kind": "youtube#searchResult",
      "etag": "Sa380c5Cm0YxOMQrtD2YXwfGP-Y",
      "id": {
        "kind": "youtube#video",
        "videoId": "x1qiuN7qGRo"
      },
      "snippet": {
        "publishedAt": "2018-09-19T22:49:06Z",
        "channelId": "UCp7Sjd_AdBQAmkMOj7TUHJA",
        "title": "🦠 Microbiologia (5/5): Malária - Biologia - ENEM",
        "description": "MundoEdu: O melhor cursinho online agora é 100% gratuito! * ✨ Apostila Grátis: https://mundoedu.com.br/videoaula/423 ✨ Plano ...",
        "thumbnails": {
          "default": {
            "url": "https://i.ytimg.com/vi/x1qiuN7qGRo/default.jpg",
            "width": 120,
            "height": 90
          },
          "medium": {
            "url": "https://i.ytimg.com/vi/x1qiuN7qGRo/mqdefault.jpg",
            "width": 320,
            "height": 180
          },
          "high": {
            "url": "https://i.ytimg.com/vi/x1qiuN7qGRo/hqdefault.jpg",
            "width": 480,
            "height": 360
          }
        },
        "channelTitle": "MundoEdu",
        "liveBroadcastContent": "none",
        "publishTime": "2018-09-19T22:49:06Z"
      }
    },
    {
      "kind": "youtube#searchResult",
      "etag": "lK4-wfyYT5ZA_MkM_a4ZxnOA-JY",
      "id": {
        "kind": "youtube#video",
        "videoId": "gMwNm0yoxEQ"
      },
      "snippet": {
        "publishedAt": "2021-03-01T15:00:16Z",
        "channelId": "UCirKlITbtOw8uNXMrgnxYPA",
        "title": "Malaria o paludismo ¿qué es la malaria o paludismo? síntomas, tratamiento, ciclo de vida",
        "description": "Malaria ¿qué es la malaria o paludismo? Malaria o Paludismo, es una enfermedad parasitaria que afecta a los humanos, las ...",
        "thumbnails": {
          "default": {
            "url": "https://i.ytimg.com/vi/gMwNm0yoxEQ/default.jpg",
            "width": 120,
            "height": 90
          },
          "medium": {
            "url": "https://i.ytimg.com/vi/gMwNm0yoxEQ/mqdefault.jpg",
            "width": 320,
            "height": 180
          },
          "high": {
            "url": "https://i.ytimg.com/vi/gMwNm0yoxEQ/hqdefault.jpg",
            "width": 480,
            "height": 360
          }
        },
        "channelTitle": "Enciclopedia Médica",
        "liveBroadcastContent": "none",
        "publishTime": "2021-03-01T15:00:16Z"
      }
    },
    {
      "kind": "youtube#searchResult",
      "etag": "p4hLVyb_Tb_7bzRTSaFCFgHrzfo",
      "id": {
        "kind": "youtube#video",
        "videoId": "6umcj0TjMb8"
      },
      "snippet": {
        "publishedAt": "2021-12-26T14:30:15Z",
        "channelId": "UC3HS6gQ79jjn4xHxogw0HiA",
        "title": "Term 2 Exam Class 12 Biology Chapter 8 | Protozoal Disease: Malaria - Human Health &amp; Disease",
        "description": "Previous Video: https://www.youtube.com/watch?v=fEYPD2oVM8c Next Video: ...",
        "thumbnails": {
          "default": {
            "url": "https://i.ytimg.com/vi/6umcj0TjMb8/default.jpg",
            "width": 120,
            "height": 90
          },
          "medium": {
            "url": "https://i.ytimg.com/vi/6umcj0TjMb8/mqdefault.jpg",
            "width": 320,
            "height": 180
          },
          "high": {
            "url": "https://i.ytimg.com/vi/6umcj0TjMb8/hqdefault.jpg",
            "width": 480,
            "height": 360
          }
        },
        "channelTitle": "Magnet Brains",
        "liveBroadcastContent": "none",
        "publishTime": "2021-12-26T14:30:15Z"
      }
    },
    {
      "kind": "youtube#searchResult",
      "etag": "D233oYkyNrGwCvfwuEMM-rjVGqA",
      "id": {
        "kind": "youtube#video",
        "videoId": "M6kM-c21ODg"
      },
      "snippet": {
        "publishedAt": "2021-11-27T16:30:27Z",
        "channelId": "UCgs9JNEtY4HOIK0fLEPyT6Q",
        "title": "GNM 3rd Year II National Anti Malaria Program II Community Health Nursing - II  II Vidhya Madam II",
        "description": "GNM 3rd Year II National Anti Malaria Program II Community Health Nursing - II II Vidhya Madam II Plz Download our App ...",
        "thumbnails": {
          "default": {
            "url": "https://i.ytimg.com/vi/M6kM-c21ODg/default.jpg",
            "width": 120,
            "height": 90
          },
          "medium": {
            "url": "https://i.ytimg.com/vi/M6kM-c21ODg/mqdefault.jpg",
            "width": 320,
            "height": 180
          },
          "high": {
            "url": "https://i.ytimg.com/vi/M6kM-c21ODg/hqdefault.jpg",
            "width": 480,
            "height": 360
          }
        },
        "channelTitle": "Online Nursing Classes",
        "liveBroadcastContent": "none",
        "publishTime": "2021-11-27T16:30:27Z"
      }
    },
    {
      "kind": "youtube#searchResult",
      "etag": "4VokLKTusrxBcz1nmJpEUkh7_cc",
      "id": {
        "kind": "youtube#video",
        "videoId": "bQ1AiRf9XSI"
      },
      "snippet": {
        "publishedAt": "2021-10-06T21:23:10Z",
        "channelId": "UCFQgi22Ht00CpaOQLtvZx2A",
        "title": "World&#39;s first malaria vaccine approved by WHO experts in &#39;breakthrough for science&#39; | ITV News",
        "description": "Every single year Malaria kills around 400000 people. Most are in Africa and most of them are children. Today the World Health ...",
        "thumbnails": {
          "default": {
            "url": "https://i.ytimg.com/vi/bQ1AiRf9XSI/default.jpg",
            "width": 120,
            "height": 90
          },
          "medium": {
            "url": "https://i.ytimg.com/vi/bQ1AiRf9XSI/mqdefault.jpg",
            "width": 320,
            "height": 180
          },
          "high": {
            "url": "https://i.ytimg.com/vi/bQ1AiRf9XSI/hqdefault.jpg",
            "width": 480,
            "height": 360
          }
        },
        "channelTitle": "ITV News",
        "liveBroadcastContent": "none",
        "publishTime": "2021-10-06T21:23:10Z"
      }
    },
    {
      "kind": "youtube#searchResult",
      "etag": "CABcHto2_hka-XN1nvuzq3Eo3cA",
      "id": {
        "kind": "youtube#video",
        "videoId": "mZl0tjOtX74"
      },
      "snippet": {
        "publishedAt": "2021-02-14T20:20:55Z",
        "channelId": "UCF1iiuuIO54-ZB8bJQ3gvcA",
        "title": "Malaria and Pregnancy",
        "description": "",
        "thumbnails": {
          "default": {
            "url": "https://i.ytimg.com/vi/mZl0tjOtX74/default.jpg",
            "width": 120,
            "height": 90
          },
          "medium": {
            "url": "https://i.ytimg.com/vi/mZl0tjOtX74/mqdefault.jpg",
            "width": 320,
            "height": 180
          },
          "high": {
            "url": "https://i.ytimg.com/vi/mZl0tjOtX74/hqdefault.jpg",
            "width": 480,
            "height": 360
          }
        },
        "channelTitle": "Stefan Gebhardt",
        "liveBroadcastContent": "none",
        "publishTime": "2021-02-14T20:20:55Z"
      }
    },
    {
      "kind": "youtube#searchResult",
      "etag": "DXRF_hT60QdYc3iwJkdtyNVV4-s",
      "id": {
        "kind": "youtube#video",
        "videoId": "xHYomgkOZK8"
      },
      "snippet": {
        "publishedAt": "2021-10-06T19:39:01Z",
        "channelId": "UCoMdktPbSTixAyNGwb-UYkQ",
        "title": "Sky News Explains: Why the malaria vaccine is a game changer",
        "description": "Sky News explains why the malaria vaccine could be a game changer in the fight against one of the world's most deadly diseases.",
        "thumbnails": {
          "default": {
            "url": "https://i.ytimg.com/vi/xHYomgkOZK8/default.jpg",
            "width": 120,
            "height": 90
          },
          "medium": {
            "url": "https://i.ytimg.com/vi/xHYomgkOZK8/mqdefault.jpg",
            "width": 320,
            "height": 180
          },
          "high": {
            "url": "https://i.ytimg.com/vi/xHYomgkOZK8/hqdefault.jpg",
            "width": 480,
            "height": 360
          }
        },
        "channelTitle": "Sky News",
        "liveBroadcastContent": "none",
        "publishTime": "2021-10-06T19:39:01Z"
      }
    },
    {
      "kind": "youtube#searchResult",
      "etag": "Lnej4hJR8jMtbAQAAMM6IXxW_rQ",
      "id": {
        "kind": "youtube#video",
        "videoId": "j9_Vq78Ljzc"
      },
      "snippet": {
        "publishedAt": "2015-09-30T17:32:36Z",
        "channelId": "UCyf2UWUhua-gU0hwuaalxyA",
        "title": "Genetic resistance to malaria",
        "description": "Learn how variations in DNA in some regions of the human genome can help protect people from developing severe malaria.",
        "thumbnails": {
          "default": {
            "url": "https://i.ytimg.com/vi/j9_Vq78Ljzc/default.jpg",
            "width": 120,
            "height": 90
          },
          "medium": {
            "url": "https://i.ytimg.com/vi/j9_Vq78Ljzc/mqdefault.jpg",
            "width": 320,
            "height": 180
          },
          "high": {
            "url": "https://i.ytimg.com/vi/j9_Vq78Ljzc/hqdefault.jpg",
            "width": 480,
            "height": 360
          }
        },
        "channelTitle": "MalariaGEN",
        "liveBroadcastContent": "none",
        "publishTime": "2015-09-30T17:32:36Z"
      }
    },
    {
      "kind": "youtube#searchResult",
      "etag": "iuazXM5grgWBI3siZq87rFwb0Vg",
      "id": {
        "kind": "youtube#video",
        "videoId": "XiJxtpMe5S4"
      },
      "snippet": {
        "publishedAt": "2021-06-26T14:55:58Z",
        "channelId": "UCdQwYksctqqiRwqp3PiJMWA",
        "title": "Common Diseases in Human - Protozoan Disease (Malaria) | Human Health and Disease | L9 | Seep Pahuja",
        "description": "Unacademy NEET-UG introduces the biggest event, Unacademy Combat! A free contest on Unacademy Android App, for Class ...",
        "thumbnails": {
          "default": {
            "url": "https://i.ytimg.com/vi/XiJxtpMe5S4/default.jpg",
            "width": 120,
            "height": 90
          },
          "medium": {
            "url": "https://i.ytimg.com/vi/XiJxtpMe5S4/mqdefault.jpg",
            "width": 320,
            "height": 180
          },
          "high": {
            "url": "https://i.ytimg.com/vi/XiJxtpMe5S4/hqdefault.jpg",
            "width": 480,
            "height": 360
          }
        },
        "channelTitle": "Unacademy NEET",
        "liveBroadcastContent": "none",
        "publishTime": "2021-06-26T14:55:58Z"
      }
    },
    {
      "kind": "youtube#searchResult",
      "etag": "lq-kyO7-jGkwi0l-JDg7k3syiIA",
      "id": {
        "kind": "youtube#video",
        "videoId": "cRNY-B_Kfow"
      },
      "snippet": {
        "publishedAt": "2020-04-26T18:51:57Z",
        "channelId": "UCNye-wNBqNL5ZzHSJj3l8Bg",
        "title": "What happens if you get both COVID-19 and malaria?",
        "description": "Malaria is active in scores of countries with most cases occurring in tropical regions. The World Health Organization says there are ...",
        "thumbnails": {
          "default": {
            "url": "https://i.ytimg.com/vi/cRNY-B_Kfow/default.jpg",
            "width": 120,
            "height": 90
          },
          "medium": {
            "url": "https://i.ytimg.com/vi/cRNY-B_Kfow/mqdefault.jpg",
            "width": 320,
            "height": 180
          },
          "high": {
            "url": "https://i.ytimg.com/vi/cRNY-B_Kfow/hqdefault.jpg",
            "width": 480,
            "height": 360
          }
        },
        "channelTitle": "Al Jazeera English",
        "liveBroadcastContent": "none",
        "publishTime": "2020-04-26T18:51:57Z"
      }
    },
    {
      "kind": "youtube#searchResult",
      "etag": "-Pt7hhFAn3ILG3ECnUM83MnbUms",
      "id": {
        "kind": "youtube#video",
        "videoId": "W0Lc5iAqcMc"
      },
      "snippet": {
        "publishedAt": "2019-07-16T13:30:00Z",
        "channelId": "UCam4pU1NFraGs5Ng_SS9h9Q",
        "title": "Malaria in Children -  Causes, Symptoms &amp; Treatments",
        "description": "Malaria is a scary disease, especially for kids. However, with proper treatment, they can get better. It is always best to be informed.",
        "thumbnails": {
          "default": {
            "url": "https://i.ytimg.com/vi/W0Lc5iAqcMc/default.jpg",
            "width": 120,
            "height": 90
          },
          "medium": {
            "url": "https://i.ytimg.com/vi/W0Lc5iAqcMc/mqdefault.jpg",
            "width": 320,
            "height": 180
          },
          "high": {
            "url": "https://i.ytimg.com/vi/W0Lc5iAqcMc/hqdefault.jpg",
            "width": 480,
            "height": 360
          }
        },
        "channelTitle": "FirstCry Parenting",
        "liveBroadcastContent": "none",
        "publishTime": "2019-07-16T13:30:00Z"
      }
    },
    {
      "kind": "youtube#searchResult",
      "etag": "IuZ1vxcc2UEWlbjhQKhTCRm80w4",
      "id": {
        "kind": "youtube#video",
        "videoId": "-AH5_kIUes4"
      },
      "snippet": {
        "publishedAt": "2022-02-08T04:30:00Z",
        "channelId": "UCJeFOVY_Lmx4lcdWbJME_vQ",
        "title": "Clinical Features &amp; Management of Malaria",
        "description": "aetcm #emergencymedicine #amritahospitals.",
        "thumbnails": {
          "default": {
            "url": "https://i.ytimg.com/vi/-AH5_kIUes4/default.jpg",
            "width": 120,
            "height": 90
          },
          "medium": {
            "url": "https://i.ytimg.com/vi/-AH5_kIUes4/mqdefault.jpg",
            "width": 320,
            "height": 180
          },
          "high": {
            "url": "https://i.ytimg.com/vi/-AH5_kIUes4/hqdefault.jpg",
            "width": 480,
            "height": 360
          }
        },
        "channelTitle": "AETCM Emergency Medicine",
        "liveBroadcastContent": "none",
        "publishTime": "2022-02-08T04:30:00Z"
      }
    },
    {
      "kind": "youtube#searchResult",
      "etag": "PeoJ5loYo2CeaffKwtFe31fGlEY",
      "id": {
        "kind": "youtube#video",
        "videoId": "tbBdjntKX3w"
      },
      "snippet": {
        "publishedAt": "2020-12-02T17:30:03Z",
        "channelId": "UCNye-wNBqNL5ZzHSJj3l8Bg",
        "title": "Coronavirus or malaria, tuberculosis and HIV? | Inside Story",
        "description": "More than seven million lives have been saved from malaria in the past two decades. But progress in fighting the disease has ...",
        "thumbnails": {
          "default": {
            "url": "https://i.ytimg.com/vi/tbBdjntKX3w/default.jpg",
            "width": 120,
            "height": 90
          },
          "medium": {
            "url": "https://i.ytimg.com/vi/tbBdjntKX3w/mqdefault.jpg",
            "width": 320,
            "height": 180
          },
          "high": {
            "url": "https://i.ytimg.com/vi/tbBdjntKX3w/hqdefault.jpg",
            "width": 480,
            "height": 360
          }
        },
        "channelTitle": "Al Jazeera English",
        "liveBroadcastContent": "none",
        "publishTime": "2020-12-02T17:30:03Z"
      }
    },
    {
      "kind": "youtube#searchResult",
      "etag": "shuquk98KH8lGgU5LiEHPGONpKo",
      "id": {
        "kind": "youtube#video",
        "videoId": "CUoaja814yk"
      },
      "snippet": {
        "publishedAt": "2015-04-25T04:46:05Z",
        "channelId": "UCGyZswzm4G-wEfRQHgMSAuw",
        "title": "World Malaria Day: History of Malaria",
        "description": "World Malaria Day: History of Malaria NEWS 7 TAMIL http://www.NS7.tv facebook: http://fb.com/News7Tamil twitter: ...",
        "thumbnails": {
          "default": {
            "url": "https://i.ytimg.com/vi/CUoaja814yk/default.jpg",
            "width": 120,
            "height": 90
          },
          "medium": {
            "url": "https://i.ytimg.com/vi/CUoaja814yk/mqdefault.jpg",
            "width": 320,
            "height": 180
          },
          "high": {
            "url": "https://i.ytimg.com/vi/CUoaja814yk/hqdefault.jpg",
            "width": 480,
            "height": 360
          }
        },
        "channelTitle": "News7 Tamil",
        "liveBroadcastContent": "none",
        "publishTime": "2015-04-25T04:46:05Z"
      }
    },
    {
      "kind": "youtube#searchResult",
      "etag": "i4Q7Bri8R1a7IR5zcxtktp72ZQI",
      "id": {
        "kind": "youtube#video",
        "videoId": "I_e3NoHePlM"
      },
      "snippet": {
        "publishedAt": "2019-05-08T10:23:03Z",
        "channelId": "UCNtUXiCqH6nUTFeTW4qLpqw",
        "title": "Malaria — Symptoms and treatment",
        "description": "Malaria is a life-threatening disease. Malaria is especially dangerous for young children, the elderly and pregnant women.",
        "thumbnails": {
          "default": {
            "url": "https://i.ytimg.com/vi/I_e3NoHePlM/default.jpg",
            "width": 120,
            "height": 90
          },
          "medium": {
            "url": "https://i.ytimg.com/vi/I_e3NoHePlM/mqdefault.jpg",
            "width": 320,
            "height": 180
          },
          "high": {
            "url": "https://i.ytimg.com/vi/I_e3NoHePlM/hqdefault.jpg",
            "width": 480,
            "height": 360
          }
        },
        "channelTitle": "DW The 77 Percent",
        "liveBroadcastContent": "none",
        "publishTime": "2019-05-08T10:23:03Z"
      }
    },
    {
      "kind": "youtube#searchResult",
      "etag": "To-P2Uv_tdQahSvp8L39Gi5B958",
      "id": {
        "kind": "youtube#video",
        "videoId": "EesaaHi9wUc"
      },
      "snippet": {
        "publishedAt": "2020-07-26T10:05:59Z",
        "channelId": "UCNye-wNBqNL5ZzHSJj3l8Bg",
        "title": "Malaria deaths surge in Africa amid fight against COVID-19",
        "description": "The World Health Organization is warning that malaria-related deaths in sub-Saharan Africa could more than double this year ...",
        "thumbnails": {
          "default": {
            "url": "https://i.ytimg.com/vi/EesaaHi9wUc/default.jpg",
            "width": 120,
            "height": 90
          },
          "medium": {
            "url": "https://i.ytimg.com/vi/EesaaHi9wUc/mqdefault.jpg",
            "width": 320,
            "height": 180
          },
          "high": {
            "url": "https://i.ytimg.com/vi/EesaaHi9wUc/hqdefault.jpg",
            "width": 480,
            "height": 360
          }
        },
        "channelTitle": "Al Jazeera English",
        "liveBroadcastContent": "none",
        "publishTime": "2020-07-26T10:05:59Z"
      }
    },
    {
      "kind": "youtube#searchResult",
      "etag": "WUeZTcyH99sFn4nTvpGzY_TCxEw",
      "id": {
        "kind": "youtube#video",
        "videoId": "2uscDXXhTuE"
      },
      "snippet": {
        "publishedAt": "2021-10-07T09:24:10Z",
        "channelId": "UCQfwfsi5VrQ8yKZ-UWmAEFg",
        "title": "Malaria vaccine: &quot;That&#39;s a great day for Africa&quot; • FRANCE 24 English",
        "description": "Richard Mihigo, Head of Immunization and Vaccine Development WHO Africa, was our guest. #WHO #Malaria #Africa ...",
        "thumbnails": {
          "default": {
            "url": "https://i.ytimg.com/vi/2uscDXXhTuE/default.jpg",
            "width": 120,
            "height": 90
          },
          "medium": {
            "url": "https://i.ytimg.com/vi/2uscDXXhTuE/mqdefault.jpg",
            "width": 320,
            "height": 180
          },
          "high": {
            "url": "https://i.ytimg.com/vi/2uscDXXhTuE/hqdefault.jpg",
            "width": 480,
            "height": 360
          }
        },
        "channelTitle": "FRANCE 24 English",
        "liveBroadcastContent": "none",
        "publishTime": "2021-10-07T09:24:10Z"
      }
    },
    {
      "kind": "youtube#searchResult",
      "etag": "PhzdUiC1bmIoEl5XQviBX8Js2Og",
      "id": {
        "kind": "youtube#video",
        "videoId": "PGiqxnAr2fQ"
      },
      "snippet": {
        "publishedAt": "2019-07-26T12:30:00Z",
        "channelId": "UCxlJ45KjG4XVcQ_hd8j227A",
        "title": "What Causes MALARIA? The Dr. Binocs Show | Best Learning Videos For Kids | Peekaboo Kidz",
        "description": "Hi Friends, welcome to the Dr. Binocs show. in this video Dr. Binocs will explain what causes malaria and how to prevent it.",
        "thumbnails": {
          "default": {
            "url": "https://i.ytimg.com/vi/PGiqxnAr2fQ/default.jpg",
            "width": 120,
            "height": 90
          },
          "medium": {
            "url": "https://i.ytimg.com/vi/PGiqxnAr2fQ/mqdefault.jpg",
            "width": 320,
            "height": 180
          },
          "high": {
            "url": "https://i.ytimg.com/vi/PGiqxnAr2fQ/hqdefault.jpg",
            "width": 480,
            "height": 360
          }
        },
        "channelTitle": "Peekaboo Kidz",
        "liveBroadcastContent": "none",
        "publishTime": "2019-07-26T12:30:00Z"
      }
    },
    {
      "kind": "youtube#searchResult",
      "etag": "CqMNvWAlsFQdLAq-Mq3Hz7EGbXI",
      "id": {
        "kind": "youtube#video",
        "videoId": "JnAyoa-u56Y"
      },
      "snippet": {
        "publishedAt": "2021-10-06T20:08:03Z",
        "channelId": "UChLtXXpo4Ge1ReTEboVvTDg",
        "title": "WHO recommends first-ever malaria vaccine, marking major step in fight against disease",
        "description": "On Wednesday, the World Health Organization (WHO) approved the first-ever vaccine for the prevention of malaria. Officials with ...",
        "thumbnails": {
          "default": {
            "url": "https://i.ytimg.com/vi/JnAyoa-u56Y/default.jpg",
            "width": 120,
            "height": 90
          },
          "medium": {
            "url": "https://i.ytimg.com/vi/JnAyoa-u56Y/mqdefault.jpg",
            "width": 320,
            "height": 180
          },
          "high": {
            "url": "https://i.ytimg.com/vi/JnAyoa-u56Y/hqdefault.jpg",
            "width": 480,
            "height": 360
          }
        },
        "channelTitle": "Global News",
        "liveBroadcastContent": "none",
        "publishTime": "2021-10-06T20:08:03Z"
      }
    },
    {
      "kind": "youtube#searchResult",
      "etag": "uiuJToTzpwXK-p_l4k8t5Aw5WbI",
      "id": {
        "kind": "youtube#video",
        "videoId": "t6GBwkhfGMY"
      },
      "snippet": {
        "publishedAt": "2020-10-22T18:52:12Z",
        "channelId": "UC_gBkRjHBC0OqHX5AbAExcQ",
        "title": "Malaria - Microbiología",
        "description": "Video elaborado por Sebastián Romero, alumno de 4to año de medicina de la Universidad Peruana Cayetano Heredia Redes ...",
        "thumbnails": {
          "default": {
            "url": "https://i.ytimg.com/vi/t6GBwkhfGMY/default.jpg",
            "width": 120,
            "height": 90
          },
          "medium": {
            "url": "https://i.ytimg.com/vi/t6GBwkhfGMY/mqdefault.jpg",
            "width": 320,
            "height": 180
          },
          "high": {
            "url": "https://i.ytimg.com/vi/t6GBwkhfGMY/hqdefault.jpg",
            "width": 480,
            "height": 360
          }
        },
        "channelTitle": "Sociedad Estudiantil de Ciencias Clínicas UPCH",
        "liveBroadcastContent": "none",
        "publishTime": "2020-10-22T18:52:12Z"
      }
    },
    {
      "kind": "youtube#searchResult",
      "etag": "m_5oxL1UmwfDyh4oBQtVqrrxLww",
      "id": {
        "kind": "youtube#video",
        "videoId": "AiGtagm-m-8"
      },
      "snippet": {
        "publishedAt": "2021-06-24T19:44:58Z",
        "channelId": "UC7lT6wGX_IXkfguh2DvcrSA",
        "title": "Malaria - DHIS2 Annual Conference 2021",
        "description": "This session will focus on using DHIS2 for malaria use cases, including presentations on the Digital Solutions for Malaria ...",
        "thumbnails": {
          "default": {
            "url": "https://i.ytimg.com/vi/AiGtagm-m-8/default.jpg",
            "width": 120,
            "height": 90
          },
          "medium": {
            "url": "https://i.ytimg.com/vi/AiGtagm-m-8/mqdefault.jpg",
            "width": 320,
            "height": 180
          },
          "high": {
            "url": "https://i.ytimg.com/vi/AiGtagm-m-8/hqdefault.jpg",
            "width": 480,
            "height": 360
          }
        },
        "channelTitle": "DHIS2",
        "liveBroadcastContent": "none",
        "publishTime": "2021-06-24T19:44:58Z"
      }
    },
    {
      "kind": "youtube#searchResult",
      "etag": "qENChqrM4H16E2CvK0hrXBc4qcs",
      "id": {
        "kind": "youtube#video",
        "videoId": "Gcxj7INY1fM"
      },
      "snippet": {
        "publishedAt": "2021-05-25T07:20:06Z",
        "channelId": "UCT4hX5cqalv-M36zQ2ODI5w",
        "title": "G6PD Deficiency Offers Protection Against Malaria Infection",
        "description": "This is the 2 minutes short video in biochemistry on G6PD (Glucose 6 Phosphate Dehydrogenase) Deficiency Offers Protection ...",
        "thumbnails": {
          "default": {
            "url": "https://i.ytimg.com/vi/Gcxj7INY1fM/default.jpg",
            "width": 120,
            "height": 90
          },
          "medium": {
            "url": "https://i.ytimg.com/vi/Gcxj7INY1fM/mqdefault.jpg",
            "width": 320,
            "height": 180
          },
          "high": {
            "url": "https://i.ytimg.com/vi/Gcxj7INY1fM/hqdefault.jpg",
            "width": 480,
            "height": 360
          }
        },
        "channelTitle": "Biochemistry Basics by Dr Amit",
        "liveBroadcastContent": "none",
        "publishTime": "2021-05-25T07:20:06Z"
      }
    },
    {
      "kind": "youtube#searchResult",
      "etag": "iCxMLyEwnOHGtCWbtzYAfrrD9rc",
      "id": {
        "kind": "youtube#video",
        "videoId": "LGgrzA1CNU0"
      },
      "snippet": {
        "publishedAt": "2022-01-15T11:53:34Z",
        "channelId": "UC0kXK_iz6axodhswf3hQx3Q",
        "title": "MALARIA | Life Cycle | Treatment | Algorithm | Drug Doses",
        "description": "MALARIA | Treatment | Algorithm | Drug Doses Hi guys! Welcome to Infectious Disease series on the channel. In this lecture, we ...",
        "thumbnails": {
          "default": {
            "url": "https://i.ytimg.com/vi/LGgrzA1CNU0/default.jpg",
            "width": 120,
            "height": 90
          },
          "medium": {
            "url": "https://i.ytimg.com/vi/LGgrzA1CNU0/mqdefault.jpg",
            "width": 320,
            "height": 180
          },
          "high": {
            "url": "https://i.ytimg.com/vi/LGgrzA1CNU0/hqdefault.jpg",
            "width": 480,
            "height": 360
          }
        },
        "channelTitle": "Medi - Lectures",
        "liveBroadcastContent": "none",
        "publishTime": "2022-01-15T11:53:34Z"
      }
    },
    {
      "kind": "youtube#searchResult",
      "etag": "C3tOfv-oOemSXQ6lbM_N_agJfqg",
      "id": {
        "kind": "youtube#video",
        "videoId": "3N6Yar61Cco"
      },
      "snippet": {
        "publishedAt": "2020-07-06T01:22:08Z",
        "channelId": "UCVdliONKjgvIwGk7Ew7BYvQ",
        "title": "Klasifikasi Malaria Membedakan Malaria Tropikana P. falciparum, Tertiana P. vivax, ovale, Kuartana",
        "description": "for online UKMPPD class & Business inquires: DM via Instagram @prayudac E-mail : chrisan.bp@gmail.com Klasifikasi Malaria, ...",
        "thumbnails": {
          "default": {
            "url": "https://i.ytimg.com/vi/3N6Yar61Cco/default.jpg",
            "width": 120,
            "height": 90
          },
          "medium": {
            "url": "https://i.ytimg.com/vi/3N6Yar61Cco/mqdefault.jpg",
            "width": 320,
            "height": 180
          },
          "high": {
            "url": "https://i.ytimg.com/vi/3N6Yar61Cco/hqdefault.jpg",
            "width": 480,
            "height": 360
          }
        },
        "channelTitle": "Chrisan Bimo",
        "liveBroadcastContent": "none",
        "publishTime": "2020-07-06T01:22:08Z"
      }
    },
    {
      "kind": "youtube#searchResult",
      "etag": "3oVsYRhXa0QSiasDw7FaIl3xOXA",
      "id": {
        "kind": "youtube#video",
        "videoId": "fYcBBXq2jJA"
      },
      "snippet": {
        "publishedAt": "2020-11-23T18:59:47Z",
        "channelId": "UCdLt2OhiWNLRsGNF-0DE4-A",
        "title": "MALÁRIA - DOENÇAS CAUSADAS POR PROTOZOÁRIOS | Biologia com Samuel Cunha",
        "description": "Aula sobre MALÁRIA - Doenças causadas por protozoários | Biologia com Samuel Cunha ESTUDE NA MINHA PLATAFORMA: ...",
        "thumbnails": {
          "default": {
            "url": "https://i.ytimg.com/vi/fYcBBXq2jJA/default.jpg",
            "width": 120,
            "height": 90
          },
          "medium": {
            "url": "https://i.ytimg.com/vi/fYcBBXq2jJA/mqdefault.jpg",
            "width": 320,
            "height": 180
          },
          "high": {
            "url": "https://i.ytimg.com/vi/fYcBBXq2jJA/hqdefault.jpg",
            "width": 480,
            "height": 360
          }
        },
        "channelTitle": "Biologia com Samuel Cunha",
        "liveBroadcastContent": "none",
        "publishTime": "2020-11-23T18:59:47Z"
      }
    },
    {
      "kind": "youtube#searchResult",
      "etag": "7Po-Zz9Yn7vw52F2gQXisiiSJQU",
      "id": {
        "kind": "youtube#video",
        "videoId": "DmDCm4zZzk8"
      },
      "snippet": {
        "publishedAt": "2021-07-29T19:13:10Z",
        "channelId": "UCLwU3zDH17f8hp8Qox1ymRA",
        "title": "Severe Malaria (Complications of Malaria)",
        "description": "This is the second video in the Malaria series. Introduction to Malaria: https://youtu.be/dTJlIyZXSyA The World Health Organization ...",
        "thumbnails": {
          "default": {
            "url": "https://i.ytimg.com/vi/DmDCm4zZzk8/default.jpg",
            "width": 120,
            "height": 90
          },
          "medium": {
            "url": "https://i.ytimg.com/vi/DmDCm4zZzk8/mqdefault.jpg",
            "width": 320,
            "height": 180
          },
          "high": {
            "url": "https://i.ytimg.com/vi/DmDCm4zZzk8/hqdefault.jpg",
            "width": 480,
            "height": 360
          }
        },
        "channelTitle": "Medical Tutorials",
        "liveBroadcastContent": "none",
        "publishTime": "2021-07-29T19:13:10Z"
      }
    },
    {
      "kind": "youtube#searchResult",
      "etag": "UfjqGyeQ8yFeWlLhyZS47oEteoM",
      "id": {
        "kind": "youtube#video",
        "videoId": "ZElP6IyZ6EQ"
      },
      "snippet": {
        "publishedAt": "2021-04-23T15:31:51Z",
        "channelId": "UCVSNOxehfALut52NbkfRBaA",
        "title": "Burkina Faso Tested Malaria Vaccine Shows 77% Efficacy",
        "description": "Vaccine could help prevent over 400000 deaths a year, most of them in sub-Saharan Africa.",
        "thumbnails": {
          "default": {
            "url": "https://i.ytimg.com/vi/ZElP6IyZ6EQ/default.jpg",
            "width": 120,
            "height": 90
          },
          "medium": {
            "url": "https://i.ytimg.com/vi/ZElP6IyZ6EQ/mqdefault.jpg",
            "width": 320,
            "height": 180
          },
          "high": {
            "url": "https://i.ytimg.com/vi/ZElP6IyZ6EQ/hqdefault.jpg",
            "width": 480,
            "height": 360
          }
        },
        "channelTitle": "VOA News",
        "liveBroadcastContent": "none",
        "publishTime": "2021-04-23T15:31:51Z"
      }
    },
    {
      "kind": "youtube#searchResult",
      "etag": "ee2JTtv7LrbKbtZnvcweg_wnf10",
      "id": {
        "kind": "youtube#video",
        "videoId": "KNqnH_p0ZCE"
      },
      "snippet": {
        "publishedAt": "2011-11-28T12:16:59Z",
        "channelId": "UCbnhdxrwVH5nQ2jfGy7J5qw",
        "title": "Malaria Antigen Rapid Test",
        "description": "Course : Pharmacological Lab procedures: Malaria Antigen Rapid Test KNUST OER 2011. CC:BY-NC The malaria P.f. Rapid Test ...",
        "thumbnails": {
          "default": {
            "url": "https://i.ytimg.com/vi/KNqnH_p0ZCE/default.jpg",
            "width": 120,
            "height": 90
          },
          "medium": {
            "url": "https://i.ytimg.com/vi/KNqnH_p0ZCE/mqdefault.jpg",
            "width": 320,
            "height": 180
          },
          "high": {
            "url": "https://i.ytimg.com/vi/KNqnH_p0ZCE/hqdefault.jpg",
            "width": 480,
            "height": 360
          }
        },
        "channelTitle": "knust oer",
        "liveBroadcastContent": "none",
        "publishTime": "2011-11-28T12:16:59Z"
      }
    },
    {
      "kind": "youtube#searchResult",
      "etag": "iZ2qVh7b5-Z0Tf30Xhiy59EOFPE",
      "id": {
        "kind": "youtube#video",
        "videoId": "NWw4ya9sr9g"
      },
      "snippet": {
        "publishedAt": "2018-10-13T23:00:00Z",
        "channelId": "UCPFK0oIUXZf2ZgN2HvAkr9Q",
        "title": "¿Qué es el paludismo o malaria?: síntomas, diagnóstico, tratamiento y prevención",
        "description": "Continuando con le módulo de enfermedades tropicales, en esta ocasión hablaremos acerca del paludismo o malaria, ...",
        "thumbnails": {
          "default": {
            "url": "https://i.ytimg.com/vi/NWw4ya9sr9g/default.jpg",
            "width": 120,
            "height": 90
          },
          "medium": {
            "url": "https://i.ytimg.com/vi/NWw4ya9sr9g/mqdefault.jpg",
            "width": 320,
            "height": 180
          },
          "high": {
            "url": "https://i.ytimg.com/vi/NWw4ya9sr9g/hqdefault.jpg",
            "width": 480,
            "height": 360
          }
        },
        "channelTitle": "Dr. Mijail Tapia",
        "liveBroadcastContent": "none",
        "publishTime": "2018-10-13T23:00:00Z"
      }
    },
    {
      "kind": "youtube#searchResult",
      "etag": "B_-6vgY-bACa5YdLdUZa5TLudIo",
      "id": {
        "kind": "youtube#video",
        "videoId": "L0filX3Fk1Y"
      },
      "snippet": {
        "publishedAt": "2021-02-15T15:30:29Z",
        "channelId": "UCq7waL4uXp7Sr0PbNsd_zJw",
        "title": "How to Identify &amp; differentiate malaria parasites | Thin blood smear examination",
        "description": "Hello Viewers !!! Welcome to Aladdin Creations !!! My Name Is Kavindu Lakmal , Medical Laboratory Scientist graduated ...",
        "thumbnails": {
          "default": {
            "url": "https://i.ytimg.com/vi/L0filX3Fk1Y/default.jpg",
            "width": 120,
            "height": 90
          },
          "medium": {
            "url": "https://i.ytimg.com/vi/L0filX3Fk1Y/mqdefault.jpg",
            "width": 320,
            "height": 180
          },
          "high": {
            "url": "https://i.ytimg.com/vi/L0filX3Fk1Y/hqdefault.jpg",
            "width": 480,
            "height": 360
          }
        },
        "channelTitle": "Aladdin Creations",
        "liveBroadcastContent": "none",
        "publishTime": "2021-02-15T15:30:29Z"
      }
    },
    {
      "kind": "youtube#searchResult",
      "etag": "3a9biA15bld3kLPkA1dowL3POZY",
      "id": {
        "kind": "youtube#video",
        "videoId": "oIOIz3aVHt8"
      },
      "snippet": {
        "publishedAt": "2021-04-03T11:15:55Z",
        "channelId": "UCYgj80SHqoPoDvQx1JLRP3w",
        "title": "Malaria : Klasifikasi Parasit, Penyebab, Gejala, Patofisiologi, Diagnosis, Faktor Resiko, Pengobatan",
        "description": "Malaria adalah penyakit menular yang disebabkan oleh parasit Plasmodium. Penyakit ini menyebar lewat gigitan nyamuk yang ...",
        "thumbnails": {
          "default": {
            "url": "https://i.ytimg.com/vi/oIOIz3aVHt8/default.jpg",
            "width": 120,
            "height": 90
          },
          "medium": {
            "url": "https://i.ytimg.com/vi/oIOIz3aVHt8/mqdefault.jpg",
            "width": 320,
            "height": 180
          },
          "high": {
            "url": "https://i.ytimg.com/vi/oIOIz3aVHt8/hqdefault.jpg",
            "width": 480,
            "height": 360
          }
        },
        "channelTitle": "Farmasis Kepo",
        "liveBroadcastContent": "none",
        "publishTime": "2021-04-03T11:15:55Z"
      }
    },
    {
      "kind": "youtube#searchResult",
      "etag": "eLKkWHRv7GHCXVAtZSB12OOsVa0",
      "id": {
        "kind": "youtube#video",
        "videoId": "lQaui9gG22I"
      },
      "snippet": {
        "publishedAt": "2021-10-07T04:31:36Z",
        "channelId": "UCNye-wNBqNL5ZzHSJj3l8Bg",
        "title": "Malaria vaccine a ‘breakthrough for science’, WHO chief says",
        "description": "The World Health Organization has endorsed the first ever malaria vaccine, a game changer in the battle against one of the ...",
        "thumbnails": {
          "default": {
            "url": "https://i.ytimg.com/vi/lQaui9gG22I/default.jpg",
            "width": 120,
            "height": 90
          },
          "medium": {
            "url": "https://i.ytimg.com/vi/lQaui9gG22I/mqdefault.jpg",
            "width": 320,
            "height": 180
          },
          "high": {
            "url": "https://i.ytimg.com/vi/lQaui9gG22I/hqdefault.jpg",
            "width": 480,
            "height": 360
          }
        },
        "channelTitle": "Al Jazeera English",
        "liveBroadcastContent": "none",
        "publishTime": "2021-10-07T04:31:36Z"
      }
    },
    {
      "kind": "youtube#searchResult",
      "etag": "eC4CRg56zrWv7dFOj4QA2XjZiHY",
      "id": {
        "kind": "youtube#video",
        "videoId": "yTBe7DI0Xew"
      },
      "snippet": {
        "publishedAt": "2021-10-07T17:30:06Z",
        "channelId": "UCNye-wNBqNL5ZzHSJj3l8Bg",
        "title": "Will the world&#39;s first malaria vaccine eradicate the disease? | Inside Story",
        "description": "With the world focused on COVID-19 vaccines, a breakthrough has been made in the fight against another disease. The W.H.O. ...",
        "thumbnails": {
          "default": {
            "url": "https://i.ytimg.com/vi/yTBe7DI0Xew/default.jpg",
            "width": 120,
            "height": 90
          },
          "medium": {
            "url": "https://i.ytimg.com/vi/yTBe7DI0Xew/mqdefault.jpg",
            "width": 320,
            "height": 180
          },
          "high": {
            "url": "https://i.ytimg.com/vi/yTBe7DI0Xew/hqdefault.jpg",
            "width": 480,
            "height": 360
          }
        },
        "channelTitle": "Al Jazeera English",
        "liveBroadcastContent": "none",
        "publishTime": "2021-10-07T17:30:06Z"
      }
    },
    {
      "kind": "youtube#searchResult",
      "etag": "WiCkCwcPJCK_8NFVmje5axDehYo",
      "id": {
        "kind": "youtube#video",
        "videoId": "xyc4gZsHEGQ"
      },
      "snippet": {
        "publishedAt": "2014-07-22T18:02:58Z",
        "channelId": "UCGEa7g5wrfuJ9tfexXwcbCA",
        "title": "O ciclo biológico do plasmódio no interior do homem",
        "description": "O ciclo do plasmódio apresenta dois hospedeiros: o homem e o mosquito Anopheles. Nesta animação observe o ...",
        "thumbnails": {
          "default": {
            "url": "https://i.ytimg.com/vi/xyc4gZsHEGQ/default.jpg",
            "width": 120,
            "height": 90
          },
          "medium": {
            "url": "https://i.ytimg.com/vi/xyc4gZsHEGQ/mqdefault.jpg",
            "width": 320,
            "height": 180
          },
          "high": {
            "url": "https://i.ytimg.com/vi/xyc4gZsHEGQ/hqdefault.jpg",
            "width": 480,
            "height": 360
          }
        },
        "channelTitle": "O Plasmódio e a Malária",
        "liveBroadcastContent": "none",
        "publishTime": "2014-07-22T18:02:58Z"
      }
    },
    {
      "kind": "youtube#searchResult",
      "etag": "-YKATZ3p1l43P4HCYugVEVoVkK8",
      "id": {
        "kind": "youtube#video",
        "videoId": "yLzGQuuGkVg"
      },
      "snippet": {
        "publishedAt": "2020-05-18T02:00:27Z",
        "channelId": "UCq7waL4uXp7Sr0PbNsd_zJw",
        "title": "How To Diagnosis Malaria  At  Laboratory",
        "description": "Hello Viewers !!! Welcome to Aladdin Creations ! My Name Is Kavindu Lakmal , Medical Laboratory Scientist graduated From ...",
        "thumbnails": {
          "default": {
            "url": "https://i.ytimg.com/vi/yLzGQuuGkVg/default.jpg",
            "width": 120,
            "height": 90
          },
          "medium": {
            "url": "https://i.ytimg.com/vi/yLzGQuuGkVg/mqdefault.jpg",
            "width": 320,
            "height": 180
          },
          "high": {
            "url": "https://i.ytimg.com/vi/yLzGQuuGkVg/hqdefault.jpg",
            "width": 480,
            "height": 360
          }
        },
        "channelTitle": "Aladdin Creations",
        "liveBroadcastContent": "none",
        "publishTime": "2020-05-18T02:00:27Z"
      }
    },
    {
      "kind": "youtube#searchResult",
      "etag": "siNMfvUPZvMCSkrW7BkzYK0i3lE",
      "id": {
        "kind": "youtube#video",
        "videoId": "BDZU41GROSM"
      },
      "snippet": {
        "publishedAt": "2022-02-07T04:30:04Z",
        "channelId": "UCJeFOVY_Lmx4lcdWbJME_vQ",
        "title": "MBBS Case Discussion || Malaria",
        "description": "aetcm #emergencymedicine #amritahospitals.",
        "thumbnails": {
          "default": {
            "url": "https://i.ytimg.com/vi/BDZU41GROSM/default.jpg",
            "width": 120,
            "height": 90
          },
          "medium": {
            "url": "https://i.ytimg.com/vi/BDZU41GROSM/mqdefault.jpg",
            "width": 320,
            "height": 180
          },
          "high": {
            "url": "https://i.ytimg.com/vi/BDZU41GROSM/hqdefault.jpg",
            "width": 480,
            "height": 360
          }
        },
        "channelTitle": "AETCM Emergency Medicine",
        "liveBroadcastContent": "none",
        "publishTime": "2022-02-07T04:30:04Z"
      }
    },
    {
      "kind": "youtube#searchResult",
      "etag": "uFJGvt_9eH_z72jJVgLlCuizx-0",
      "id": {
        "kind": "youtube#video",
        "videoId": "A2-XTlHBf_4"
      },
      "snippet": {
        "publishedAt": "2012-01-24T00:49:41Z",
        "channelId": "UCnE2nr8PBvDZeLq3ZoiQUyA",
        "title": "Malaria Lifecycle Animation",
        "description": "We produced this animation to provide a quick introduction to the complex lifecycle of the malaria parasite. The narration is by Dr.",
        "thumbnails": {
          "default": {
            "url": "https://i.ytimg.com/vi/A2-XTlHBf_4/default.jpg",
            "width": 120,
            "height": 90
          },
          "medium": {
            "url": "https://i.ytimg.com/vi/A2-XTlHBf_4/mqdefault.jpg",
            "width": 320,
            "height": 180
          },
          "high": {
            "url": "https://i.ytimg.com/vi/A2-XTlHBf_4/hqdefault.jpg",
            "width": 480,
            "height": 360
          }
        },
        "channelTitle": "Darby",
        "liveBroadcastContent": "none",
        "publishTime": "2012-01-24T00:49:41Z"
      }
    },
    {
      "kind": "youtube#searchResult",
      "etag": "J3O8pXGASuAcPTX7W5Xm1VpsuF4",
      "id": {
        "kind": "youtube#video",
        "videoId": "nBOBEYcIZto"
      },
      "snippet": {
        "publishedAt": "2020-07-06T09:59:56Z",
        "channelId": "UC92RpAypUi-BEh273rUYr2Q",
        "title": "Malaria vs COVID-19",
        "description": "Is malaria the same as COVID-19? No. COVID-19 and malaria may have similar symptoms but they are VERY different diseases ...",
        "thumbnails": {
          "default": {
            "url": "https://i.ytimg.com/vi/nBOBEYcIZto/default.jpg",
            "width": 120,
            "height": 90
          },
          "medium": {
            "url": "https://i.ytimg.com/vi/nBOBEYcIZto/mqdefault.jpg",
            "width": 320,
            "height": 180
          },
          "high": {
            "url": "https://i.ytimg.com/vi/nBOBEYcIZto/hqdefault.jpg",
            "width": 480,
            "height": 360
          }
        },
        "channelTitle": "Nigeria Health Watch",
        "liveBroadcastContent": "none",
        "publishTime": "2020-07-06T09:59:56Z"
      }
    },
    {
      "kind": "youtube#searchResult",
      "etag": "FiFm5WzTBFgGeYauNM3pn9RmneI",
      "id": {
        "kind": "youtube#video",
        "videoId": "GZmfEUsDdDU"
      },
      "snippet": {
        "publishedAt": "2021-10-23T23:30:01Z",
        "channelId": "UCcbE7twlpJfQVF2dO21fB1A",
        "title": "Malaria Vaccine - Behind the News",
        "description": "For the first time, the World Health Organisation has endorsed a vaccine for Malaria. We find out more about this potentially deadly ...",
        "thumbnails": {
          "default": {
            "url": "https://i.ytimg.com/vi/GZmfEUsDdDU/default.jpg",
            "width": 120,
            "height": 90
          },
          "medium": {
            "url": "https://i.ytimg.com/vi/GZmfEUsDdDU/mqdefault.jpg",
            "width": 320,
            "height": 180
          },
          "high": {
            "url": "https://i.ytimg.com/vi/GZmfEUsDdDU/hqdefault.jpg",
            "width": 480,
            "height": 360
          }
        },
        "channelTitle": "Behind the News",
        "liveBroadcastContent": "none",
        "publishTime": "2021-10-23T23:30:01Z"
      }
    },
    {
      "kind": "youtube#searchResult",
      "etag": "QB6iBNPEyfWNgH5kLTPKNDtO5No",
      "id": {
        "kind": "youtube#video",
        "videoId": "NWuhhQjPgfY"
      },
      "snippet": {
        "publishedAt": "2021-10-07T13:38:00Z",
        "channelId": "UC-bbHiTZGWKbsCjpzUfrk6Q",
        "title": "Kinderen in Afrika krijgen malaria-vaccinatie",
        "description": "Voor het eerst is een vaccin tegen de ziekte malaria goedgekeurd. Dat is goed nieuws, want de ziekte komt in Afrika nog veel voor ...",
        "thumbnails": {
          "default": {
            "url": "https://i.ytimg.com/vi/NWuhhQjPgfY/default.jpg",
            "width": 120,
            "height": 90
          },
          "medium": {
            "url": "https://i.ytimg.com/vi/NWuhhQjPgfY/mqdefault.jpg",
            "width": 320,
            "height": 180
          },
          "high": {
            "url": "https://i.ytimg.com/vi/NWuhhQjPgfY/hqdefault.jpg",
            "width": 480,
            "height": 360
          }
        },
        "channelTitle": "NOS Jeugdjournaal",
        "liveBroadcastContent": "none",
        "publishTime": "2021-10-07T13:38:00Z"
      }
    },
    {
      "kind": "youtube#searchResult",
      "etag": "8tteUK5dtKmmBoRqomXcZ-vgmtI",
      "id": {
        "kind": "youtube#video",
        "videoId": "oNA3oh-sNN8"
      },
      "snippet": {
        "publishedAt": "2020-03-24T14:00:13Z",
        "channelId": "UCq7waL4uXp7Sr0PbNsd_zJw",
        "title": "Malaria parasite life cycle ( Complete Explain )",
        "description": "Hello Viewers !!! My Name Is Kavindu Lakmal , Medical Laboratory scientist graduated From University Of Peradeniya. Also my ...",
        "thumbnails": {
          "default": {
            "url": "https://i.ytimg.com/vi/oNA3oh-sNN8/default.jpg",
            "width": 120,
            "height": 90
          },
          "medium": {
            "url": "https://i.ytimg.com/vi/oNA3oh-sNN8/mqdefault.jpg",
            "width": 320,
            "height": 180
          },
          "high": {
            "url": "https://i.ytimg.com/vi/oNA3oh-sNN8/hqdefault.jpg",
            "width": 480,
            "height": 360
          }
        },
        "channelTitle": "Aladdin Creations",
        "liveBroadcastContent": "none",
        "publishTime": "2020-03-24T14:00:13Z"
      }
    },
    {
      "kind": "youtube#searchResult",
      "etag": "dKI-nZRJRX_w16sqOqnGPtNE-OQ",
      "id": {
        "kind": "youtube#video",
        "videoId": "1B4zBvOBojw"
      },
      "snippet": {
        "publishedAt": "2019-11-15T20:15:02Z",
        "channelId": "UCBm_uRc9YaK71z0BHIQZgOQ",
        "title": "MALARIA",
        "description": "La Malaria es una de las enfermedades más letales en la historia de la humanidad. En este video, el bioquímico y divulgador ...",
        "thumbnails": {
          "default": {
            "url": "https://i.ytimg.com/vi/1B4zBvOBojw/default.jpg",
            "width": 120,
            "height": 90
          },
          "medium": {
            "url": "https://i.ytimg.com/vi/1B4zBvOBojw/mqdefault.jpg",
            "width": 320,
            "height": 180
          },
          "high": {
            "url": "https://i.ytimg.com/vi/1B4zBvOBojw/hqdefault.jpg",
            "width": 480,
            "height": 360
          }
        },
        "channelTitle": "Un paseo con Darwin",
        "liveBroadcastContent": "none",
        "publishTime": "2019-11-15T20:15:02Z"
      }
    },
    {
      "kind": "youtube#searchResult",
      "etag": "hOp5WYNSWTW6UjFh6HIg41qjEPU",
      "id": {
        "kind": "youtube#video",
        "videoId": "Ro8RQiYZ-v0"
      },
      "snippet": {
        "publishedAt": "2019-10-09T04:10:11Z",
        "channelId": "UCo75_TEGf6WNZ59bJ6v_zIw",
        "title": "Identifikasi Parasit Malaria - Part 1",
        "description": "Video pembelajaran ini berisi cara identifikasi parasit malaria secara mikroskopis baik pada sediaan darah tipis maupun sediaan ...",
        "thumbnails": {
          "default": {
            "url": "https://i.ytimg.com/vi/Ro8RQiYZ-v0/default.jpg",
            "width": 120,
            "height": 90
          },
          "medium": {
            "url": "https://i.ytimg.com/vi/Ro8RQiYZ-v0/mqdefault.jpg",
            "width": 320,
            "height": 180
          },
          "high": {
            "url": "https://i.ytimg.com/vi/Ro8RQiYZ-v0/hqdefault.jpg",
            "width": 480,
            "height": 360
          }
        },
        "channelTitle": "Rizqiani A. Kusumasari",
        "liveBroadcastContent": "none",
        "publishTime": "2019-10-09T04:10:11Z"
      }
    },
    {
      "kind": "youtube#searchResult",
      "etag": "u9hEDPujJq55cXjrvtwbzYyhiRo",
      "id": {
        "kind": "youtube#video",
        "videoId": "Kmg7Zd2lN2k"
      },
      "snippet": {
        "publishedAt": "2021-03-22T22:00:17Z",
        "channelId": "UCn570qcYPpXz045Oeg0yQGQ",
        "title": "C.R.O x Franux BB - Malaria (Video Oficial)",
        "description": "Esto no es música... ⚡️Seguí a C.R.O en su canal OFICIAL https://www.youtube.com/channel/UC20cm05g3-UFwiPDc1QaClQ ...",
        "thumbnails": {
          "default": {
            "url": "https://i.ytimg.com/vi/Kmg7Zd2lN2k/default.jpg",
            "width": 120,
            "height": 90
          },
          "medium": {
            "url": "https://i.ytimg.com/vi/Kmg7Zd2lN2k/mqdefault.jpg",
            "width": 320,
            "height": 180
          },
          "high": {
            "url": "https://i.ytimg.com/vi/Kmg7Zd2lN2k/hqdefault.jpg",
            "width": 480,
            "height": 360
          }
        },
        "channelTitle": "MDBCrew",
        "liveBroadcastContent": "none",
        "publishTime": "2021-03-22T22:00:17Z"
      }
    },
    {
      "kind": "youtube#searchResult",
      "etag": "bFdJsSerIEHyjw1LT3TkGPQfUsA",
      "id": {
        "kind": "youtube#video",
        "videoId": "Q-i5fUxWg8M"
      },
      "snippet": {
        "publishedAt": "2020-10-05T14:40:03Z",
        "channelId": "UCpZOoJyALE5gnHOEM884K1A",
        "title": "Malaria | Plasmodium Lifecycle of Malaria | community medicine | PSM Made Simple",
        "description": "Malaria | Plasmodium Lifecycle of Malaria | community medicine | PSM Made Simple #Malaria || #PSMLecture ...",
        "thumbnails": {
          "default": {
            "url": "https://i.ytimg.com/vi/Q-i5fUxWg8M/default.jpg",
            "width": 120,
            "height": 90
          },
          "medium": {
            "url": "https://i.ytimg.com/vi/Q-i5fUxWg8M/mqdefault.jpg",
            "width": 320,
            "height": 180
          },
          "high": {
            "url": "https://i.ytimg.com/vi/Q-i5fUxWg8M/hqdefault.jpg",
            "width": 480,
            "height": 360
          }
        },
        "channelTitle": "Community Medicine Made Easy Dr Karthikeyan ",
        "liveBroadcastContent": "none",
        "publishTime": "2020-10-05T14:40:03Z"
      }
    },
    {
      "kind": "youtube#searchResult",
      "etag": "k3oPSwOrqrVHwmTaTey2cgZNPkQ",
      "id": {
        "kind": "youtube#video",
        "videoId": "6289zmMNl90"
      },
      "snippet": {
        "publishedAt": "2019-07-15T06:14:25Z",
        "channelId": "UCwh0jJJY5P4WNcOxBLpqs2w",
        "title": "Dengue vs Malaria: How to Differentiate between Dengue and Malaria Symptoms? | MFine",
        "description": "Dengue vs Malaria: How to Differentiate between Dengue and Malaria Symptoms? | MFine Dengue vs Malaria: The confusion is ...",
        "thumbnails": {
          "default": {
            "url": "https://i.ytimg.com/vi/6289zmMNl90/default.jpg",
            "width": 120,
            "height": 90
          },
          "medium": {
            "url": "https://i.ytimg.com/vi/6289zmMNl90/mqdefault.jpg",
            "width": 320,
            "height": 180
          },
          "high": {
            "url": "https://i.ytimg.com/vi/6289zmMNl90/hqdefault.jpg",
            "width": 480,
            "height": 360
          }
        },
        "channelTitle": "MFine Care",
        "liveBroadcastContent": "none",
        "publishTime": "2019-07-15T06:14:25Z"
      }
    },
    {
      "kind": "youtube#searchResult",
      "etag": "XqCngrxJE-pd9tVMhiGBEb5gFdM",
      "id": {
        "kind": "youtube#video",
        "videoId": "NBIrJhQXiRo"
      },
      "snippet": {
        "publishedAt": "2020-06-02T17:50:33Z",
        "channelId": "UCeDRZxpwn2K3B_NjV4jGXRw",
        "title": "CareStart™ Malaria Pf (HRP2) Ag RDT - Instructional Video",
        "description": "\"This video instruction is meant to provide users of the CareStart™ (Access Bio, Inc) Malaria Pf (HRP2) Ag Rapid Diagnostic Test ...",
        "thumbnails": {
          "default": {
            "url": "https://i.ytimg.com/vi/NBIrJhQXiRo/default.jpg",
            "width": 120,
            "height": 90
          },
          "medium": {
            "url": "https://i.ytimg.com/vi/NBIrJhQXiRo/mqdefault.jpg",
            "width": 320,
            "height": 180
          },
          "high": {
            "url": "https://i.ytimg.com/vi/NBIrJhQXiRo/hqdefault.jpg",
            "width": 480,
            "height": 360
          }
        },
        "channelTitle": "Accessbio",
        "liveBroadcastContent": "none",
        "publishTime": "2020-06-02T17:50:33Z"
      }
    },
    {
      "kind": "youtube#searchResult",
      "etag": "Fe8EcGFZDTMOkIl_AVDqDB1JI5U",
      "id": {
        "kind": "youtube#video",
        "videoId": "Oj4iH0ILRmA"
      },
      "snippet": {
        "publishedAt": "2022-01-25T08:26:12Z",
        "channelId": "UCI3RT5PGmdi1KVp9FG_CneA",
        "title": "NICD: Don&#39;t confuse Malaria and COVID-19",
        "description": "The NICD has warned that malaria is being confused for COVID-19. In a statement issued on Monday, the institute said this ...",
        "thumbnails": {
          "default": {
            "url": "https://i.ytimg.com/vi/Oj4iH0ILRmA/default.jpg",
            "width": 120,
            "height": 90
          },
          "medium": {
            "url": "https://i.ytimg.com/vi/Oj4iH0ILRmA/mqdefault.jpg",
            "width": 320,
            "height": 180
          },
          "high": {
            "url": "https://i.ytimg.com/vi/Oj4iH0ILRmA/hqdefault.jpg",
            "width": 480,
            "height": 360
          }
        },
        "channelTitle": "eNCA",
        "liveBroadcastContent": "none",
        "publishTime": "2022-01-25T08:26:12Z"
      }
    },
    {
      "kind": "youtube#searchResult",
      "etag": "eELvWj6PpeQlcV_XkFYG5WVcjak",
      "id": {
        "kind": "youtube#video",
        "videoId": "Mgt3dBT0hFg"
      },
      "snippet": {
        "publishedAt": "2021-12-16T03:04:03Z",
        "channelId": "UCcHPSsPbn7BpEjjMu2QR-cQ",
        "title": "Reviewing the 2021 World Malaria Report",
        "description": "",
        "thumbnails": {
          "default": {
            "url": "https://i.ytimg.com/vi/Mgt3dBT0hFg/default.jpg",
            "width": 120,
            "height": 90
          },
          "medium": {
            "url": "https://i.ytimg.com/vi/Mgt3dBT0hFg/mqdefault.jpg",
            "width": 320,
            "height": 180
          },
          "high": {
            "url": "https://i.ytimg.com/vi/Mgt3dBT0hFg/hqdefault.jpg",
            "width": 480,
            "height": 360
          }
        },
        "channelTitle": "Ifakara Health Institute",
        "liveBroadcastContent": "none",
        "publishTime": "2021-12-16T03:04:03Z"
      }
    }
  ]
}
