{
  "kind": "youtube#searchListResponse",
  "etag": "E5mgBV8Fd3ZDwd8yizrlYC7UYY0",
  "nextPageToken": "CPoBEAA",
  "prevPageToken": "CMgBEAE",
  "regionCode": "NL",
  "pageInfo": {
    "totalResults": 1000000,
    "resultsPerPage": 50
  },
  "items": [
    {
      "kind": "youtube#searchResult",
      "etag": "eELvWj6PpeQlcV_XkFYG5WVcjak",
      "id": {
        "kind": "youtube#video",
        "videoId": "Mgt3dBT0hFg"
      },
      "snippet": {
        "publishedAt": "2021-12-16T03:04:03Z",
        "channelId": "UCcHPSsPbn7BpEjjMu2QR-cQ",
        "title": "Reviewing the 2021 World Malaria Report",
        "description": "",
        "thumbnails": {
          "default": {
            "url": "https://i.ytimg.com/vi/Mgt3dBT0hFg/default.jpg",
            "width": 120,
            "height": 90
          },
          "medium": {
            "url": "https://i.ytimg.com/vi/Mgt3dBT0hFg/mqdefault.jpg",
            "width": 320,
            "height": 180
          },
          "high": {
            "url": "https://i.ytimg.com/vi/Mgt3dBT0hFg/hqdefault.jpg",
            "width": 480,
            "height": 360
          }
        },
        "channelTitle": "Ifakara Health Institute",
        "liveBroadcastContent": "none",
        "publishTime": "2021-12-16T03:04:03Z"
      }
    },
    {
      "kind": "youtube#searchResult",
      "etag": "z289UHUKjnubAsXb1QLR5L5au_A",
      "id": {
        "kind": "youtube#video",
        "videoId": "kMiaYctXQko"
      },
      "snippet": {
        "publishedAt": "2021-10-17T07:54:56Z",
        "channelId": "UCM_FQeR7PDfyYyfLe2Xj8dA",
        "title": "Nursing Care Plan on Malaria Ncp on malaria #malaria #ncp #nursingcriteria",
        "description": "Nursing Care Plan on Malaria Ncp on malaria subject: community health nursing #nursing_criteria #nursingcriteria nursing criteria ...",
        "thumbnails": {
          "default": {
            "url": "https://i.ytimg.com/vi/kMiaYctXQko/default.jpg",
            "width": 120,
            "height": 90
          },
          "medium": {
            "url": "https://i.ytimg.com/vi/kMiaYctXQko/mqdefault.jpg",
            "width": 320,
            "height": 180
          },
          "high": {
            "url": "https://i.ytimg.com/vi/kMiaYctXQko/hqdefault.jpg",
            "width": 480,
            "height": 360
          }
        },
        "channelTitle": "Nursing Criteria",
        "liveBroadcastContent": "none",
        "publishTime": "2021-10-17T07:54:56Z"
      }
    },
    {
      "kind": "youtube#searchResult",
      "etag": "RT5h-ZQ7AkgoIhismRmRrbHDieM",
      "id": {
        "kind": "youtube#video",
        "videoId": "f5XKob0lc2A"
      },
      "snippet": {
        "publishedAt": "2016-11-29T14:07:25Z",
        "channelId": "UC4pak2tmkLx8IMA5ZKw3uSg",
        "title": "Malaria Animated",
        "description": "This video explains the disease Malaria. We produced this video for the world health organization in a bid to help raise awareness ...",
        "thumbnails": {
          "default": {
            "url": "https://i.ytimg.com/vi/f5XKob0lc2A/default.jpg",
            "width": 120,
            "height": 90
          },
          "medium": {
            "url": "https://i.ytimg.com/vi/f5XKob0lc2A/mqdefault.jpg",
            "width": 320,
            "height": 180
          },
          "high": {
            "url": "https://i.ytimg.com/vi/f5XKob0lc2A/hqdefault.jpg",
            "width": 480,
            "height": 360
          }
        },
        "channelTitle": "Motion Fountain",
        "liveBroadcastContent": "none",
        "publishTime": "2016-11-29T14:07:25Z"
      }
    },
    {
      "kind": "youtube#searchResult",
      "etag": "3r-DhczNn367Qg07bB5qqqBptpo",
      "id": {
        "kind": "youtube#video",
        "videoId": "9j7UtsnTde4"
      },
      "snippet": {
        "publishedAt": "2010-01-23T19:52:59Z",
        "channelId": "UCDDGv8-2fkXUW_M6MhvGN8A",
        "title": "Ciclo de vida: Malaria",
        "description": "Al romperse el G.R, que liberan merozoitos, estos liberan sustancias que estimulan el hipotálamo, ocasionando repentinas crisis ...",
        "thumbnails": {
          "default": {
            "url": "https://i.ytimg.com/vi/9j7UtsnTde4/default.jpg",
            "width": 120,
            "height": 90
          },
          "medium": {
            "url": "https://i.ytimg.com/vi/9j7UtsnTde4/mqdefault.jpg",
            "width": 320,
            "height": 180
          },
          "high": {
            "url": "https://i.ytimg.com/vi/9j7UtsnTde4/hqdefault.jpg",
            "width": 480,
            "height": 360
          }
        },
        "channelTitle": "QuickmdPLAY",
        "liveBroadcastContent": "none",
        "publishTime": "2010-01-23T19:52:59Z"
      }
    },
    {
      "kind": "youtube#searchResult",
      "etag": "bT23BKZxNJUO2j-aHC9sUI1DzB4",
      "id": {
        "kind": "youtube#video",
        "videoId": "xAaPp3Svqs8"
      },
      "snippet": {
        "publishedAt": "2021-09-08T10:59:49Z",
        "channelId": "UCzWQYUVCpZqtN93H8RR44Qw",
        "title": "The First Ever Malaria Vaccine Just Got Approved",
        "description": "Malaria has been around for a thousand years and affects 200 million people globally. But right now, several promising vaccines ...",
        "thumbnails": {
          "default": {
            "url": "https://i.ytimg.com/vi/xAaPp3Svqs8/default.jpg",
            "width": 120,
            "height": 90
          },
          "medium": {
            "url": "https://i.ytimg.com/vi/xAaPp3Svqs8/mqdefault.jpg",
            "width": 320,
            "height": 180
          },
          "high": {
            "url": "https://i.ytimg.com/vi/xAaPp3Svqs8/hqdefault.jpg",
            "width": 480,
            "height": 360
          }
        },
        "channelTitle": "Seeker",
        "liveBroadcastContent": "none",
        "publishTime": "2021-09-08T10:59:49Z"
      }
    },
    {
      "kind": "youtube#searchResult",
      "etag": "WB4Yf9JCw_ZJqvYfYSl-0WI6HGk",
      "id": {
        "kind": "youtube#video",
        "videoId": "P88lctdl3xA"
      },
      "snippet": {
        "publishedAt": "2021-10-07T18:54:38Z",
        "channelId": "UC4V3oCikXeSqYQr0hBMARwg",
        "title": "Perché il vaccino per la MALARIA è una gran cosa",
        "description": "SUPPORTA LO SHOW! - http://www.breakingitaly.club H E Y A - http://heyastore.com ----LINK DI OGGI: Il vaccino per la malaria ...",
        "thumbnails": {
          "default": {
            "url": "https://i.ytimg.com/vi/P88lctdl3xA/default.jpg",
            "width": 120,
            "height": 90
          },
          "medium": {
            "url": "https://i.ytimg.com/vi/P88lctdl3xA/mqdefault.jpg",
            "width": 320,
            "height": 180
          },
          "high": {
            "url": "https://i.ytimg.com/vi/P88lctdl3xA/hqdefault.jpg",
            "width": 480,
            "height": 360
          }
        },
        "channelTitle": "Breaking Italy",
        "liveBroadcastContent": "none",
        "publishTime": "2021-10-07T18:54:38Z"
      }
    },
    {
      "kind": "youtube#searchResult",
      "etag": "DDDRqbv6iUd_g6E89Gf40s5qKh8",
      "id": {
        "kind": "youtube#video",
        "videoId": "-wNSkvzmde4"
      },
      "snippet": {
        "publishedAt": "2017-05-12T03:20:37Z",
        "channelId": "UCIEePp9hjiKO1h-sJjdOVnw",
        "title": "Dunia Sehat &quot;Penyakit Malaria dan Cara Mengatasinya&quot; | DAAI TV",
        "description": "Program Dunia Sehat tayang setiap Hari Senin-Rabu pada pukul 11.00 WIB. Hanya di DAAI TV.",
        "thumbnails": {
          "default": {
            "url": "https://i.ytimg.com/vi/-wNSkvzmde4/default.jpg",
            "width": 120,
            "height": 90
          },
          "medium": {
            "url": "https://i.ytimg.com/vi/-wNSkvzmde4/mqdefault.jpg",
            "width": 320,
            "height": 180
          },
          "high": {
            "url": "https://i.ytimg.com/vi/-wNSkvzmde4/hqdefault.jpg",
            "width": 480,
            "height": 360
          }
        },
        "channelTitle": "DAAI Family",
        "liveBroadcastContent": "none",
        "publishTime": "2017-05-12T03:20:37Z"
      }
    },
    {
      "kind": "youtube#searchResult",
      "etag": "UkspJkER9a9shXW8ZdEWARuW2pA",
      "id": {
        "kind": "youtube#video",
        "videoId": "--txzacrSGg"
      },
      "snippet": {
        "publishedAt": "2019-03-11T04:08:44Z",
        "channelId": "UCVFXlRBBlPQjMcRWLyhKZFA",
        "title": "Apa sih tanda gejala MALARIA dan DEMAM BERDARAH ? Apakah menular ? - HAI DOK",
        "description": "Demam berdarah dan malaria sudah tak asing lagi di telinga kita. Bagaimana tidak ? Saat pergantian musim kedua penyakit ini ...",
        "thumbnails": {
          "default": {
            "url": "https://i.ytimg.com/vi/--txzacrSGg/default.jpg",
            "width": 120,
            "height": 90
          },
          "medium": {
            "url": "https://i.ytimg.com/vi/--txzacrSGg/mqdefault.jpg",
            "width": 320,
            "height": 180
          },
          "high": {
            "url": "https://i.ytimg.com/vi/--txzacrSGg/hqdefault.jpg",
            "width": 480,
            "height": 360
          }
        },
        "channelTitle": "INAHEALTH",
        "liveBroadcastContent": "none",
        "publishTime": "2019-03-11T04:08:44Z"
      }
    },
    {
      "kind": "youtube#searchResult",
      "etag": "A9cCnKorsVFuKr2z39COrDs1YtQ",
      "id": {
        "kind": "youtube#video",
        "videoId": "8PjYwhdp9ao"
      },
      "snippet": {
        "publishedAt": "2021-10-12T06:43:59Z",
        "channelId": "UCN7B-QD0Qgn2boVH5Q0pOWg",
        "title": "Malaria Vaccine: मलेरिया की पहली वैक्सीन को दी मंजूरी, इससे कितना फ़ायदा होगा? (BBC Hindi)",
        "description": "अफ्रीकी महाद्वीप में मलेरिया की वैक्सीन आने के साथ ही लाखों बच्चों को पहली बार मलेरिया के ...",
        "thumbnails": {
          "default": {
            "url": "https://i.ytimg.com/vi/8PjYwhdp9ao/default.jpg",
            "width": 120,
            "height": 90
          },
          "medium": {
            "url": "https://i.ytimg.com/vi/8PjYwhdp9ao/mqdefault.jpg",
            "width": 320,
            "height": 180
          },
          "high": {
            "url": "https://i.ytimg.com/vi/8PjYwhdp9ao/hqdefault.jpg",
            "width": 480,
            "height": 360
          }
        },
        "channelTitle": "BBC News Hindi",
        "liveBroadcastContent": "none",
        "publishTime": "2021-10-12T06:43:59Z"
      }
    },
    {
      "kind": "youtube#searchResult",
      "etag": "CRV4LaIsXewCNCWobZ9U0T02t54",
      "id": {
        "kind": "youtube#video",
        "videoId": "nl2moWbuwhI"
      },
      "snippet": {
        "publishedAt": "2021-01-02T10:31:20Z",
        "channelId": "UCibjJtNCTA_rkkHU3HZA9tw",
        "title": "Cerebral malaria",
        "description": "",
        "thumbnails": {
          "default": {
            "url": "https://i.ytimg.com/vi/nl2moWbuwhI/default.jpg",
            "width": 120,
            "height": 90
          },
          "medium": {
            "url": "https://i.ytimg.com/vi/nl2moWbuwhI/mqdefault.jpg",
            "width": 320,
            "height": 180
          },
          "high": {
            "url": "https://i.ytimg.com/vi/nl2moWbuwhI/hqdefault.jpg",
            "width": 480,
            "height": 360
          }
        },
        "channelTitle": "Muhammad Mosleh Uddin",
        "liveBroadcastContent": "none",
        "publishTime": "2021-01-02T10:31:20Z"
      }
    },
    {
      "kind": "youtube#searchResult",
      "etag": "9mX9lfjeVYeWU5MGvxuP3_cpVa4",
      "id": {
        "kind": "youtube#video",
        "videoId": "sXNDWuhUHac"
      },
      "snippet": {
        "publishedAt": "2021-10-17T14:37:19Z",
        "channelId": "UCq7waL4uXp7Sr0PbNsd_zJw",
        "title": "Malaria Parasites  Blood stages Identification Training  - Quiz 1",
        "description": "Hello Viewers !!! Welcome to Aladdin Creations !!! My Name Is Kavindu Lakmal , Medical Laboratory Scientist graduated ...",
        "thumbnails": {
          "default": {
            "url": "https://i.ytimg.com/vi/sXNDWuhUHac/default.jpg",
            "width": 120,
            "height": 90
          },
          "medium": {
            "url": "https://i.ytimg.com/vi/sXNDWuhUHac/mqdefault.jpg",
            "width": 320,
            "height": 180
          },
          "high": {
            "url": "https://i.ytimg.com/vi/sXNDWuhUHac/hqdefault.jpg",
            "width": 480,
            "height": 360
          }
        },
        "channelTitle": "Aladdin Creations",
        "liveBroadcastContent": "none",
        "publishTime": "2021-10-17T14:37:19Z"
      }
    },
    {
      "kind": "youtube#searchResult",
      "etag": "oYz5UCupH_ZmCkWcFAC2Pp06mJo",
      "id": {
        "kind": "youtube#video",
        "videoId": "MIKF-H6EnvQ"
      },
      "snippet": {
        "publishedAt": "2020-04-22T16:54:02Z",
        "channelId": "UCi4TtmNXRg5tw8a-6t__aIw",
        "title": "How can we protect pregnant women from malaria?",
        "description": "Malaria in pregnancy is a major public health issue across sub-Saharan Africa. It contributes to the death of 10000 women and ...",
        "thumbnails": {
          "default": {
            "url": "https://i.ytimg.com/vi/MIKF-H6EnvQ/default.jpg",
            "width": 120,
            "height": 90
          },
          "medium": {
            "url": "https://i.ytimg.com/vi/MIKF-H6EnvQ/mqdefault.jpg",
            "width": 320,
            "height": 180
          },
          "high": {
            "url": "https://i.ytimg.com/vi/MIKF-H6EnvQ/hqdefault.jpg",
            "width": 480,
            "height": 360
          }
        },
        "channelTitle": "Malaria Consortium",
        "liveBroadcastContent": "none",
        "publishTime": "2020-04-22T16:54:02Z"
      }
    },
    {
      "kind": "youtube#searchResult",
      "etag": "KtCTCIRsQifNAmthrXdAQh_o_9M",
      "id": {
        "kind": "youtube#video",
        "videoId": "DF0Nmvq1Rfk"
      },
      "snippet": {
        "publishedAt": "2018-12-19T05:20:59Z",
        "channelId": "UCzuS4lw3dZIXIyJvUpFR0HQ",
        "title": "MALARIA",
        "description": "Video ini diharapkan membantu mahasiswa kedokteran memahami secara singkat tentang MALARIA, dan dapat digunakan ...",
        "thumbnails": {
          "default": {
            "url": "https://i.ytimg.com/vi/DF0Nmvq1Rfk/default.jpg",
            "width": 120,
            "height": 90
          },
          "medium": {
            "url": "https://i.ytimg.com/vi/DF0Nmvq1Rfk/mqdefault.jpg",
            "width": 320,
            "height": 180
          },
          "high": {
            "url": "https://i.ytimg.com/vi/DF0Nmvq1Rfk/hqdefault.jpg",
            "width": 480,
            "height": 360
          }
        },
        "channelTitle": "Ringkasan Kedokteran",
        "liveBroadcastContent": "none",
        "publishTime": "2018-12-19T05:20:59Z"
      }
    },
    {
      "kind": "youtube#searchResult",
      "etag": "WWELqm_HOxaqMEltsLB99z06stg",
      "id": {
        "kind": "youtube#video",
        "videoId": "xe8i1dMz-UQ"
      },
      "snippet": {
        "publishedAt": "2019-09-13T09:53:09Z",
        "channelId": "UCrJ5CGMLyFFLnKtVNpgxtrQ",
        "title": "&#39;&#39;Malaria Kupanda Kichwani/ KUPATA UCHIZI/ Kuwa mkali,&#39;&#39; Dr Sizya afafanua",
        "description": "",
        "thumbnails": {
          "default": {
            "url": "https://i.ytimg.com/vi/xe8i1dMz-UQ/default.jpg",
            "width": 120,
            "height": 90
          },
          "medium": {
            "url": "https://i.ytimg.com/vi/xe8i1dMz-UQ/mqdefault.jpg",
            "width": 320,
            "height": 180
          },
          "high": {
            "url": "https://i.ytimg.com/vi/xe8i1dMz-UQ/hqdefault.jpg",
            "width": 480,
            "height": 360
          }
        },
        "channelTitle": "Bongo5",
        "liveBroadcastContent": "none",
        "publishTime": "2019-09-13T09:53:09Z"
      }
    },
    {
      "kind": "youtube#searchResult",
      "etag": "yi7l2UyF4CO4A6VXB9ov0sp-_D8",
      "id": {
        "kind": "youtube#video",
        "videoId": "L1RMrLvRE_E"
      },
      "snippet": {
        "publishedAt": "2021-03-30T14:00:13Z",
        "channelId": "UC-WHWhLDdRAiiT53kqDe3PA",
        "title": "Biology For NEET &amp; AIIMS | Human Health and Diseases - Malaria - Introduction",
        "description": "Download the app for Live interactive classes at the lowest price possible. The courses contain Live classes, recorded videos of ...",
        "thumbnails": {
          "default": {
            "url": "https://i.ytimg.com/vi/L1RMrLvRE_E/default.jpg",
            "width": 120,
            "height": 90
          },
          "medium": {
            "url": "https://i.ytimg.com/vi/L1RMrLvRE_E/mqdefault.jpg",
            "width": 320,
            "height": 180
          },
          "high": {
            "url": "https://i.ytimg.com/vi/L1RMrLvRE_E/hqdefault.jpg",
            "width": 480,
            "height": 360
          }
        },
        "channelTitle": "Neela Bakore Tutorials",
        "liveBroadcastContent": "none",
        "publishTime": "2021-03-30T14:00:13Z"
      }
    },
    {
      "kind": "youtube#searchResult",
      "etag": "tyFOzcMc_vbJh4XVT8jD4jwfmm0",
      "id": {
        "kind": "youtube#video",
        "videoId": "5vFXwm-1_jk"
      },
      "snippet": {
        "publishedAt": "2014-02-22T11:01:12Z",
        "channelId": "UCRsl6me4KJ-oh8FA668lKIw",
        "title": "Malaria: A complex disease with simple solutions? by Bart Knols at TEDxYouth@Maastricht.",
        "description": "Malaria: A complex disease with simple solutions? by Bart Knols at TEDxYouth@Maastricht.",
        "thumbnails": {
          "default": {
            "url": "https://i.ytimg.com/vi/5vFXwm-1_jk/default.jpg",
            "width": 120,
            "height": 90
          },
          "medium": {
            "url": "https://i.ytimg.com/vi/5vFXwm-1_jk/mqdefault.jpg",
            "width": 320,
            "height": 180
          },
          "high": {
            "url": "https://i.ytimg.com/vi/5vFXwm-1_jk/hqdefault.jpg",
            "width": 480,
            "height": 360
          }
        },
        "channelTitle": "TEDxMaastricht",
        "liveBroadcastContent": "none",
        "publishTime": "2014-02-22T11:01:12Z"
      }
    },
    {
      "kind": "youtube#searchResult",
      "etag": "0GpTov2pF2fpRZLqlBvVtVq6MkU",
      "id": {
        "kind": "youtube#video",
        "videoId": "13OiNFPINKc"
      },
      "snippet": {
        "publishedAt": "2007-02-27T19:45:47Z",
        "channelId": "UCF9kPZMCnzyAMzfCsqX94CQ",
        "title": "Malaria: Geld/Money",
        "description": "Malaria! Super 8 movie as videoclip from the 80s. Directed by Dieter Hormel and Brigitte Bühler.",
        "thumbnails": {
          "default": {
            "url": "https://i.ytimg.com/vi/13OiNFPINKc/default.jpg",
            "width": 120,
            "height": 90
          },
          "medium": {
            "url": "https://i.ytimg.com/vi/13OiNFPINKc/mqdefault.jpg",
            "width": 320,
            "height": 180
          },
          "high": {
            "url": "https://i.ytimg.com/vi/13OiNFPINKc/hqdefault.jpg",
            "width": 480,
            "height": 360
          }
        },
        "channelTitle": "Gudrun Gut",
        "liveBroadcastContent": "none",
        "publishTime": "2007-02-27T19:45:47Z"
      }
    },
    {
      "kind": "youtube#searchResult",
      "etag": "SZM-daBau9t20CWosGRzYfxtJtI",
      "id": {
        "kind": "youtube#video",
        "videoId": "9GxxkjhPp2s"
      },
      "snippet": {
        "publishedAt": "2013-08-18T09:42:58Z",
        "channelId": "UCK2KFKvSegNnJV0kjkgJftw",
        "title": "HealthPhone™ Hindi हिन्दी - Treatment: Malaria symptoms should not be neglected; seek immediate ....",
        "description": "http://healthphone.org/ammaji/malaria-treatment.htm - Treatment: Malaria symptoms should not be neglected; immediate ...",
        "thumbnails": {
          "default": {
            "url": "https://i.ytimg.com/vi/9GxxkjhPp2s/default.jpg",
            "width": 120,
            "height": 90
          },
          "medium": {
            "url": "https://i.ytimg.com/vi/9GxxkjhPp2s/mqdefault.jpg",
            "width": 320,
            "height": 180
          },
          "high": {
            "url": "https://i.ytimg.com/vi/9GxxkjhPp2s/hqdefault.jpg",
            "width": 480,
            "height": 360
          }
        },
        "channelTitle": "HealthPhone",
        "liveBroadcastContent": "none",
        "publishTime": "2013-08-18T09:42:58Z"
      }
    },
    {
      "kind": "youtube#searchResult",
      "etag": "g9T1ZiwEpho9E-q8ZAZ2beD_i9M",
      "id": {
        "kind": "youtube#video",
        "videoId": "4NWDUopWHYA"
      },
      "snippet": {
        "publishedAt": "2019-04-25T10:30:00Z",
        "channelId": "UC5NOEUbkLheQcaaRldYW5GA",
        "title": "Malaria: Neuer Impfstoff im Kampf gegen die tödliche Krankheit",
        "description": "Der Weltmalariatag ist ein Tag, der den weltweiten Kampf gegen die Krankheit würdigt. Ein Kampf, der nur mit Moskitonetzen und ...",
        "thumbnails": {
          "default": {
            "url": "https://i.ytimg.com/vi/4NWDUopWHYA/default.jpg",
            "width": 120,
            "height": 90
          },
          "medium": {
            "url": "https://i.ytimg.com/vi/4NWDUopWHYA/mqdefault.jpg",
            "width": 320,
            "height": 180
          },
          "high": {
            "url": "https://i.ytimg.com/vi/4NWDUopWHYA/hqdefault.jpg",
            "width": 480,
            "height": 360
          }
        },
        "channelTitle": "tagesschau",
        "liveBroadcastContent": "none",
        "publishTime": "2019-04-25T10:30:00Z"
      }
    },
    {
      "kind": "youtube#searchResult",
      "etag": "13yFwbPxtHCcYdaVa8IsOd9mwsM",
      "id": {
        "kind": "youtube#video",
        "videoId": "2aEu7LvtiQU"
      },
      "snippet": {
        "publishedAt": "2020-12-15T01:50:35Z",
        "channelId": "UCCygieknWs7uY7HH75g7yCw",
        "title": "malaria en el embarazo",
        "description": "",
        "thumbnails": {
          "default": {
            "url": "https://i.ytimg.com/vi/2aEu7LvtiQU/default.jpg",
            "width": 120,
            "height": 90
          },
          "medium": {
            "url": "https://i.ytimg.com/vi/2aEu7LvtiQU/mqdefault.jpg",
            "width": 320,
            "height": 180
          },
          "high": {
            "url": "https://i.ytimg.com/vi/2aEu7LvtiQU/hqdefault.jpg",
            "width": 480,
            "height": 360
          }
        },
        "channelTitle": "Prevención en Salud 1101",
        "liveBroadcastContent": "none",
        "publishTime": "2020-12-15T01:50:35Z"
      }
    },
    {
      "kind": "youtube#searchResult",
      "etag": "CXMTIqnyTO2EBdb7KDVw5Su8rIA",
      "id": {
        "kind": "youtube#video",
        "videoId": "OEDhe4MPEMc"
      },
      "snippet": {
        "publishedAt": "2009-10-20T07:23:49Z",
        "channelId": "UCtGoC3mowmy2Y3Dg2m5kQdg",
        "title": "Malaria",
        "description": "Protein Lounge animations @ http://www.proteinlounge.com/Animation/Animation.aspx Malaria is a vector-borne infectious ...",
        "thumbnails": {
          "default": {
            "url": "https://i.ytimg.com/vi/OEDhe4MPEMc/default.jpg",
            "width": 120,
            "height": 90
          },
          "medium": {
            "url": "https://i.ytimg.com/vi/OEDhe4MPEMc/mqdefault.jpg",
            "width": 320,
            "height": 180
          },
          "high": {
            "url": "https://i.ytimg.com/vi/OEDhe4MPEMc/hqdefault.jpg",
            "width": 480,
            "height": 360
          }
        },
        "channelTitle": "Proteinlounge",
        "liveBroadcastContent": "none",
        "publishTime": "2009-10-20T07:23:49Z"
      }
    },
    {
      "kind": "youtube#searchResult",
      "etag": "IDAQM8o-f2WW0c-iym0kMnSfvhQ",
      "id": {
        "kind": "youtube#video",
        "videoId": "kkWEaUVJLJs"
      },
      "snippet": {
        "publishedAt": "2020-02-25T16:21:39Z",
        "channelId": "UCi4TtmNXRg5tw8a-6t__aIw",
        "title": "The role of surveillance in malaria elimination",
        "description": "Strong and effective surveillance is fundamental to achieving malaria elimination. Our animation explains the need to strengthen ...",
        "thumbnails": {
          "default": {
            "url": "https://i.ytimg.com/vi/kkWEaUVJLJs/default.jpg",
            "width": 120,
            "height": 90
          },
          "medium": {
            "url": "https://i.ytimg.com/vi/kkWEaUVJLJs/mqdefault.jpg",
            "width": 320,
            "height": 180
          },
          "high": {
            "url": "https://i.ytimg.com/vi/kkWEaUVJLJs/hqdefault.jpg",
            "width": 480,
            "height": 360
          }
        },
        "channelTitle": "Malaria Consortium",
        "liveBroadcastContent": "none",
        "publishTime": "2020-02-25T16:21:39Z"
      }
    },
    {
      "kind": "youtube#searchResult",
      "etag": "FGelTqzOQ9lJwFuMUX1iGyaUQf4",
      "id": {
        "kind": "youtube#video",
        "videoId": "UYhqc4JbpLY"
      },
      "snippet": {
        "publishedAt": "2020-06-16T08:00:11Z",
        "channelId": "UCBSC2H9v6xuxH0YSfqx_O9w",
        "title": "Malaria: symptoms, causes, species and treatment of malaria in Hindi/Urdu - Biology Lectures",
        "description": "In this lecture, you will learn all abaout malaria diseas, what is malaria, species of malaria, causes of malaria, malaria parasite ...",
        "thumbnails": {
          "default": {
            "url": "https://i.ytimg.com/vi/UYhqc4JbpLY/default.jpg",
            "width": 120,
            "height": 90
          },
          "medium": {
            "url": "https://i.ytimg.com/vi/UYhqc4JbpLY/mqdefault.jpg",
            "width": 320,
            "height": 180
          },
          "high": {
            "url": "https://i.ytimg.com/vi/UYhqc4JbpLY/hqdefault.jpg",
            "width": 480,
            "height": 360
          }
        },
        "channelTitle": "Dr Irfan Lectures",
        "liveBroadcastContent": "none",
        "publishTime": "2020-06-16T08:00:11Z"
      }
    },
    {
      "kind": "youtube#searchResult",
      "etag": "cdmgyjPelrjn0F1PSiF94NFEO5s",
      "id": {
        "kind": "youtube#video",
        "videoId": "bOoAnECyZTE"
      },
      "snippet": {
        "publishedAt": "2020-09-30T01:00:13Z",
        "channelId": "UCVdliONKjgvIwGk7Ew7BYvQ",
        "title": "Tatalaksana Malaria, Obat-obatan Malaria, Cara mudah Menghafalkan, UKMPPD Infeksi Tropis",
        "description": "For online UKMPPD class & Business inquires: DM via Instagram @prayudac E-mail : chrisan.bp@gmail.com #UKMPPD ...",
        "thumbnails": {
          "default": {
            "url": "https://i.ytimg.com/vi/bOoAnECyZTE/default.jpg",
            "width": 120,
            "height": 90
          },
          "medium": {
            "url": "https://i.ytimg.com/vi/bOoAnECyZTE/mqdefault.jpg",
            "width": 320,
            "height": 180
          },
          "high": {
            "url": "https://i.ytimg.com/vi/bOoAnECyZTE/hqdefault.jpg",
            "width": 480,
            "height": 360
          }
        },
        "channelTitle": "Chrisan Bimo",
        "liveBroadcastContent": "none",
        "publishTime": "2020-09-30T01:00:13Z"
      }
    },
    {
      "kind": "youtube#searchResult",
      "etag": "_eAtY6SBHWkWVmBt-f0aElgaG_0",
      "id": {
        "kind": "youtube#video",
        "videoId": "BEA_exDwvXg"
      },
      "snippet": {
        "publishedAt": "2022-01-19T10:28:02Z",
        "channelId": "UCYbFCdcMfA68ZvJO__zTUjg",
        "title": "Life Cycle of Plasmodium | Malaria Parasite | CLASS XII | NEET",
        "description": "Malaria is transmitted to humans by the bite of female Anopheles mosquito. The blood stage parasites are responsible for causing ...",
        "thumbnails": {
          "default": {
            "url": "https://i.ytimg.com/vi/BEA_exDwvXg/default.jpg",
            "width": 120,
            "height": 90
          },
          "medium": {
            "url": "https://i.ytimg.com/vi/BEA_exDwvXg/mqdefault.jpg",
            "width": 320,
            "height": 180
          },
          "high": {
            "url": "https://i.ytimg.com/vi/BEA_exDwvXg/hqdefault.jpg",
            "width": 480,
            "height": 360
          }
        },
        "channelTitle": "Biology at Ease",
        "liveBroadcastContent": "none",
        "publishTime": "2022-01-19T10:28:02Z"
      }
    },
    {
      "kind": "youtube#searchResult",
      "etag": "k2HcIW63bBs3gRn8kda4RH_xTtg",
      "id": {
        "kind": "youtube#video",
        "videoId": "W6TgP5RlsDQ"
      },
      "snippet": {
        "publishedAt": "2019-01-11T15:13:44Z",
        "channelId": "UCCCPCZNChQdGa9EkATeye4g",
        "title": "Malaria business : les laboratoires contre la médecine naturelle ? • FRANCE 24",
        "description": "Abonnez-vous à notre chaîne sur YouTube : http://f24.my/youtube En DIRECT - Suivez FRANCE 24 ici : http://f24.my/YTliveFR ...",
        "thumbnails": {
          "default": {
            "url": "https://i.ytimg.com/vi/W6TgP5RlsDQ/default.jpg",
            "width": 120,
            "height": 90
          },
          "medium": {
            "url": "https://i.ytimg.com/vi/W6TgP5RlsDQ/mqdefault.jpg",
            "width": 320,
            "height": 180
          },
          "high": {
            "url": "https://i.ytimg.com/vi/W6TgP5RlsDQ/hqdefault.jpg",
            "width": 480,
            "height": 360
          }
        },
        "channelTitle": "FRANCE 24",
        "liveBroadcastContent": "none",
        "publishTime": "2019-01-11T15:13:44Z"
      }
    },
    {
      "kind": "youtube#searchResult",
      "etag": "A6CwPVQO0MZ81i7GVlfR_b9Vcrc",
      "id": {
        "kind": "youtube#video",
        "videoId": "lx8_cR1YR7k"
      },
      "snippet": {
        "publishedAt": "2012-02-08T20:31:23Z",
        "channelId": "UCowJFiWiPWjvdwqoXyKU1eg",
        "title": "KO Palu Malaria Anthem - Cameroon",
        "description": "",
        "thumbnails": {
          "default": {
            "url": "https://i.ytimg.com/vi/lx8_cR1YR7k/default.jpg",
            "width": 120,
            "height": 90
          },
          "medium": {
            "url": "https://i.ytimg.com/vi/lx8_cR1YR7k/mqdefault.jpg",
            "width": 320,
            "height": 180
          },
          "high": {
            "url": "https://i.ytimg.com/vi/lx8_cR1YR7k/hqdefault.jpg",
            "width": 480,
            "height": 360
          }
        },
        "channelTitle": "Malaria No More",
        "liveBroadcastContent": "none",
        "publishTime": "2012-02-08T20:31:23Z"
      }
    },
    {
      "kind": "youtube#searchResult",
      "etag": "CczyCeZ3PY7r88YVeEGlIU4huJo",
      "id": {
        "kind": "youtube#video",
        "videoId": "4h8ey6Ip-aQ"
      },
      "snippet": {
        "publishedAt": "2020-11-07T12:59:05Z",
        "channelId": "UC_99xej_U1OmrMevRU5ecEA",
        "title": "मलेरिया (Malaria)| malaria Rog | Spread of Disease | Symptoms | Causes | Treatment | prevention",
        "description": "मलेरिया (Malaria) रोगजनन एवं लक्षण (Pathogenicity and Symptoms) : मलेरिया बुखार एककोशिकी प्रोटोजोअन ...",
        "thumbnails": {
          "default": {
            "url": "https://i.ytimg.com/vi/4h8ey6Ip-aQ/default.jpg",
            "width": 120,
            "height": 90
          },
          "medium": {
            "url": "https://i.ytimg.com/vi/4h8ey6Ip-aQ/mqdefault.jpg",
            "width": 320,
            "height": 180
          },
          "high": {
            "url": "https://i.ytimg.com/vi/4h8ey6Ip-aQ/hqdefault.jpg",
            "width": 480,
            "height": 360
          }
        },
        "channelTitle": "Biology ScienceSK",
        "liveBroadcastContent": "none",
        "publishTime": "2020-11-07T12:59:05Z"
      }
    },
    {
      "kind": "youtube#searchResult",
      "etag": "E0RMHW8Ir05pkOd8JYtH-ijdK94",
      "id": {
        "kind": "youtube#video",
        "videoId": "BkOzYJcAwFA"
      },
      "snippet": {
        "publishedAt": "2020-10-04T08:34:26Z",
        "channelId": "UCxT_ot3XD111IsI-XSFrRfg",
        "title": "Malaria in hindi | Malaria ke lakshan |  malaria test | malaria parasite | malaria antigen test",
        "description": "mltlab_manual #mlt_lab #mltlab #mlt #labtest #malariafever #malariatest #malariasymptoms #malariatreatment Hello, Friends I'm ...",
        "thumbnails": {
          "default": {
            "url": "https://i.ytimg.com/vi/BkOzYJcAwFA/default.jpg",
            "width": 120,
            "height": 90
          },
          "medium": {
            "url": "https://i.ytimg.com/vi/BkOzYJcAwFA/mqdefault.jpg",
            "width": 320,
            "height": 180
          },
          "high": {
            "url": "https://i.ytimg.com/vi/BkOzYJcAwFA/hqdefault.jpg",
            "width": 480,
            "height": 360
          }
        },
        "channelTitle": "MLTLab Manual",
        "liveBroadcastContent": "none",
        "publishTime": "2020-10-04T08:34:26Z"
      }
    },
    {
      "kind": "youtube#searchResult",
      "etag": "_QninZ_mvYKjZSUGsWy8W-kBK-w",
      "id": {
        "kind": "youtube#video",
        "videoId": "xJ_7nZCrEVM"
      },
      "snippet": {
        "publishedAt": "2015-01-07T21:51:17Z",
        "channelId": "UCTp0PrexDQCj60zQlkzAEFw",
        "title": "¿Cómo prevenir la malaria?",
        "description": "Especialistas sugirieron a las personas acudir al médico apenas sientan los síntomas iniciales, pues afirman que un diagnóstico ...",
        "thumbnails": {
          "default": {
            "url": "https://i.ytimg.com/vi/xJ_7nZCrEVM/default.jpg",
            "width": 120,
            "height": 90
          },
          "medium": {
            "url": "https://i.ytimg.com/vi/xJ_7nZCrEVM/mqdefault.jpg",
            "width": 320,
            "height": 180
          },
          "high": {
            "url": "https://i.ytimg.com/vi/xJ_7nZCrEVM/hqdefault.jpg",
            "width": 480,
            "height": 360
          }
        },
        "channelTitle": "Globovisión Videos",
        "liveBroadcastContent": "none",
        "publishTime": "2015-01-07T21:51:17Z"
      }
    },
    {
      "kind": "youtube#searchResult",
      "etag": "CrwOv43rVrBpwQ8ryc3ZPC5N7m0",
      "id": {
        "kind": "youtube#video",
        "videoId": "ZjXE6DIvOZM"
      },
      "snippet": {
        "publishedAt": "2021-08-19T02:48:38Z",
        "channelId": "UC4s6IMlO9DkyI_bSklVRe9A",
        "title": "मलेरिया टेस्ट || Malaria Test || malaria test by rapid card method practically in a Laboratory",
        "description": "मलेरिया टेस्ट || Malaria Test || malaria test by rapid card method practically in a Laboratory Hi, I Am #PremBhatia welcome to ...",
        "thumbnails": {
          "default": {
            "url": "https://i.ytimg.com/vi/ZjXE6DIvOZM/default.jpg",
            "width": 120,
            "height": 90
          },
          "medium": {
            "url": "https://i.ytimg.com/vi/ZjXE6DIvOZM/mqdefault.jpg",
            "width": 320,
            "height": 180
          },
          "high": {
            "url": "https://i.ytimg.com/vi/ZjXE6DIvOZM/hqdefault.jpg",
            "width": 480,
            "height": 360
          }
        },
        "channelTitle": "Prem Bhatia Academy",
        "liveBroadcastContent": "none",
        "publishTime": "2021-08-19T02:48:38Z"
      }
    },
    {
      "kind": "youtube#searchResult",
      "etag": "HHeAh8pE2t3XbXxMIT78QFEsgz0",
      "id": {
        "kind": "youtube#video",
        "videoId": "OvC4uSYprU8"
      },
      "snippet": {
        "publishedAt": "2019-01-11T15:32:15Z",
        "channelId": "UCQfwfsi5VrQ8yKZ-UWmAEFg",
        "title": "The malaria business: Big pharma vs natural medicine",
        "description": "Subscribe to France 24 now: http://f24.my/youtubeEN FRANCE 24 live news stream: all the latest news 24/7 http://f24.my/YTliveEN ...",
        "thumbnails": {
          "default": {
            "url": "https://i.ytimg.com/vi/OvC4uSYprU8/default.jpg",
            "width": 120,
            "height": 90
          },
          "medium": {
            "url": "https://i.ytimg.com/vi/OvC4uSYprU8/mqdefault.jpg",
            "width": 320,
            "height": 180
          },
          "high": {
            "url": "https://i.ytimg.com/vi/OvC4uSYprU8/hqdefault.jpg",
            "width": 480,
            "height": 360
          }
        },
        "channelTitle": "FRANCE 24 English",
        "liveBroadcastContent": "none",
        "publishTime": "2019-01-11T15:32:15Z"
      }
    },
    {
      "kind": "youtube#searchResult",
      "etag": "Uvyaddi4zI3tNfaclbK9D0-t8Bs",
      "id": {
        "kind": "youtube#video",
        "videoId": "UcoYNkb8LyE"
      },
      "snippet": {
        "publishedAt": "2020-03-28T16:20:29Z",
        "channelId": "UCl_GQ7nSZER9wa8kL3Dl_hw",
        "title": "Sickle Cell Anemia &amp; Malaria",
        "description": "",
        "thumbnails": {
          "default": {
            "url": "https://i.ytimg.com/vi/UcoYNkb8LyE/default.jpg",
            "width": 120,
            "height": 90
          },
          "medium": {
            "url": "https://i.ytimg.com/vi/UcoYNkb8LyE/mqdefault.jpg",
            "width": 320,
            "height": 180
          },
          "high": {
            "url": "https://i.ytimg.com/vi/UcoYNkb8LyE/hqdefault.jpg",
            "width": 480,
            "height": 360
          }
        },
        "channelTitle": "John Peters",
        "liveBroadcastContent": "none",
        "publishTime": "2020-03-28T16:20:29Z"
      }
    },
    {
      "kind": "youtube#searchResult",
      "etag": "cP4HJrQA9tiE2ka9md2YEDe6J8Y",
      "id": {
        "kind": "youtube#video",
        "videoId": "c6g2ILL--Rw"
      },
      "snippet": {
        "publishedAt": "2017-09-13T15:57:08Z",
        "channelId": "UCAY-SMFNfynqz1bdoaV8BeQ",
        "title": "Predicting Malaria Outbreaks With NASA Satellites",
        "description": "In the Amazon Rainforest, few animals are as dangerous to humans as mosquitos that transmit malaria. The tropical disease can ...",
        "thumbnails": {
          "default": {
            "url": "https://i.ytimg.com/vi/c6g2ILL--Rw/default.jpg",
            "width": 120,
            "height": 90
          },
          "medium": {
            "url": "https://i.ytimg.com/vi/c6g2ILL--Rw/mqdefault.jpg",
            "width": 320,
            "height": 180
          },
          "high": {
            "url": "https://i.ytimg.com/vi/c6g2ILL--Rw/hqdefault.jpg",
            "width": 480,
            "height": 360
          }
        },
        "channelTitle": "NASA Goddard",
        "liveBroadcastContent": "none",
        "publishTime": "2017-09-13T15:57:08Z"
      }
    },
    {
      "kind": "youtube#searchResult",
      "etag": "z8A9ckilgEFb6gKgJJ3yhdURn2I",
      "id": {
        "kind": "youtube#video",
        "videoId": "B8ffIrsE4Qs"
      },
      "snippet": {
        "publishedAt": "2021-09-23T13:30:10Z",
        "channelId": "UCYkvHWNpYncFgNwsO8Kpjmg",
        "title": "Malaria Slide Staining | JSB Staining",
        "description": "Is video me hamne Malaria slide staining jsb staining ke baare me bataya hai. malaria full class link-https://youtu.be/ ...",
        "thumbnails": {
          "default": {
            "url": "https://i.ytimg.com/vi/B8ffIrsE4Qs/default.jpg",
            "width": 120,
            "height": 90
          },
          "medium": {
            "url": "https://i.ytimg.com/vi/B8ffIrsE4Qs/mqdefault.jpg",
            "width": 320,
            "height": 180
          },
          "high": {
            "url": "https://i.ytimg.com/vi/B8ffIrsE4Qs/hqdefault.jpg",
            "width": 480,
            "height": 360
          }
        },
        "channelTitle": "Medical Lab Technologist Dinesh",
        "liveBroadcastContent": "none",
        "publishTime": "2021-09-23T13:30:10Z"
      }
    },
    {
      "kind": "youtube#searchResult",
      "etag": "GSo2wJtfMA2kMKTOTyHJcwqtTKg",
      "id": {
        "kind": "youtube#video",
        "videoId": "vmanXIx6mA0"
      },
      "snippet": {
        "publishedAt": "2019-01-27T03:30:28Z",
        "channelId": "UCUdOoVWuWmgo1wByzcsyKDQ",
        "title": "El negocio de la malaria: la gran farmacia frente a la medicina natural",
        "description": "China ha mantenido sus conocimientos particulares para el tratamiento de algunas enfermedades, una de ellas la malaria.",
        "thumbnails": {
          "default": {
            "url": "https://i.ytimg.com/vi/vmanXIx6mA0/default.jpg",
            "width": 120,
            "height": 90
          },
          "medium": {
            "url": "https://i.ytimg.com/vi/vmanXIx6mA0/mqdefault.jpg",
            "width": 320,
            "height": 180
          },
          "high": {
            "url": "https://i.ytimg.com/vi/vmanXIx6mA0/hqdefault.jpg",
            "width": 480,
            "height": 360
          }
        },
        "channelTitle": "FRANCE 24 Español",
        "liveBroadcastContent": "none",
        "publishTime": "2019-01-27T03:30:28Z"
      }
    },
    {
      "kind": "youtube#searchResult",
      "etag": "NjxzIzh3htqzCyX4KBTP_yTw-Yo",
      "id": {
        "kind": "youtube#video",
        "videoId": "kcwBH_Uevxo"
      },
      "snippet": {
        "publishedAt": "2010-05-11T15:02:52Z",
        "channelId": "UCAuUUnT6oDeKwE6v1NGQxug",
        "title": "Nathan Myhrvold: Could this laser zap malaria?",
        "description": "http://www.ted.com Nathan Myhrvold and team's latest inventions -- as brilliant as they are bold -- remind us that the world needs ...",
        "thumbnails": {
          "default": {
            "url": "https://i.ytimg.com/vi/kcwBH_Uevxo/default.jpg",
            "width": 120,
            "height": 90
          },
          "medium": {
            "url": "https://i.ytimg.com/vi/kcwBH_Uevxo/mqdefault.jpg",
            "width": 320,
            "height": 180
          },
          "high": {
            "url": "https://i.ytimg.com/vi/kcwBH_Uevxo/hqdefault.jpg",
            "width": 480,
            "height": 360
          }
        },
        "channelTitle": "TED",
        "liveBroadcastContent": "none",
        "publishTime": "2010-05-11T15:02:52Z"
      }
    },
    {
      "kind": "youtube#searchResult",
      "etag": "Z3bZOssN5G-pgzEHA7gJU3s9utk",
      "id": {
        "kind": "youtube#video",
        "videoId": "v-RlynDVa8s"
      },
      "snippet": {
        "publishedAt": "2018-07-06T10:41:42Z",
        "channelId": "UCaHnlPESPNp2CtfyceCxBkQ",
        "title": "Rapikit Malaria Antigen PF/PV Rapid Test Instructional Video",
        "description": "For more information, please visit http://www.rapikit.com A Quality Product of Nectar Lifesciences Ltd.",
        "thumbnails": {
          "default": {
            "url": "https://i.ytimg.com/vi/v-RlynDVa8s/default.jpg",
            "width": 120,
            "height": 90
          },
          "medium": {
            "url": "https://i.ytimg.com/vi/v-RlynDVa8s/mqdefault.jpg",
            "width": 320,
            "height": 180
          },
          "high": {
            "url": "https://i.ytimg.com/vi/v-RlynDVa8s/hqdefault.jpg",
            "width": 480,
            "height": 360
          }
        },
        "channelTitle": "Dr Trust (Nureca)",
        "liveBroadcastContent": "none",
        "publishTime": "2018-07-06T10:41:42Z"
      }
    },
    {
      "kind": "youtube#searchResult",
      "etag": "kabkK8cSbiYmIa1BbLUqh_XUIRM",
      "id": {
        "kind": "youtube#video",
        "videoId": "ttkDD7juwWQ"
      },
      "snippet": {
        "publishedAt": "2018-12-13T00:39:24Z",
        "channelId": "UCnHEz9DZ6EAof1-DaQGD_Xw",
        "title": "I Almost Died from Severe Malaria",
        "description": "After a month in Africa, I got a very high fever, chills and flu-like symptoms. It was one of the deadliest illnesses in the world ...",
        "thumbnails": {
          "default": {
            "url": "https://i.ytimg.com/vi/ttkDD7juwWQ/default.jpg",
            "width": 120,
            "height": 90
          },
          "medium": {
            "url": "https://i.ytimg.com/vi/ttkDD7juwWQ/mqdefault.jpg",
            "width": 320,
            "height": 180
          },
          "high": {
            "url": "https://i.ytimg.com/vi/ttkDD7juwWQ/hqdefault.jpg",
            "width": 480,
            "height": 360
          }
        },
        "channelTitle": "PPPeter",
        "liveBroadcastContent": "none",
        "publishTime": "2018-12-13T00:39:24Z"
      }
    },
    {
      "kind": "youtube#searchResult",
      "etag": "jXeJYNxxQCgikvcYSnSmrEt7UZs",
      "id": {
        "kind": "youtube#video",
        "videoId": "FSuRfskl48w"
      },
      "snippet": {
        "publishedAt": "2017-09-15T12:00:01Z",
        "channelId": "UCKJyv_uNh3LhYFKmwaB63bA",
        "title": "Vector biology and malaria transmission",
        "description": "From our free online course, “MalariaX: Defeating Malaria from the Genes to the Globe”: ...",
        "thumbnails": {
          "default": {
            "url": "https://i.ytimg.com/vi/FSuRfskl48w/default.jpg",
            "width": 120,
            "height": 90
          },
          "medium": {
            "url": "https://i.ytimg.com/vi/FSuRfskl48w/mqdefault.jpg",
            "width": 320,
            "height": 180
          },
          "high": {
            "url": "https://i.ytimg.com/vi/FSuRfskl48w/hqdefault.jpg",
            "width": 480,
            "height": 360
          }
        },
        "channelTitle": "HarvardX",
        "liveBroadcastContent": "none",
        "publishTime": "2017-09-15T12:00:01Z"
      }
    },
    {
      "kind": "youtube#searchResult",
      "etag": "-PWUrKrbqq_3D0gQ_6Ct_nnTtrA",
      "id": {
        "kind": "youtube#video",
        "videoId": "JWJT0r8e-3s"
      },
      "snippet": {
        "publishedAt": "2014-10-11T11:09:06Z",
        "channelId": "UC2u8DRz3KhzXo9h3g__ZhzQ",
        "title": "Mücken als Kampf gegen Malaria - FUTURE - ARTE",
        "description": "www.futuremag.de Mit mehr als 600 000 Opfern jährlich gilt Malaria als die am weitesten verbreitete Ansteckungskrankheit durch ...",
        "thumbnails": {
          "default": {
            "url": "https://i.ytimg.com/vi/JWJT0r8e-3s/default.jpg",
            "width": 120,
            "height": 90
          },
          "medium": {
            "url": "https://i.ytimg.com/vi/JWJT0r8e-3s/mqdefault.jpg",
            "width": 320,
            "height": 180
          },
          "high": {
            "url": "https://i.ytimg.com/vi/JWJT0r8e-3s/hqdefault.jpg",
            "width": 480,
            "height": 360
          }
        },
        "channelTitle": "FUTUREMAG - ARTE",
        "liveBroadcastContent": "none",
        "publishTime": "2014-10-11T11:09:06Z"
      }
    },
    {
      "kind": "youtube#searchResult",
      "etag": "gEfxevxmWf5nejGf9_cbOA0l2BE",
      "id": {
        "kind": "youtube#video",
        "videoId": "Vo9Sn2kFDo4"
      },
      "snippet": {
        "publishedAt": "2020-01-07T02:33:21Z",
        "channelId": "UCsNGtpqGsyw0U6qEG-WHadA",
        "title": "DJI - Fighting Malaria with Drones",
        "description": "Malaria ranks amongst the world's deadliest diseases and has claimed over 52 billion lives. Although significant progress has ...",
        "thumbnails": {
          "default": {
            "url": "https://i.ytimg.com/vi/Vo9Sn2kFDo4/default.jpg",
            "width": 120,
            "height": 90
          },
          "medium": {
            "url": "https://i.ytimg.com/vi/Vo9Sn2kFDo4/mqdefault.jpg",
            "width": 320,
            "height": 180
          },
          "high": {
            "url": "https://i.ytimg.com/vi/Vo9Sn2kFDo4/hqdefault.jpg",
            "width": 480,
            "height": 360
          }
        },
        "channelTitle": "DJI",
        "liveBroadcastContent": "none",
        "publishTime": "2020-01-07T02:33:21Z"
      }
    },
    {
      "kind": "youtube#searchResult",
      "etag": "y8bD0LpzznDdWBqCw8icmg1bNjg",
      "id": {
        "kind": "youtube#video",
        "videoId": "6PLV3H8ZgWA"
      },
      "snippet": {
        "publishedAt": "2021-04-24T05:30:00Z",
        "channelId": "UCvhPRRiwI1_p4OBsY0yz6mg",
        "title": "24 hrs with the only doctor on the malaria ward - BBC Africa",
        "description": "Dr. Fasomoyin Oluwaseyi works at the Kamakwie Wesleyan Hospital in the northern region of Sierra Leone. The hospital serves ...",
        "thumbnails": {
          "default": {
            "url": "https://i.ytimg.com/vi/6PLV3H8ZgWA/default.jpg",
            "width": 120,
            "height": 90
          },
          "medium": {
            "url": "https://i.ytimg.com/vi/6PLV3H8ZgWA/mqdefault.jpg",
            "width": 320,
            "height": 180
          },
          "high": {
            "url": "https://i.ytimg.com/vi/6PLV3H8ZgWA/hqdefault.jpg",
            "width": 480,
            "height": 360
          }
        },
        "channelTitle": "BBC News Africa",
        "liveBroadcastContent": "none",
        "publishTime": "2021-04-24T05:30:00Z"
      }
    },
    {
      "kind": "youtube#searchResult",
      "etag": "c2CyfDGnCw5_S9H-U5hrTM8UILw",
      "id": {
        "kind": "youtube#video",
        "videoId": "fIEjhsS4o4M"
      },
      "snippet": {
        "publishedAt": "2018-04-25T12:30:01Z",
        "channelId": "UCtTovBxKibpMERIQNNof0kg",
        "title": "Kenali Malaria, penyebab dan pencegahannya bersama Dokter Jolinda Johary / Go Dok Indonesia",
        "description": "Malaria adalah salah satu penyakit tropis yang dapat mengancam jiwa. Gejala-gejala yang tampak dari penyakit ini disebut ...",
        "thumbnails": {
          "default": {
            "url": "https://i.ytimg.com/vi/fIEjhsS4o4M/default.jpg",
            "width": 120,
            "height": 90
          },
          "medium": {
            "url": "https://i.ytimg.com/vi/fIEjhsS4o4M/mqdefault.jpg",
            "width": 320,
            "height": 180
          },
          "high": {
            "url": "https://i.ytimg.com/vi/fIEjhsS4o4M/hqdefault.jpg",
            "width": 480,
            "height": 360
          }
        },
        "channelTitle": "Go Dok Indonesia",
        "liveBroadcastContent": "none",
        "publishTime": "2018-04-25T12:30:01Z"
      }
    },
    {
      "kind": "youtube#searchResult",
      "etag": "o2wo9wYrpDAzinAM3_FrqPEeNEE",
      "id": {
        "kind": "youtube#video",
        "videoId": "o_xFEqBC89A"
      },
      "snippet": {
        "publishedAt": "2017-09-26T06:51:08Z",
        "channelId": "UCRscjoipTsl5ZIRiVBNSRrQ",
        "title": "10 Malaria Facts",
        "description": "Instagram: https://www.instagram.com/philipswart/ Facebook: https://www.facebook.com/traveltalkwithphilip/ In this episode I give ...",
        "thumbnails": {
          "default": {
            "url": "https://i.ytimg.com/vi/o_xFEqBC89A/default.jpg",
            "width": 120,
            "height": 90
          },
          "medium": {
            "url": "https://i.ytimg.com/vi/o_xFEqBC89A/mqdefault.jpg",
            "width": 320,
            "height": 180
          },
          "high": {
            "url": "https://i.ytimg.com/vi/o_xFEqBC89A/hqdefault.jpg",
            "width": 480,
            "height": 360
          }
        },
        "channelTitle": "Philip Swart",
        "liveBroadcastContent": "none",
        "publishTime": "2017-09-26T06:51:08Z"
      }
    },
    {
      "kind": "youtube#searchResult",
      "etag": "nmW_f6I14cLJCrocrs0CxdXYeOI",
      "id": {
        "kind": "youtube#video",
        "videoId": "wtUREE1BryM"
      },
      "snippet": {
        "publishedAt": "2017-06-24T19:18:24Z",
        "channelId": "UCFKg7hJdIitGtq4B-nxW0eQ",
        "title": "Malaria! - Emotion",
        "description": "Malaria! - Emotion (1982) Moabit Musik 0:00 Geld (Money) 4:03 Leidenschaft (Passion) 7:55 Eifersucht (Jealousy) 11:05 Einsam ...",
        "thumbnails": {
          "default": {
            "url": "https://i.ytimg.com/vi/wtUREE1BryM/default.jpg",
            "width": 120,
            "height": 90
          },
          "medium": {
            "url": "https://i.ytimg.com/vi/wtUREE1BryM/mqdefault.jpg",
            "width": 320,
            "height": 180
          },
          "high": {
            "url": "https://i.ytimg.com/vi/wtUREE1BryM/hqdefault.jpg",
            "width": 480,
            "height": 360
          }
        },
        "channelTitle": "Harakiri Diat",
        "liveBroadcastContent": "none",
        "publishTime": "2017-06-24T19:18:24Z"
      }
    },
    {
      "kind": "youtube#searchResult",
      "etag": "HmEXiafu6ctWvjEJrcFnWqt36Y0",
      "id": {
        "kind": "youtube#video",
        "videoId": "xAxUbN7wp7U"
      },
      "snippet": {
        "publishedAt": "2021-10-28T04:25:18Z",
        "channelId": "UCJnpF9oROFPvd7wWbPUDdGA",
        "title": "Man treated for rare strand of malaria at UNM Hospital",
        "description": "Man treated for rare strand of malaria at UNM Hospital.",
        "thumbnails": {
          "default": {
            "url": "https://i.ytimg.com/vi/xAxUbN7wp7U/default.jpg",
            "width": 120,
            "height": 90
          },
          "medium": {
            "url": "https://i.ytimg.com/vi/xAxUbN7wp7U/mqdefault.jpg",
            "width": 320,
            "height": 180
          },
          "high": {
            "url": "https://i.ytimg.com/vi/xAxUbN7wp7U/hqdefault.jpg",
            "width": 480,
            "height": 360
          }
        },
        "channelTitle": "KRQE",
        "liveBroadcastContent": "none",
        "publishTime": "2021-10-28T04:25:18Z"
      }
    },
    {
      "kind": "youtube#searchResult",
      "etag": "dehw1odCgWkH0Tg-ZeNUiymjP48",
      "id": {
        "kind": "youtube#video",
        "videoId": "7GGATVfuA0g"
      },
      "snippet": {
        "publishedAt": "2018-06-04T10:12:58Z",
        "channelId": "UCFp7qtol6OFx5jpLbZLEBeA",
        "title": "Malaria and Prevention - Hindi | Dr V.K Thakur, Paras Patna #पारसहॉस्पिटलपटना",
        "description": "पारस हॉस्पिटल पटना | Paras Hospital Patna Doctor's Informative Video on Malaria and Prevention - Hindi by Dr V.K Thakur, ...",
        "thumbnails": {
          "default": {
            "url": "https://i.ytimg.com/vi/7GGATVfuA0g/default.jpg",
            "width": 120,
            "height": 90
          },
          "medium": {
            "url": "https://i.ytimg.com/vi/7GGATVfuA0g/mqdefault.jpg",
            "width": 320,
            "height": 180
          },
          "high": {
            "url": "https://i.ytimg.com/vi/7GGATVfuA0g/hqdefault.jpg",
            "width": 480,
            "height": 360
          }
        },
        "channelTitle": "Paras Healthcare",
        "liveBroadcastContent": "none",
        "publishTime": "2018-06-04T10:12:58Z"
      }
    },
    {
      "kind": "youtube#searchResult",
      "etag": "JEH1F-7DbX2aJVgimnIqLqv0fyc",
      "id": {
        "kind": "youtube#video",
        "videoId": "ArVvLJwZY5I"
      },
      "snippet": {
        "publishedAt": "2021-11-17T06:18:39Z",
        "channelId": "UCq7waL4uXp7Sr0PbNsd_zJw",
        "title": "Malaria Parasites Blood stages Identification Training  - Quiz 2",
        "description": "Hello Viewers !!! Welcome to Aladdin Creations !!! My Name Is Kavindu Lakmal , Medical Laboratory Scientist graduated ...",
        "thumbnails": {
          "default": {
            "url": "https://i.ytimg.com/vi/ArVvLJwZY5I/default.jpg",
            "width": 120,
            "height": 90
          },
          "medium": {
            "url": "https://i.ytimg.com/vi/ArVvLJwZY5I/mqdefault.jpg",
            "width": 320,
            "height": 180
          },
          "high": {
            "url": "https://i.ytimg.com/vi/ArVvLJwZY5I/hqdefault.jpg",
            "width": 480,
            "height": 360
          }
        },
        "channelTitle": "Aladdin Creations",
        "liveBroadcastContent": "none",
        "publishTime": "2021-11-17T06:18:39Z"
      }
    },
    {
      "kind": "youtube#searchResult",
      "etag": "iKuCN6pZwWymOCbv7wLmnJ8oDtg",
      "id": {
        "kind": "youtube#video",
        "videoId": "mfzObhMrsA4"
      },
      "snippet": {
        "publishedAt": "2017-06-23T15:00:30Z",
        "channelId": "UC9cGX5x0_EXkdfmWlvPbu3g",
        "title": "Malaria Nightmares Become A Reality | Monsters Inside Me",
        "description": "Kelly returns from studying in Ghana and contracts Malaria Subscribe to Discovery TV for more great clips: ...",
        "thumbnails": {
          "default": {
            "url": "https://i.ytimg.com/vi/mfzObhMrsA4/default.jpg",
            "width": 120,
            "height": 90
          },
          "medium": {
            "url": "https://i.ytimg.com/vi/mfzObhMrsA4/mqdefault.jpg",
            "width": 320,
            "height": 180
          },
          "high": {
            "url": "https://i.ytimg.com/vi/mfzObhMrsA4/hqdefault.jpg",
            "width": 480,
            "height": 360
          }
        },
        "channelTitle": "Discovery UK",
        "liveBroadcastContent": "none",
        "publishTime": "2017-06-23T15:00:30Z"
      }
    }
  ]
}
