{
  "kind": "youtube#searchListResponse",
  "etag": "f6ypEX5S0DuHOt-PkoUhXwaLNlo",
  "nextPageToken": "CKwCEAA",
  "prevPageToken": "CPoBEAE",
  "regionCode": "NL",
  "pageInfo": {
    "totalResults": 1000000,
    "resultsPerPage": 50
  },
  "items": [
    {
      "kind": "youtube#searchResult",
      "etag": "Dbh7LQjVYT_77jJIBFBsETfTJFc",
      "id": {
        "kind": "youtube#video",
        "videoId": "K7dN1NfaVzs"
      },
      "snippet": {
        "publishedAt": "2021-07-12T13:00:07Z",
        "channelId": "UCnrU0DFwit4WvggrWXcPGHw",
        "title": "Malaria leicht erklärt | Eselsbrücken für Infektiologie",
        "description": "Mit unseren bildlichen Eselsbrücken kannst Du das Wichtigste über Malaria (Teil 1) schnell lernen und verstehen. Wir erklären Dir ...",
        "thumbnails": {
          "default": {
            "url": "https://i.ytimg.com/vi/K7dN1NfaVzs/default.jpg",
            "width": 120,
            "height": 90
          },
          "medium": {
            "url": "https://i.ytimg.com/vi/K7dN1NfaVzs/mqdefault.jpg",
            "width": 320,
            "height": 180
          },
          "high": {
            "url": "https://i.ytimg.com/vi/K7dN1NfaVzs/hqdefault.jpg",
            "width": 480,
            "height": 360
          }
        },
        "channelTitle": "Meditricks",
        "liveBroadcastContent": "none",
        "publishTime": "2021-07-12T13:00:07Z"
      }
    },
    {
      "kind": "youtube#searchResult",
      "etag": "oC3ewgbFP5LvuQJxeTHhOTeCyIo",
      "id": {
        "kind": "youtube#video",
        "videoId": "rvT61N1tzPc"
      },
      "snippet": {
        "publishedAt": "2021-09-16T13:30:07Z",
        "channelId": "UCYkvHWNpYncFgNwsO8Kpjmg",
        "title": "Malaria Antigen Test | How to Perform Malaria Antigen Test",
        "description": "Is video me hamne. My second you tube channel ...",
        "thumbnails": {
          "default": {
            "url": "https://i.ytimg.com/vi/rvT61N1tzPc/default.jpg",
            "width": 120,
            "height": 90
          },
          "medium": {
            "url": "https://i.ytimg.com/vi/rvT61N1tzPc/mqdefault.jpg",
            "width": 320,
            "height": 180
          },
          "high": {
            "url": "https://i.ytimg.com/vi/rvT61N1tzPc/hqdefault.jpg",
            "width": 480,
            "height": 360
          }
        },
        "channelTitle": "Medical Lab Technologist Dinesh",
        "liveBroadcastContent": "none",
        "publishTime": "2021-09-16T13:30:07Z"
      }
    },
    {
      "kind": "youtube#searchResult",
      "etag": "L44TSsiz1XHV37TMa7D-tHu2Jzw",
      "id": {
        "kind": "youtube#video",
        "videoId": "-RcERm8H79w"
      },
      "snippet": {
        "publishedAt": "2018-03-22T07:58:55Z",
        "channelId": "UCdF5u0ggeSETozc8fsprjcw",
        "title": "Malaria - Life on the Front Line",
        "description": "Sport Relief transports viewers to Uganda in an impressive 360-degree journey of the world's deadliest animal. Narrated by David ...",
        "thumbnails": {
          "default": {
            "url": "https://i.ytimg.com/vi/-RcERm8H79w/default.jpg",
            "width": 120,
            "height": 90
          },
          "medium": {
            "url": "https://i.ytimg.com/vi/-RcERm8H79w/mqdefault.jpg",
            "width": 320,
            "height": 180
          },
          "high": {
            "url": "https://i.ytimg.com/vi/-RcERm8H79w/hqdefault.jpg",
            "width": 480,
            "height": 360
          }
        },
        "channelTitle": "Comic Relief: Red Nose Day",
        "liveBroadcastContent": "none",
        "publishTime": "2018-03-22T07:58:55Z"
      }
    },
    {
      "kind": "youtube#searchResult",
      "etag": "YrTh4CYzCTTNbB8cVJHuGeoKGik",
      "id": {
        "kind": "youtube#video",
        "videoId": "QogXRUBDBJM"
      },
      "snippet": {
        "publishedAt": "2021-10-07T18:47:54Z",
        "channelId": "UCMIgOXM2JEQ2Pv2d0_PVfcg",
        "title": "Durchbruch im Kampf gegen Malaria: WHO empfiehlt Zulassung eines Impfstoffs | DW Nachrichten",
        "description": "Es ist der Impfstoff 'RTS,S', den die WHO zum breiten Einsatz in afrikanischen Ländern empfohlen hat. Das Vakzin soll vor allem ...",
        "thumbnails": {
          "default": {
            "url": "https://i.ytimg.com/vi/QogXRUBDBJM/default.jpg",
            "width": 120,
            "height": 90
          },
          "medium": {
            "url": "https://i.ytimg.com/vi/QogXRUBDBJM/mqdefault.jpg",
            "width": 320,
            "height": 180
          },
          "high": {
            "url": "https://i.ytimg.com/vi/QogXRUBDBJM/hqdefault.jpg",
            "width": 480,
            "height": 360
          }
        },
        "channelTitle": "DW Deutsch",
        "liveBroadcastContent": "none",
        "publishTime": "2021-10-07T18:47:54Z"
      }
    },
    {
      "kind": "youtube#searchResult",
      "etag": "t-bXJoSF2U6wYUbReqattywv2VU",
      "id": {
        "kind": "youtube#video",
        "videoId": "QhKi6q0D6Cg"
      },
      "snippet": {
        "publishedAt": "2016-04-16T09:38:01Z",
        "channelId": "UCwxbo7hFDwqVZdkNrOMXGjQ",
        "title": "Laboratory diagnosis of malaria parasite",
        "description": "Malaria can be diagnosed by demonstration of the parasite(ring form,schizonts,gametocytes etc) from the peripheral blood film ...",
        "thumbnails": {
          "default": {
            "url": "https://i.ytimg.com/vi/QhKi6q0D6Cg/default.jpg",
            "width": 120,
            "height": 90
          },
          "medium": {
            "url": "https://i.ytimg.com/vi/QhKi6q0D6Cg/mqdefault.jpg",
            "width": 320,
            "height": 180
          },
          "high": {
            "url": "https://i.ytimg.com/vi/QhKi6q0D6Cg/hqdefault.jpg",
            "width": 480,
            "height": 360
          }
        },
        "channelTitle": "PABHEL CHAKMA",
        "liveBroadcastContent": "none",
        "publishTime": "2016-04-16T09:38:01Z"
      }
    },
    {
      "kind": "youtube#searchResult",
      "etag": "T2bngO5lxCL_d9WJQYymoDS1B1o",
      "id": {
        "kind": "youtube#video",
        "videoId": "sr63_TBv7y4"
      },
      "snippet": {
        "publishedAt": "2017-06-23T17:06:10Z",
        "channelId": "UC8zZ084em5pohjs6kk2Bpaw",
        "title": "Mamat: Sakit Malaria - SUCI 7",
        "description": "Bagi warga Fakfak, penyakit malaria adalah sebuah trend yang apik. Bahkan jika orang belum terkena malaria adalah hal yang ...",
        "thumbnails": {
          "default": {
            "url": "https://i.ytimg.com/vi/sr63_TBv7y4/default.jpg",
            "width": 120,
            "height": 90
          },
          "medium": {
            "url": "https://i.ytimg.com/vi/sr63_TBv7y4/mqdefault.jpg",
            "width": 320,
            "height": 180
          },
          "high": {
            "url": "https://i.ytimg.com/vi/sr63_TBv7y4/hqdefault.jpg",
            "width": 480,
            "height": 360
          }
        },
        "channelTitle": "Stand Up Kompas TV",
        "liveBroadcastContent": "none",
        "publishTime": "2017-06-23T17:06:10Z"
      }
    },
    {
      "kind": "youtube#searchResult",
      "etag": "Yv2-_86aZXFtm3P63kJb2WTbSiY",
      "id": {
        "kind": "youtube#video",
        "videoId": "_M_1MNUEM-w"
      },
      "snippet": {
        "publishedAt": "2020-09-18T13:00:34Z",
        "channelId": "UCSkuUlx0la2gMmEMwyHgE5g",
        "title": "Malaria Vs Dengue | Diseases caused by Mosquito | Dengue | Malaria | In Hindi",
        "description": "In this video your concepts will be cleared about Malaria and dengue... Here I have shared a link of Related topics of this video as ...",
        "thumbnails": {
          "default": {
            "url": "https://i.ytimg.com/vi/_M_1MNUEM-w/default.jpg",
            "width": 120,
            "height": 90
          },
          "medium": {
            "url": "https://i.ytimg.com/vi/_M_1MNUEM-w/mqdefault.jpg",
            "width": 320,
            "height": 180
          },
          "high": {
            "url": "https://i.ytimg.com/vi/_M_1MNUEM-w/hqdefault.jpg",
            "width": 480,
            "height": 360
          }
        },
        "channelTitle": "Science Explored",
        "liveBroadcastContent": "none",
        "publishTime": "2020-09-18T13:00:34Z"
      }
    },
    {
      "kind": "youtube#searchResult",
      "etag": "oRL9CmigS_2x7R4jVd5a_KpD7SY",
      "id": {
        "kind": "youtube#video",
        "videoId": "LKcexZdhFoY"
      },
      "snippet": {
        "publishedAt": "2018-01-25T11:07:44Z",
        "channelId": "UC46q-QSvoJz-1iSxPeuOqWA",
        "title": "Inikah alat &#39;penyelamat&#39; dari malaria?",
        "description": "Kekebalan terhadap obat malaria, menjadi masalah di beberapa daerah endemis malaria di Indonesia, termasuk Sulawesi Utara.",
        "thumbnails": {
          "default": {
            "url": "https://i.ytimg.com/vi/LKcexZdhFoY/default.jpg",
            "width": 120,
            "height": 90
          },
          "medium": {
            "url": "https://i.ytimg.com/vi/LKcexZdhFoY/mqdefault.jpg",
            "width": 320,
            "height": 180
          },
          "high": {
            "url": "https://i.ytimg.com/vi/LKcexZdhFoY/hqdefault.jpg",
            "width": 480,
            "height": 360
          }
        },
        "channelTitle": "BBC News Indonesia",
        "liveBroadcastContent": "none",
        "publishTime": "2018-01-25T11:07:44Z"
      }
    },
    {
      "kind": "youtube#searchResult",
      "etag": "LZGPmwas4U4lxuoIf9R48VpV22c",
      "id": {
        "kind": "youtube#video",
        "videoId": "Tv8Hfkd4urI"
      },
      "snippet": {
        "publishedAt": "2022-01-28T18:56:09Z",
        "channelId": "UCQMML3hAsx-Mz9j9ZN0tThQ",
        "title": "SA Medical Association on Malaria being misdiagnosed as Covid-19",
        "description": "The National Institute for Communicable Diseases warned this week that despite South Africa entering its peak Malaria season, ...",
        "thumbnails": {
          "default": {
            "url": "https://i.ytimg.com/vi/Tv8Hfkd4urI/default.jpg",
            "width": 120,
            "height": 90
          },
          "medium": {
            "url": "https://i.ytimg.com/vi/Tv8Hfkd4urI/mqdefault.jpg",
            "width": 320,
            "height": 180
          },
          "high": {
            "url": "https://i.ytimg.com/vi/Tv8Hfkd4urI/hqdefault.jpg",
            "width": 480,
            "height": 360
          }
        },
        "channelTitle": "Newzroom Afrika",
        "liveBroadcastContent": "none",
        "publishTime": "2022-01-28T18:56:09Z"
      }
    },
    {
      "kind": "youtube#searchResult",
      "etag": "BX3e5YLjrRLprsG5YYrypVDd5Z4",
      "id": {
        "kind": "youtube#video",
        "videoId": "F_OCpcWyNS8"
      },
      "snippet": {
        "publishedAt": "2019-09-03T12:28:41Z",
        "channelId": "UCo75_TEGf6WNZ59bJ6v_zIw",
        "title": "Cara Pembuatan Sediaan Darah Malaria",
        "description": "Berisi tahapan cara pembuatan sediaan darah malaria sesuai standar Kementerian Kesehatan RI. Pembuatan sediaan darah ...",
        "thumbnails": {
          "default": {
            "url": "https://i.ytimg.com/vi/F_OCpcWyNS8/default.jpg",
            "width": 120,
            "height": 90
          },
          "medium": {
            "url": "https://i.ytimg.com/vi/F_OCpcWyNS8/mqdefault.jpg",
            "width": 320,
            "height": 180
          },
          "high": {
            "url": "https://i.ytimg.com/vi/F_OCpcWyNS8/hqdefault.jpg",
            "width": 480,
            "height": 360
          }
        },
        "channelTitle": "Rizqiani A. Kusumasari",
        "liveBroadcastContent": "none",
        "publishTime": "2019-09-03T12:28:41Z"
      }
    },
    {
      "kind": "youtube#searchResult",
      "etag": "IwZg25-_mi47387co_H3p-kihko",
      "id": {
        "kind": "youtube#video",
        "videoId": "DlS1qEcq5ls"
      },
      "snippet": {
        "publishedAt": "2017-03-30T12:35:02Z",
        "channelId": "UCsTlqckDAeuy-Zj3TAmv5zQ",
        "title": "Why blood group 0 protects you against malaria",
        "description": "",
        "thumbnails": {
          "default": {
            "url": "https://i.ytimg.com/vi/DlS1qEcq5ls/default.jpg",
            "width": 120,
            "height": 90
          },
          "medium": {
            "url": "https://i.ytimg.com/vi/DlS1qEcq5ls/mqdefault.jpg",
            "width": 320,
            "height": 180
          },
          "high": {
            "url": "https://i.ytimg.com/vi/DlS1qEcq5ls/hqdefault.jpg",
            "width": 480,
            "height": 360
          }
        },
        "channelTitle": "Isbt Central Office",
        "liveBroadcastContent": "none",
        "publishTime": "2017-03-30T12:35:02Z"
      }
    },
    {
      "kind": "youtube#searchResult",
      "etag": "FTrYfX2h1cUPCCA0GEaY3pSlxwE",
      "id": {
        "kind": "youtube#video",
        "videoId": "PJ1X7y4g9mg"
      },
      "snippet": {
        "publishedAt": "2021-10-07T14:04:20Z",
        "channelId": "UCzLqOSZPtUKrmSEnlH4LAvw",
        "title": "Mosquirix malaria vaccine |Malaria Vaccine UPSC | IN NEWS I Drishti IAS",
        "description": "Dear Viewers, In This Program, We Have Discussed malaria Vaccine recently The World Health Organization (WHO) is ...",
        "thumbnails": {
          "default": {
            "url": "https://i.ytimg.com/vi/PJ1X7y4g9mg/default.jpg",
            "width": 120,
            "height": 90
          },
          "medium": {
            "url": "https://i.ytimg.com/vi/PJ1X7y4g9mg/mqdefault.jpg",
            "width": 320,
            "height": 180
          },
          "high": {
            "url": "https://i.ytimg.com/vi/PJ1X7y4g9mg/hqdefault.jpg",
            "width": 480,
            "height": 360
          }
        },
        "channelTitle": "Drishti IAS",
        "liveBroadcastContent": "none",
        "publishTime": "2021-10-07T14:04:20Z"
      }
    },
    {
      "kind": "youtube#searchResult",
      "etag": "3HZtKbHg9Ymxw8-7_k8VdJ4wGkc",
      "id": {
        "kind": "youtube#video",
        "videoId": "7u5NAG3yt2M"
      },
      "snippet": {
        "publishedAt": "2019-11-15T19:40:03Z",
        "channelId": "UCkpAEWFbIMPPvQMOJ6ODH-A",
        "title": "RTS,S Malaria Vaccine: 2019 Partnership Award Honoree",
        "description": "Introducing the partnership that developed the RTS,S malaria vaccine—the world's first malaria vaccine—as GHTC's 2019 ...",
        "thumbnails": {
          "default": {
            "url": "https://i.ytimg.com/vi/7u5NAG3yt2M/default.jpg",
            "width": 120,
            "height": 90
          },
          "medium": {
            "url": "https://i.ytimg.com/vi/7u5NAG3yt2M/mqdefault.jpg",
            "width": 320,
            "height": 180
          },
          "high": {
            "url": "https://i.ytimg.com/vi/7u5NAG3yt2M/hqdefault.jpg",
            "width": 480,
            "height": 360
          }
        },
        "channelTitle": "GHTC",
        "liveBroadcastContent": "none",
        "publishTime": "2019-11-15T19:40:03Z"
      }
    },
    {
      "kind": "youtube#searchResult",
      "etag": "V8TjSac9lIY-eYrOPc_mrotlvRo",
      "id": {
        "kind": "youtube#video",
        "videoId": "ETnUg-UsMD4"
      },
      "snippet": {
        "publishedAt": "2015-11-09T02:50:07Z",
        "channelId": "UCAIKU8NC94zOJVyNyYg-90A",
        "title": "Malaria! - Compiled 1981-1984 (Full Album)",
        "description": "Artist: Malaria!. Album: Compiled 1981-1984. Year: 1991. Genre: Post-Punk/Industrial. Country: Germany. Track list: 1. How Do ...",
        "thumbnails": {
          "default": {
            "url": "https://i.ytimg.com/vi/ETnUg-UsMD4/default.jpg",
            "width": 120,
            "height": 90
          },
          "medium": {
            "url": "https://i.ytimg.com/vi/ETnUg-UsMD4/mqdefault.jpg",
            "width": 320,
            "height": 180
          },
          "high": {
            "url": "https://i.ytimg.com/vi/ETnUg-UsMD4/hqdefault.jpg",
            "width": 480,
            "height": 360
          }
        },
        "channelTitle": "Roberto Martinez",
        "liveBroadcastContent": "none",
        "publishTime": "2015-11-09T02:50:07Z"
      }
    },
    {
      "kind": "youtube#searchResult",
      "etag": "nmW_f6I14cLJCrocrs0CxdXYeOI",
      "id": {
        "kind": "youtube#video",
        "videoId": "wtUREE1BryM"
      },
      "snippet": {
        "publishedAt": "2017-06-24T19:18:24Z",
        "channelId": "UCFKg7hJdIitGtq4B-nxW0eQ",
        "title": "Malaria! - Emotion",
        "description": "Malaria! - Emotion (1982) Moabit Musik 0:00 Geld (Money) 4:03 Leidenschaft (Passion) 7:55 Eifersucht (Jealousy) 11:05 Einsam ...",
        "thumbnails": {
          "default": {
            "url": "https://i.ytimg.com/vi/wtUREE1BryM/default.jpg",
            "width": 120,
            "height": 90
          },
          "medium": {
            "url": "https://i.ytimg.com/vi/wtUREE1BryM/mqdefault.jpg",
            "width": 320,
            "height": 180
          },
          "high": {
            "url": "https://i.ytimg.com/vi/wtUREE1BryM/hqdefault.jpg",
            "width": 480,
            "height": 360
          }
        },
        "channelTitle": "Harakiri Diat",
        "liveBroadcastContent": "none",
        "publishTime": "2017-06-24T19:18:24Z"
      }
    },
    {
      "kind": "youtube#searchResult",
      "etag": "cudebsQHBiXxU_pouqmek2SLU3I",
      "id": {
        "kind": "youtube#video",
        "videoId": "Ocm2i3mJ92s"
      },
      "snippet": {
        "publishedAt": "2021-09-19T13:21:45Z",
        "channelId": "UCYkvHWNpYncFgNwsO8Kpjmg",
        "title": "Malaria Slide Preparation | मलेरिया की Slide कैसे बनाएँ?",
        "description": "Is video me hamne Malaria slide kaise banate hai iske baare me bataya hai. My second you tube channel ...",
        "thumbnails": {
          "default": {
            "url": "https://i.ytimg.com/vi/Ocm2i3mJ92s/default.jpg",
            "width": 120,
            "height": 90
          },
          "medium": {
            "url": "https://i.ytimg.com/vi/Ocm2i3mJ92s/mqdefault.jpg",
            "width": 320,
            "height": 180
          },
          "high": {
            "url": "https://i.ytimg.com/vi/Ocm2i3mJ92s/hqdefault.jpg",
            "width": 480,
            "height": 360
          }
        },
        "channelTitle": "Medical Lab Technologist Dinesh",
        "liveBroadcastContent": "none",
        "publishTime": "2021-09-19T13:21:45Z"
      }
    },
    {
      "kind": "youtube#searchResult",
      "etag": "aagWsKSuAdtXfgWrMS1ItLScLBc",
      "id": {
        "kind": "youtube#video",
        "videoId": "x74I-4BZnRo"
      },
      "snippet": {
        "publishedAt": "2016-03-04T16:51:32Z",
        "channelId": "UC07-dOwgza1IguKA86jqxNA",
        "title": "WHO: Global malaria progress and challenges in 2016",
        "description": "Over the past 15 years, there has been a dramatic decline in the global burden of malaria. Since 2000, nearly 60 countries have ...",
        "thumbnails": {
          "default": {
            "url": "https://i.ytimg.com/vi/x74I-4BZnRo/default.jpg",
            "width": 120,
            "height": 90
          },
          "medium": {
            "url": "https://i.ytimg.com/vi/x74I-4BZnRo/mqdefault.jpg",
            "width": 320,
            "height": 180
          },
          "high": {
            "url": "https://i.ytimg.com/vi/x74I-4BZnRo/hqdefault.jpg",
            "width": 480,
            "height": 360
          }
        },
        "channelTitle": "World Health Organization (WHO)",
        "liveBroadcastContent": "none",
        "publishTime": "2016-03-04T16:51:32Z"
      }
    },
    {
      "kind": "youtube#searchResult",
      "etag": "FcQKH8Wx7fElcnbgxyEyLGkYIs4",
      "id": {
        "kind": "youtube#video",
        "videoId": "36w5DjSENpY"
      },
      "snippet": {
        "publishedAt": "2021-05-12T21:14:04Z",
        "channelId": "UCpNnv_kL4Jk8YG_VflnZpmg",
        "title": "En Colombia, todos contra la Malaria",
        "description": "La malaria (paludismo) es una enfermedad prevenible y tratable. Los principales síntomas son: Fiebre, dolor de cabeza, ...",
        "thumbnails": {
          "default": {
            "url": "https://i.ytimg.com/vi/36w5DjSENpY/default.jpg",
            "width": 120,
            "height": 90
          },
          "medium": {
            "url": "https://i.ytimg.com/vi/36w5DjSENpY/mqdefault.jpg",
            "width": 320,
            "height": 180
          },
          "high": {
            "url": "https://i.ytimg.com/vi/36w5DjSENpY/hqdefault.jpg",
            "width": 480,
            "height": 360
          }
        },
        "channelTitle": "PAHO TV",
        "liveBroadcastContent": "none",
        "publishTime": "2021-05-12T21:14:04Z"
      }
    },
    {
      "kind": "youtube#searchResult",
      "etag": "gALgHKGT2WPVDZye9M2Dc_y2Xg4",
      "id": {
        "kind": "youtube#video",
        "videoId": "ateyvOZnq2U"
      },
      "snippet": {
        "publishedAt": "2013-02-19T13:47:15Z",
        "channelId": "UCeDRZxpwn2K3B_NjV4jGXRw",
        "title": "CareStart™ Malaria HRP2 / pLDH (Pf / VOM) video instruction (Access Bio, Inc.)",
        "description": "\"This video instruction is meant to provide users of the CareStart™ (Access Bio, Inc) Malaria HRP2 / pLDH (Pf / VOM) Test with ...",
        "thumbnails": {
          "default": {
            "url": "https://i.ytimg.com/vi/ateyvOZnq2U/default.jpg",
            "width": 120,
            "height": 90
          },
          "medium": {
            "url": "https://i.ytimg.com/vi/ateyvOZnq2U/mqdefault.jpg",
            "width": 320,
            "height": 180
          },
          "high": {
            "url": "https://i.ytimg.com/vi/ateyvOZnq2U/hqdefault.jpg",
            "width": 480,
            "height": 360
          }
        },
        "channelTitle": "Accessbio",
        "liveBroadcastContent": "none",
        "publishTime": "2013-02-19T13:47:15Z"
      }
    },
    {
      "kind": "youtube#searchResult",
      "etag": "2t976FNwlU79jjxDGEkC1LqHOzk",
      "id": {
        "kind": "youtube#video",
        "videoId": "mdjh0aA7X0E"
      },
      "snippet": {
        "publishedAt": "2021-12-01T19:30:10Z",
        "channelId": "UCV__GhTQCk6sfTwmKQ5ahxg",
        "title": "MALARIA GRAVE: Muy cerca de la muerte :(",
        "description": "Samah acabó ingresada en la UCI con urgencia y mucha gravedad por una malaria de tipo Falciparum que cogió tras un viaje a ...",
        "thumbnails": {
          "default": {
            "url": "https://i.ytimg.com/vi/mdjh0aA7X0E/default.jpg",
            "width": 120,
            "height": 90
          },
          "medium": {
            "url": "https://i.ytimg.com/vi/mdjh0aA7X0E/mqdefault.jpg",
            "width": 320,
            "height": 180
          },
          "high": {
            "url": "https://i.ytimg.com/vi/mdjh0aA7X0E/hqdefault.jpg",
            "width": 480,
            "height": 360
          }
        },
        "channelTitle": "Kike Arnaiz",
        "liveBroadcastContent": "none",
        "publishTime": "2021-12-01T19:30:10Z"
      }
    },
    {
      "kind": "youtube#searchResult",
      "etag": "AjNNbaeIimLkl4QANVunuM6XP-c",
      "id": {
        "kind": "youtube#video",
        "videoId": "r8KftE61nqo"
      },
      "snippet": {
        "publishedAt": "2020-05-02T10:26:00Z",
        "channelId": "UCh_HZKnkDaF-qJ68DjpxuNA",
        "title": "malaria parasite under microscope  | P vivax malaria | malaria parasite blood smear",
        "description": "Malaria parasites are micro-organisms that belong to the genus Plasmodium. There are more than 100 species of Plasmodium, ...",
        "thumbnails": {
          "default": {
            "url": "https://i.ytimg.com/vi/r8KftE61nqo/default.jpg",
            "width": 120,
            "height": 90
          },
          "medium": {
            "url": "https://i.ytimg.com/vi/r8KftE61nqo/mqdefault.jpg",
            "width": 320,
            "height": 180
          },
          "high": {
            "url": "https://i.ytimg.com/vi/r8KftE61nqo/hqdefault.jpg",
            "width": 480,
            "height": 360
          }
        },
        "channelTitle": "Tanu Path",
        "liveBroadcastContent": "none",
        "publishTime": "2020-05-02T10:26:00Z"
      }
    },
    {
      "kind": "youtube#searchResult",
      "etag": "xIcIVRcErmJBE2SLvH2bqmgqosQ",
      "id": {
        "kind": "youtube#video",
        "videoId": "3WRR_FUQDww"
      },
      "snippet": {
        "publishedAt": "2021-04-23T10:18:01Z",
        "channelId": "UCId9tO5LYlJKgNQKEzgjYOg",
        "title": "MALARIA | How MSF is fighting the disease in Burundi.",
        "description": "Every year, more than 200 million malaria cases are reported worldwide, killing close to 400000 people, the vast majority of whom ...",
        "thumbnails": {
          "default": {
            "url": "https://i.ytimg.com/vi/3WRR_FUQDww/default.jpg",
            "width": 120,
            "height": 90
          },
          "medium": {
            "url": "https://i.ytimg.com/vi/3WRR_FUQDww/mqdefault.jpg",
            "width": 320,
            "height": 180
          },
          "high": {
            "url": "https://i.ytimg.com/vi/3WRR_FUQDww/hqdefault.jpg",
            "width": 480,
            "height": 360
          }
        },
        "channelTitle": "Médecins Sans Frontières/Doctors Without Borders",
        "liveBroadcastContent": "none",
        "publishTime": "2021-04-23T10:18:01Z"
      }
    },
    {
      "kind": "youtube#searchResult",
      "etag": "MmzzpTk2CjBR9BsnV1EzGol1vU8",
      "id": {
        "kind": "youtube#video",
        "videoId": "HrHcfY3d5BA"
      },
      "snippet": {
        "publishedAt": "2018-11-15T06:06:07Z",
        "channelId": "UCHBDXQDmqnaqIEPdEapEFVQ",
        "title": "Remote PNG island conquers malaria with ancient Chinese medicine",
        "description": "It helps a lot of Papua New Guinean citizens in terms of malaria! Residents of a remote Papua New Guinean island escape from ...",
        "thumbnails": {
          "default": {
            "url": "https://i.ytimg.com/vi/HrHcfY3d5BA/default.jpg",
            "width": 120,
            "height": 90
          },
          "medium": {
            "url": "https://i.ytimg.com/vi/HrHcfY3d5BA/mqdefault.jpg",
            "width": 320,
            "height": 180
          },
          "high": {
            "url": "https://i.ytimg.com/vi/HrHcfY3d5BA/hqdefault.jpg",
            "width": 480,
            "height": 360
          }
        },
        "channelTitle": "New China TV",
        "liveBroadcastContent": "none",
        "publishTime": "2018-11-15T06:06:07Z"
      }
    },
    {
      "kind": "youtube#searchResult",
      "etag": "Q1l8IvBieDznGZ1TTTbER0Fq-es",
      "id": {
        "kind": "youtube#video",
        "videoId": "DsBic43LHIQ"
      },
      "snippet": {
        "publishedAt": "2020-12-17T17:00:13Z",
        "channelId": "UC0p5jTq6Xx_DosDFxVXnWaQ",
        "title": "What is history&#39;s deadliest pandemic? | The Economist",
        "description": "The covid-19 pandemic may have derailed the world in 2020, but a far deadlier disease has shaped human history for thousands ...",
        "thumbnails": {
          "default": {
            "url": "https://i.ytimg.com/vi/DsBic43LHIQ/default.jpg",
            "width": 120,
            "height": 90
          },
          "medium": {
            "url": "https://i.ytimg.com/vi/DsBic43LHIQ/mqdefault.jpg",
            "width": 320,
            "height": 180
          },
          "high": {
            "url": "https://i.ytimg.com/vi/DsBic43LHIQ/hqdefault.jpg",
            "width": 480,
            "height": 360
          }
        },
        "channelTitle": "The Economist",
        "liveBroadcastContent": "none",
        "publishTime": "2020-12-17T17:00:13Z"
      }
    },
    {
      "kind": "youtube#searchResult",
      "etag": "ZdVnp0kKtCtNx4oHs_W8tt9GeX4",
      "id": {
        "kind": "youtube#video",
        "videoId": "OoCx9ysYu2Q"
      },
      "snippet": {
        "publishedAt": "2021-06-30T01:00:03Z",
        "channelId": "UC07-dOwgza1IguKA86jqxNA",
        "title": "Malaria elimination in China: dispatch from Yunnan Province",
        "description": "On 30 June 2021, WHO announced that China has been officially certified malaria-free. This video explores efforts to stamp out ...",
        "thumbnails": {
          "default": {
            "url": "https://i.ytimg.com/vi/OoCx9ysYu2Q/default.jpg",
            "width": 120,
            "height": 90
          },
          "medium": {
            "url": "https://i.ytimg.com/vi/OoCx9ysYu2Q/mqdefault.jpg",
            "width": 320,
            "height": 180
          },
          "high": {
            "url": "https://i.ytimg.com/vi/OoCx9ysYu2Q/hqdefault.jpg",
            "width": 480,
            "height": 360
          }
        },
        "channelTitle": "World Health Organization (WHO)",
        "liveBroadcastContent": "none",
        "publishTime": "2021-06-30T01:00:03Z"
      }
    },
    {
      "kind": "youtube#searchResult",
      "etag": "S0KQscJQjVRza_BVDrUw7OdY2Qs",
      "id": {
        "kind": "youtube#video",
        "videoId": "fQN_hOpJoWQ"
      },
      "snippet": {
        "publishedAt": "2013-12-07T22:20:03Z",
        "channelId": "UCmveJjTPFYJ51pI3CoXc8pg",
        "title": "THE STORY OF MALARIA",
        "description": "",
        "thumbnails": {
          "default": {
            "url": "https://i.ytimg.com/vi/fQN_hOpJoWQ/default.jpg",
            "width": 120,
            "height": 90
          },
          "medium": {
            "url": "https://i.ytimg.com/vi/fQN_hOpJoWQ/mqdefault.jpg",
            "width": 320,
            "height": 180
          },
          "high": {
            "url": "https://i.ytimg.com/vi/fQN_hOpJoWQ/hqdefault.jpg",
            "width": 480,
            "height": 360
          }
        },
        "channelTitle": "Elisabeth Dietrich",
        "liveBroadcastContent": "none",
        "publishTime": "2013-12-07T22:20:03Z"
      }
    },
    {
      "kind": "youtube#searchResult",
      "etag": "OlIcyVupTySrs1wjXNVTIMJHsHQ",
      "id": {
        "kind": "youtube#video",
        "videoId": "bXkMcDyubgc"
      },
      "snippet": {
        "publishedAt": "2018-02-07T17:00:04Z",
        "channelId": "UComwL29zYKujb1JhkB0EcGA",
        "title": "How Ancient Civilzations Battled Malaria | River Monsters",
        "description": "Humankind has been finding ways of neutralising diseases for centuries, Jeremy investigates how older civilizations dealt with ...",
        "thumbnails": {
          "default": {
            "url": "https://i.ytimg.com/vi/bXkMcDyubgc/default.jpg",
            "width": 120,
            "height": 90
          },
          "medium": {
            "url": "https://i.ytimg.com/vi/bXkMcDyubgc/mqdefault.jpg",
            "width": 320,
            "height": 180
          },
          "high": {
            "url": "https://i.ytimg.com/vi/bXkMcDyubgc/hqdefault.jpg",
            "width": 480,
            "height": 360
          }
        },
        "channelTitle": "River Monsters™",
        "liveBroadcastContent": "none",
        "publishTime": "2018-02-07T17:00:04Z"
      }
    },
    {
      "kind": "youtube#searchResult",
      "etag": "JQOkgUyUckJSn6ew_JQKfB0TWww",
      "id": {
        "kind": "youtube#video",
        "videoId": "M0zQB3BYvqw"
      },
      "snippet": {
        "publishedAt": "2019-09-16T22:30:53Z",
        "channelId": "UCUdOoVWuWmgo1wByzcsyKDQ",
        "title": "La malaria está sin control en Venezuela",
        "description": "La crisis socioeconómica de Venezuela ha provocado un aumento de malaria por la falta de vacunas y tratamientos, ...",
        "thumbnails": {
          "default": {
            "url": "https://i.ytimg.com/vi/M0zQB3BYvqw/default.jpg",
            "width": 120,
            "height": 90
          },
          "medium": {
            "url": "https://i.ytimg.com/vi/M0zQB3BYvqw/mqdefault.jpg",
            "width": 320,
            "height": 180
          },
          "high": {
            "url": "https://i.ytimg.com/vi/M0zQB3BYvqw/hqdefault.jpg",
            "width": 480,
            "height": 360
          }
        },
        "channelTitle": "FRANCE 24 Español",
        "liveBroadcastContent": "none",
        "publishTime": "2019-09-16T22:30:53Z"
      }
    },
    {
      "kind": "youtube#searchResult",
      "etag": "y-XoW-18rJVup6Q_87vcKmIPzzY",
      "id": {
        "kind": "youtube#video",
        "videoId": "GSIe6YwFVUs"
      },
      "snippet": {
        "publishedAt": "2020-07-31T15:30:00Z",
        "channelId": "UCO1uLCdX--uLXXDdJXJfpJA",
        "title": "Malaria-Impfstoff für Kinder in Afrika – Leben retten mit Schweizer Hilfe | Einstein | SRF Wissen",
        "description": "Alle zwei Minuten stirbt ein Kind an Malaria. Doch endlich gibt es in Afrika einen Malaria-Impfstoff: In Ghana, Malawi und Kenia ...",
        "thumbnails": {
          "default": {
            "url": "https://i.ytimg.com/vi/GSIe6YwFVUs/default.jpg",
            "width": 120,
            "height": 90
          },
          "medium": {
            "url": "https://i.ytimg.com/vi/GSIe6YwFVUs/mqdefault.jpg",
            "width": 320,
            "height": 180
          },
          "high": {
            "url": "https://i.ytimg.com/vi/GSIe6YwFVUs/hqdefault.jpg",
            "width": 480,
            "height": 360
          }
        },
        "channelTitle": "SRF Wissen",
        "liveBroadcastContent": "none",
        "publishTime": "2020-07-31T15:30:00Z"
      }
    },
    {
      "kind": "youtube#searchResult",
      "etag": "24FAeC1t-Ck6PHPKeRfIj5dZnsk",
      "id": {
        "kind": "youtube#video",
        "videoId": "JXST_9ach1w"
      },
      "snippet": {
        "publishedAt": "2019-12-21T14:00:03Z",
        "channelId": "UC176GAQozKKjhz62H8u9vQQ",
        "title": "How Malaria Was Eradicated In The U.S.",
        "description": "Get 1 year of both Nebula and Curiosity Stream for just 11.99 here: http://curiositystream.com/realscience using the code ...",
        "thumbnails": {
          "default": {
            "url": "https://i.ytimg.com/vi/JXST_9ach1w/default.jpg",
            "width": 120,
            "height": 90
          },
          "medium": {
            "url": "https://i.ytimg.com/vi/JXST_9ach1w/mqdefault.jpg",
            "width": 320,
            "height": 180
          },
          "high": {
            "url": "https://i.ytimg.com/vi/JXST_9ach1w/hqdefault.jpg",
            "width": 480,
            "height": 360
          }
        },
        "channelTitle": "Real Science",
        "liveBroadcastContent": "none",
        "publishTime": "2019-12-21T14:00:03Z"
      }
    },
    {
      "kind": "youtube#searchResult",
      "etag": "jFm3TfuFAjQdSZBfCX0SLs8LRUg",
      "id": {
        "kind": "youtube#video",
        "videoId": "FemxVe-rOaY"
      },
      "snippet": {
        "publishedAt": "2021-08-26T05:34:34Z",
        "channelId": "UC_j7Nnkv3aDGtys7II5amAg",
        "title": "How to treat malaria | Malaria fever treatment | malaria treatment | Malaria fever treatment | hindi",
        "description": "How to treat malaria | Malaria fever treatment | malaria treatment | Malaria fever treatment | hindi In this video you'll know about the ...",
        "thumbnails": {
          "default": {
            "url": "https://i.ytimg.com/vi/FemxVe-rOaY/default.jpg",
            "width": 120,
            "height": 90
          },
          "medium": {
            "url": "https://i.ytimg.com/vi/FemxVe-rOaY/mqdefault.jpg",
            "width": 320,
            "height": 180
          },
          "high": {
            "url": "https://i.ytimg.com/vi/FemxVe-rOaY/hqdefault.jpg",
            "width": 480,
            "height": 360
          }
        },
        "channelTitle": "PHARMAHUTS : Pharmacy & Medical Videos",
        "liveBroadcastContent": "none",
        "publishTime": "2021-08-26T05:34:34Z"
      }
    },
    {
      "kind": "youtube#searchResult",
      "etag": "qVCKpixLzRVyIdQDdnkwfBLFSrg",
      "id": {
        "kind": "youtube#video",
        "videoId": "8i1r-n_-mns"
      },
      "snippet": {
        "publishedAt": "2018-12-23T03:50:13Z",
        "channelId": "UC40noYKOAoWBnocvtzxwKtQ",
        "title": "Śliwa &quot;Malaria&quot; Prod. CRK",
        "description": "Album: Zmiany w Sąsiedztwie Tekst: Śliwa Produkcja: CRK Mix/Mastering: Samiryi Instagram: ...",
        "thumbnails": {
          "default": {
            "url": "https://i.ytimg.com/vi/8i1r-n_-mns/default.jpg",
            "width": 120,
            "height": 90
          },
          "medium": {
            "url": "https://i.ytimg.com/vi/8i1r-n_-mns/mqdefault.jpg",
            "width": 320,
            "height": 180
          },
          "high": {
            "url": "https://i.ytimg.com/vi/8i1r-n_-mns/hqdefault.jpg",
            "width": 480,
            "height": 360
          }
        },
        "channelTitle": "ŚLIWA TV",
        "liveBroadcastContent": "none",
        "publishTime": "2018-12-23T03:50:13Z"
      }
    },
    {
      "kind": "youtube#searchResult",
      "etag": "baQChT2KCKoR0ybX0RsUEmpggKM",
      "id": {
        "kind": "youtube#video",
        "videoId": "jX8T-jAChA8"
      },
      "snippet": {
        "publishedAt": "2020-11-21T18:45:23Z",
        "channelId": "UCywti13WhVeslcEWxWUlivQ",
        "title": "7.MALARIA: Chronic complications",
        "description": "This is a combined approach on Malaria 7th lecture In this lecture we will be discussing about chronic complications of malaria It ...",
        "thumbnails": {
          "default": {
            "url": "https://i.ytimg.com/vi/jX8T-jAChA8/default.jpg",
            "width": 120,
            "height": 90
          },
          "medium": {
            "url": "https://i.ytimg.com/vi/jX8T-jAChA8/mqdefault.jpg",
            "width": 320,
            "height": 180
          },
          "high": {
            "url": "https://i.ytimg.com/vi/jX8T-jAChA8/hqdefault.jpg",
            "width": 480,
            "height": 360
          }
        },
        "channelTitle": "Medjesty Medicos",
        "liveBroadcastContent": "none",
        "publishTime": "2020-11-21T18:45:23Z"
      }
    },
    {
      "kind": "youtube#searchResult",
      "etag": "d3APVvxTfp9L6VrpnXcPajYN8d4",
      "id": {
        "kind": "youtube#video",
        "videoId": "KYhrh9vRiGQ"
      },
      "snippet": {
        "publishedAt": "2019-01-28T20:35:58Z",
        "channelId": "UCnr6pbeXJmkNQJ9PSYle7QQ",
        "title": "Malaria, batalla definitiva: el mosquito que transmite este mal",
        "description": "NoticiasRCN | El Anófeles es el responsable de transmitir la enfermedad que puede llevar a la muerte https://goo.gl/3HZo6p.",
        "thumbnails": {
          "default": {
            "url": "https://i.ytimg.com/vi/KYhrh9vRiGQ/default.jpg",
            "width": 120,
            "height": 90
          },
          "medium": {
            "url": "https://i.ytimg.com/vi/KYhrh9vRiGQ/mqdefault.jpg",
            "width": 320,
            "height": 180
          },
          "high": {
            "url": "https://i.ytimg.com/vi/KYhrh9vRiGQ/hqdefault.jpg",
            "width": 480,
            "height": 360
          }
        },
        "channelTitle": "Noticias RCN",
        "liveBroadcastContent": "none",
        "publishTime": "2019-01-28T20:35:58Z"
      }
    },
    {
      "kind": "youtube#searchResult",
      "etag": "XqHhq3To9FfbQAoN_Wr25QUzd9g",
      "id": {
        "kind": "youtube#video",
        "videoId": "y5JoClOQ4pU"
      },
      "snippet": {
        "publishedAt": "2017-07-05T17:30:02Z",
        "channelId": "UC9cGX5x0_EXkdfmWlvPbu3g",
        "title": "The End of the Malaria Parasite | Monsters Inside Me",
        "description": "Kelli manages to contract Malaria while on her honeymoon. While doctors realize they can eventually eradicating the parasite ...",
        "thumbnails": {
          "default": {
            "url": "https://i.ytimg.com/vi/y5JoClOQ4pU/default.jpg",
            "width": 120,
            "height": 90
          },
          "medium": {
            "url": "https://i.ytimg.com/vi/y5JoClOQ4pU/mqdefault.jpg",
            "width": 320,
            "height": 180
          },
          "high": {
            "url": "https://i.ytimg.com/vi/y5JoClOQ4pU/hqdefault.jpg",
            "width": 480,
            "height": 360
          }
        },
        "channelTitle": "Discovery UK",
        "liveBroadcastContent": "none",
        "publishTime": "2017-07-05T17:30:02Z"
      }
    },
    {
      "kind": "youtube#searchResult",
      "etag": "nDBPYfxBl4IIwZ3jpsGZXrCiGf4",
      "id": {
        "kind": "youtube#video",
        "videoId": "iBcSAKJvVU8"
      },
      "snippet": {
        "publishedAt": "2021-10-07T08:30:11Z",
        "channelId": "UCrC8mOqJQpoB7NuIMKIS6rQ",
        "title": "World&#39;s first Malaria vaccine MOSQUIRIX approved by World Health Organisation | UPSC Public Health",
        "description": "Join this channel to get access to perks: https://www.youtube.com/channel/UCrC8mOqJQpoB7NuIMKIS6rQ/join Click here ...",
        "thumbnails": {
          "default": {
            "url": "https://i.ytimg.com/vi/iBcSAKJvVU8/default.jpg",
            "width": 120,
            "height": 90
          },
          "medium": {
            "url": "https://i.ytimg.com/vi/iBcSAKJvVU8/mqdefault.jpg",
            "width": 320,
            "height": 180
          },
          "high": {
            "url": "https://i.ytimg.com/vi/iBcSAKJvVU8/hqdefault.jpg",
            "width": 480,
            "height": 360
          }
        },
        "channelTitle": "Study IQ education",
        "liveBroadcastContent": "none",
        "publishTime": "2021-10-07T08:30:11Z"
      }
    },
    {
      "kind": "youtube#searchResult",
      "etag": "oblcwUsY-2iCmH-XRTpjL_FlqGQ",
      "id": {
        "kind": "youtube#video",
        "videoId": "F12XTNxx5Hs"
      },
      "snippet": {
        "publishedAt": "2021-10-06T19:15:59Z",
        "channelId": "UCoMdktPbSTixAyNGwb-UYkQ",
        "title": "Breakthrough malaria vaccine after decades of research",
        "description": "Sky News' Ashish Joshi visits Kisumu in Kenya, where the new malaria vaccine is already helping people fight the disease.",
        "thumbnails": {
          "default": {
            "url": "https://i.ytimg.com/vi/F12XTNxx5Hs/default.jpg",
            "width": 120,
            "height": 90
          },
          "medium": {
            "url": "https://i.ytimg.com/vi/F12XTNxx5Hs/mqdefault.jpg",
            "width": 320,
            "height": 180
          },
          "high": {
            "url": "https://i.ytimg.com/vi/F12XTNxx5Hs/hqdefault.jpg",
            "width": 480,
            "height": 360
          }
        },
        "channelTitle": "Sky News",
        "liveBroadcastContent": "none",
        "publishTime": "2021-10-06T19:15:59Z"
      }
    },
    {
      "kind": "youtube#searchResult",
      "etag": "KI8SOhtL4ZfzTHp4UUKqv7nZZJs",
      "id": {
        "kind": "youtube#video",
        "videoId": "ZLkbWUNQbgk"
      },
      "snippet": {
        "publishedAt": "2013-02-22T21:06:23Z",
        "channelId": "UCsooa4yRKGN_zEE8iknghZA",
        "title": "Mosquitos, malaria and education - Bill Gates",
        "description": "View full lesson: http://ed.ted.com/lessons/mosquitos-malaria-and-education-bill-gates Bill Gates hopes to solve some of the ...",
        "thumbnails": {
          "default": {
            "url": "https://i.ytimg.com/vi/ZLkbWUNQbgk/default.jpg",
            "width": 120,
            "height": 90
          },
          "medium": {
            "url": "https://i.ytimg.com/vi/ZLkbWUNQbgk/mqdefault.jpg",
            "width": 320,
            "height": 180
          },
          "high": {
            "url": "https://i.ytimg.com/vi/ZLkbWUNQbgk/hqdefault.jpg",
            "width": 480,
            "height": 360
          }
        },
        "channelTitle": "TED-Ed",
        "liveBroadcastContent": "none",
        "publishTime": "2013-02-22T21:06:23Z"
      }
    },
    {
      "kind": "youtube#searchResult",
      "etag": "lXLXSITQ05tD19rR3EhqfucIcDM",
      "id": {
        "kind": "youtube#video",
        "videoId": "P9Ev9KgkGso"
      },
      "snippet": {
        "publishedAt": "2020-08-22T09:05:39Z",
        "channelId": "UCh_HZKnkDaF-qJ68DjpxuNA",
        "title": "Malaria parasite under microscope | Malaria test | Malaria test procedure",
        "description": "This video about of malaria parasite. Malaria parasite under microscope | Malaria test | Malaria test procedure #Tanu ...",
        "thumbnails": {
          "default": {
            "url": "https://i.ytimg.com/vi/P9Ev9KgkGso/default.jpg",
            "width": 120,
            "height": 90
          },
          "medium": {
            "url": "https://i.ytimg.com/vi/P9Ev9KgkGso/mqdefault.jpg",
            "width": 320,
            "height": 180
          },
          "high": {
            "url": "https://i.ytimg.com/vi/P9Ev9KgkGso/hqdefault.jpg",
            "width": 480,
            "height": 360
          }
        },
        "channelTitle": "Tanu Path",
        "liveBroadcastContent": "none",
        "publishTime": "2020-08-22T09:05:39Z"
      }
    },
    {
      "kind": "youtube#searchResult",
      "etag": "gQs8_NnoPMFtJchRoGATGGm_quE",
      "id": {
        "kind": "youtube#video",
        "videoId": "ozOX49-tpfA"
      },
      "snippet": {
        "publishedAt": "2020-07-16T09:57:14Z",
        "channelId": "UC_Q1Ids3TDqryLH3PXfj68Q",
        "title": "MALARIA:::An Introduction",
        "description": "Lets talk about malaria.",
        "thumbnails": {
          "default": {
            "url": "https://i.ytimg.com/vi/ozOX49-tpfA/default.jpg",
            "width": 120,
            "height": 90
          },
          "medium": {
            "url": "https://i.ytimg.com/vi/ozOX49-tpfA/mqdefault.jpg",
            "width": 320,
            "height": 180
          },
          "high": {
            "url": "https://i.ytimg.com/vi/ozOX49-tpfA/hqdefault.jpg",
            "width": 480,
            "height": 360
          }
        },
        "channelTitle": "Dr muhammad afzal",
        "liveBroadcastContent": "none",
        "publishTime": "2020-07-16T09:57:14Z"
      }
    },
    {
      "kind": "youtube#searchResult",
      "etag": "mEJctSiFbHJD2EN297Ib9pKWUs4",
      "id": {
        "kind": "youtube#video",
        "videoId": "8SxgD94bzd4"
      },
      "snippet": {
        "publishedAt": "2021-11-17T15:47:13Z",
        "channelId": "UCkYieGm9fY0472lMBkxmy3A",
        "title": "What if a herbal plant could treat Malaria? Introducing the international Consortium on Artemisia",
        "description": "Boehringer Ingelheim, one of the world's largest pharmaceutical companies, organized a round table on Nov 2021 to introduce an ...",
        "thumbnails": {
          "default": {
            "url": "https://i.ytimg.com/vi/8SxgD94bzd4/default.jpg",
            "width": 120,
            "height": 90
          },
          "medium": {
            "url": "https://i.ytimg.com/vi/8SxgD94bzd4/mqdefault.jpg",
            "width": 320,
            "height": 180
          },
          "high": {
            "url": "https://i.ytimg.com/vi/8SxgD94bzd4/hqdefault.jpg",
            "width": 480,
            "height": 360
          }
        },
        "channelTitle": "maison-artemisia",
        "liveBroadcastContent": "none",
        "publishTime": "2021-11-17T15:47:13Z"
      }
    },
    {
      "kind": "youtube#searchResult",
      "etag": "2PNJAaNbftWiJ0uMI9BlXQ-S5lE",
      "id": {
        "kind": "youtube#video",
        "videoId": "pBjIYB5Yk2I"
      },
      "snippet": {
        "publishedAt": "2014-03-05T23:39:34Z",
        "channelId": "UCDrQaGaHpOav5y7m1SCSJRg",
        "title": "How Manu Prakash&#39;s Foldscope is Helping to Fight Malaria",
        "description": "The Foldscope is a fully functional microscope that can be laser- or die-cut out of paper for around 50 cents. This bookmark-sized ...",
        "thumbnails": {
          "default": {
            "url": "https://i.ytimg.com/vi/pBjIYB5Yk2I/default.jpg",
            "width": 120,
            "height": 90
          },
          "medium": {
            "url": "https://i.ytimg.com/vi/pBjIYB5Yk2I/mqdefault.jpg",
            "width": 320,
            "height": 180
          },
          "high": {
            "url": "https://i.ytimg.com/vi/pBjIYB5Yk2I/hqdefault.jpg",
            "width": 480,
            "height": 360
          }
        },
        "channelTitle": "Stanford Medicine",
        "liveBroadcastContent": "none",
        "publishTime": "2014-03-05T23:39:34Z"
      }
    },
    {
      "kind": "youtube#searchResult",
      "etag": "k9s5y7B5xCIJyEHEzBlpRfam64o",
      "id": {
        "kind": "youtube#video",
        "videoId": "Mv-oVvY2qzg"
      },
      "snippet": {
        "publishedAt": "2019-06-17T08:48:15Z",
        "channelId": "UCHBDXQDmqnaqIEPdEapEFVQ",
        "title": "Chinese Nobel laureate&#39;s team resolves artemisinin resistance in malaria treatment",
        "description": "Nobel laureate Tu Youyou and her team have proposed solutions to the problem of artemisinin resistance, providing new ...",
        "thumbnails": {
          "default": {
            "url": "https://i.ytimg.com/vi/Mv-oVvY2qzg/default.jpg",
            "width": 120,
            "height": 90
          },
          "medium": {
            "url": "https://i.ytimg.com/vi/Mv-oVvY2qzg/mqdefault.jpg",
            "width": 320,
            "height": 180
          },
          "high": {
            "url": "https://i.ytimg.com/vi/Mv-oVvY2qzg/hqdefault.jpg",
            "width": 480,
            "height": 360
          }
        },
        "channelTitle": "New China TV",
        "liveBroadcastContent": "none",
        "publishTime": "2019-06-17T08:48:15Z"
      }
    },
    {
      "kind": "youtube#searchResult",
      "etag": "fc5JDNcW8hgL6hq8_u8RS5Z8-hg",
      "id": {
        "kind": "youtube#video",
        "videoId": "xNw7hEsjVK8"
      },
      "snippet": {
        "publishedAt": "2018-02-21T22:02:19Z",
        "channelId": "UCRuStbjeDvthcvGcr1XO82Q",
        "title": "Mr Bow, Julia Duarte, Liloca, Pureza Wafino, Antonio Marcos - Malaria Fora ( Video Oficial )",
        "description": "",
        "thumbnails": {
          "default": {
            "url": "https://i.ytimg.com/vi/xNw7hEsjVK8/default.jpg",
            "width": 120,
            "height": 90
          },
          "medium": {
            "url": "https://i.ytimg.com/vi/xNw7hEsjVK8/mqdefault.jpg",
            "width": 320,
            "height": 180
          },
          "high": {
            "url": "https://i.ytimg.com/vi/xNw7hEsjVK8/hqdefault.jpg",
            "width": 480,
            "height": 360
          }
        },
        "channelTitle": "Mr bow official",
        "liveBroadcastContent": "none",
        "publishTime": "2018-02-21T22:02:19Z"
      }
    },
    {
      "kind": "youtube#searchResult",
      "etag": "P0tM1IrI29Jl0t36xulKg1xBtNQ",
      "id": {
        "kind": "youtube#video",
        "videoId": "9qfI1emUxP0"
      },
      "snippet": {
        "publishedAt": "2017-07-26T10:00:00Z",
        "channelId": "UCc31CaYGnhdZzEgz5B7TyTQ",
        "title": "Rayden - Malaria (Videoclip Oficial)",
        "description": "Rayden - Malaria en directo en el Festival Cabo de Plata (Videoclip Oficial) Nunca se sabe cómo y cuándo una canción te cala.",
        "thumbnails": {
          "default": {
            "url": "https://i.ytimg.com/vi/9qfI1emUxP0/default.jpg",
            "width": 120,
            "height": 90
          },
          "medium": {
            "url": "https://i.ytimg.com/vi/9qfI1emUxP0/mqdefault.jpg",
            "width": 320,
            "height": 180
          },
          "high": {
            "url": "https://i.ytimg.com/vi/9qfI1emUxP0/hqdefault.jpg",
            "width": 480,
            "height": 360
          }
        },
        "channelTitle": "RAYDEN",
        "liveBroadcastContent": "none",
        "publishTime": "2017-07-26T10:00:00Z"
      }
    },
    {
      "kind": "youtube#searchResult",
      "etag": "RKYzLSh9cAlDrlMgrZ2eF0_dqHE",
      "id": {
        "kind": "youtube#video",
        "videoId": "ZBOcRjsbGTA"
      },
      "snippet": {
        "publishedAt": "2018-11-09T15:35:42Z",
        "channelId": "UCT9cnCEotvyzYw4GseKlUTA",
        "title": "CICLO REPRODUCTIVO EN PLASMODIUM - AGENTE CAUSAL DE LA MALARIA",
        "description": "Comprende el ciclo reproductivo en plasmodium.",
        "thumbnails": {
          "default": {
            "url": "https://i.ytimg.com/vi/ZBOcRjsbGTA/default.jpg",
            "width": 120,
            "height": 90
          },
          "medium": {
            "url": "https://i.ytimg.com/vi/ZBOcRjsbGTA/mqdefault.jpg",
            "width": 320,
            "height": 180
          },
          "high": {
            "url": "https://i.ytimg.com/vi/ZBOcRjsbGTA/hqdefault.jpg",
            "width": 480,
            "height": 360
          }
        },
        "channelTitle": "INFLUENCER BIOLÓGICO ✔",
        "liveBroadcastContent": "none",
        "publishTime": "2018-11-09T15:35:42Z"
      }
    },
    {
      "kind": "youtube#searchResult",
      "etag": "yzOY4jLuHSNIKbJHSmldFmB4nyY",
      "id": {
        "kind": "youtube#video",
        "videoId": "i7d80I8zfbQ"
      },
      "snippet": {
        "publishedAt": "2022-01-24T15:23:51Z",
        "channelId": "UCBYyJBCtCvgqA4NwtoPMwpQ",
        "title": "Lethal Crysis se infectó hace poco con la MALARIA más mortal que existe y cuenta su experiencia",
        "description": "Clip extraído de The Wild Project #108 ft Lethal Crysis & Clavero: https://youtu.be/2TDC_yNOIEU Segunda parte de los podcast ...",
        "thumbnails": {
          "default": {
            "url": "https://i.ytimg.com/vi/i7d80I8zfbQ/default.jpg",
            "width": 120,
            "height": 90
          },
          "medium": {
            "url": "https://i.ytimg.com/vi/i7d80I8zfbQ/mqdefault.jpg",
            "width": 320,
            "height": 180
          },
          "high": {
            "url": "https://i.ytimg.com/vi/i7d80I8zfbQ/hqdefault.jpg",
            "width": 480,
            "height": 360
          }
        },
        "channelTitle": "The Wild Project",
        "liveBroadcastContent": "none",
        "publishTime": "2022-01-24T15:23:51Z"
      }
    },
    {
      "kind": "youtube#searchResult",
      "etag": "U2QXFYy2HQDJqjQJuv8c8FXry7k",
      "id": {
        "kind": "youtube#video",
        "videoId": "689GNOEolCU"
      },
      "snippet": {
        "publishedAt": "2021-03-05T17:00:03Z",
        "channelId": "UCkEBDbzLyH-LbB2FgMoSMaQ",
        "title": "Malaria Parasites Possess Woman&#39;s Mind | Monsters Inside Me",
        "description": "Kelly starts having intense nightmares and hallucinations after contracting malaria from a mosquito while studying in Ghana.",
        "thumbnails": {
          "default": {
            "url": "https://i.ytimg.com/vi/689GNOEolCU/default.jpg",
            "width": 120,
            "height": 90
          },
          "medium": {
            "url": "https://i.ytimg.com/vi/689GNOEolCU/mqdefault.jpg",
            "width": 320,
            "height": 180
          },
          "high": {
            "url": "https://i.ytimg.com/vi/689GNOEolCU/hqdefault.jpg",
            "width": 480,
            "height": 360
          }
        },
        "channelTitle": "Animal Planet",
        "liveBroadcastContent": "none",
        "publishTime": "2021-03-05T17:00:03Z"
      }
    },
    {
      "kind": "youtube#searchResult",
      "etag": "XG3VakJB5pN2og5M4TFo9O-Qzwo",
      "id": {
        "kind": "youtube#video",
        "videoId": "7BQAaBQ-X2s"
      },
      "snippet": {
        "publishedAt": "2020-11-08T03:30:00Z",
        "channelId": "UCFQikAvX3CVKRD8qv87fV5A",
        "title": "मलेरिया – कारण, लक्षण, उपचार | Dr Dhananjay Singh on Malaria | Causes, Treatment &amp; Prevention",
        "description": "Malaria #DoctorAdvice #HindiHealthTips मलेरिया एक गंभीर बीमारी है जो हमारे आस पास जमा गंदे पानी में ...",
        "thumbnails": {
          "default": {
            "url": "https://i.ytimg.com/vi/7BQAaBQ-X2s/default.jpg",
            "width": 120,
            "height": 90
          },
          "medium": {
            "url": "https://i.ytimg.com/vi/7BQAaBQ-X2s/mqdefault.jpg",
            "width": 320,
            "height": 180
          },
          "high": {
            "url": "https://i.ytimg.com/vi/7BQAaBQ-X2s/hqdefault.jpg",
            "width": 480,
            "height": 360
          }
        },
        "channelTitle": "Swasthya Plus Hindi",
        "liveBroadcastContent": "none",
        "publishTime": "2020-11-08T03:30:00Z"
      }
    },
    {
      "kind": "youtube#searchResult",
      "etag": "LzOE1tQC0TpVtyMDKibYo5azc1M",
      "id": {
        "kind": "youtube#video",
        "videoId": "ZUbuPjXf9R8"
      },
      "snippet": {
        "publishedAt": "2011-06-13T13:22:45Z",
        "channelId": "UC0x56dllSznMT_ps9Pwv5Hw",
        "title": "Malaria",
        "description": "Bzzzzzz... https://soundcloud.com/murat-ombombe/sets/takt-fuer-kinder https://muratombombe.bandcamp.com/track/malaria 2008 ...",
        "thumbnails": {
          "default": {
            "url": "https://i.ytimg.com/vi/ZUbuPjXf9R8/default.jpg",
            "width": 120,
            "height": 90
          },
          "medium": {
            "url": "https://i.ytimg.com/vi/ZUbuPjXf9R8/mqdefault.jpg",
            "width": 320,
            "height": 180
          },
          "high": {
            "url": "https://i.ytimg.com/vi/ZUbuPjXf9R8/hqdefault.jpg",
            "width": 480,
            "height": 360
          }
        },
        "channelTitle": "mUrAtOmBoMbE",
        "liveBroadcastContent": "none",
        "publishTime": "2011-06-13T13:22:45Z"
      }
    }
  ]
}
