{
  "kind": "youtube#searchListResponse",
  "etag": "mD7MsINiv4rZT_ce7hwRLBGev3Y",
  "nextPageToken": "CMIDEAA",
  "prevPageToken": "CJADEAE",
  "regionCode": "ID",
  "pageInfo": {
      "totalResults": 76148,
      "resultsPerPage": 50
  },
  "items": [
      {
          "kind": "youtube#searchResult",
          "etag": "GRtil-rqK42h5e9N_8BbPgGw-HQ",
          "id": {
              "kind": "youtube#video",
              "videoId": "NaiPzc6bbm4"
          },
          "snippet": {
              "publishedAt": "2021-12-07T00:05:51Z",
              "channelId": "UC8gnpJ1Xu8NTHeWon8XmQ3A",
              "title": "Tugas Patofisiologi semester 3 &quot;mengenai Apa itu penyakit Appendisitis (usus buntu)?",
              "description": "Nama : Dea Khairunnis Nim : 20144010745 prodi : D3 keperawatan semester : 3 politeknik Aisyiyah Sumatera Barat.",
              "thumbnails": {
                  "default": {
                      "url": "https://i.ytimg.com/vi/NaiPzc6bbm4/default.jpg",
                      "width": 120,
                      "height": 90
                  },
                  "medium": {
                      "url": "https://i.ytimg.com/vi/NaiPzc6bbm4/mqdefault.jpg",
                      "width": 320,
                      "height": 180
                  },
                  "high": {
                      "url": "https://i.ytimg.com/vi/NaiPzc6bbm4/hqdefault.jpg",
                      "width": 480,
                      "height": 360
                  }
              },
              "channelTitle": "Dhea Khairunnisa",
              "liveBroadcastContent": "none",
              "publishTime": "2021-12-07T00:05:51Z"
          }
      },
      {
          "kind": "youtube#searchResult",
          "etag": "B5d2XrMj4jkGoAfu33V-GNwXA8U",
          "id": {
              "kind": "youtube#video",
              "videoId": "xVHoRvSmfbs"
          },
          "snippet": {
              "publishedAt": "2018-03-05T22:02:34Z",
              "channelId": "UCAAYf21UeV6fGoOrNQF3Qxw",
              "title": "Radang usus buntu? Bener ga sih? #VLOG 1",
              "description": "Presepsi yang ada di tengah masyarakat mengenai penyakit usus buntu.",
              "thumbnails": {
                  "default": {
                      "url": "https://i.ytimg.com/vi/xVHoRvSmfbs/default.jpg",
                      "width": 120,
                      "height": 90
                  },
                  "medium": {
                      "url": "https://i.ytimg.com/vi/xVHoRvSmfbs/mqdefault.jpg",
                      "width": 320,
                      "height": 180
                  },
                  "high": {
                      "url": "https://i.ytimg.com/vi/xVHoRvSmfbs/hqdefault.jpg",
                      "width": 480,
                      "height": 360
                  }
              },
              "channelTitle": "Angela Natalia",
              "liveBroadcastContent": "none",
              "publishTime": "2018-03-05T22:02:34Z"
          }
      },
      {
          "kind": "youtube#searchResult",
          "etag": "jY4CL1sPXLTy48ARUle6KByfupU",
          "id": {
              "kind": "youtube#video",
              "videoId": "0fHmEQaJ3Xk"
          },
          "snippet": {
              "publishedAt": "2019-07-26T01:54:18Z",
              "channelId": "UCvhRX5wTIno5l0IZrs1c8PA",
              "title": "RIAULINK.COM - Penyebab Usus Buntu dan Gejalanya",
              "description": "RIAULINK.com - Radang usus buntu (Apendisitis) merupakan kondisi medis serius di mana usus buntu, organ kecil berbentuk jari ...",
              "thumbnails": {
                  "default": {
                      "url": "https://i.ytimg.com/vi/0fHmEQaJ3Xk/default.jpg",
                      "width": 120,
                      "height": 90
                  },
                  "medium": {
                      "url": "https://i.ytimg.com/vi/0fHmEQaJ3Xk/mqdefault.jpg",
                      "width": 320,
                      "height": 180
                  },
                  "high": {
                      "url": "https://i.ytimg.com/vi/0fHmEQaJ3Xk/hqdefault.jpg",
                      "width": 480,
                      "height": 360
                  }
              },
              "channelTitle": "BOYO55",
              "liveBroadcastContent": "none",
              "publishTime": "2019-07-26T01:54:18Z"
          }
      },
      {
          "kind": "youtube#searchResult",
          "etag": "sSIYHBsOfYN9n6QL8lOLmR8-Np4",
          "id": {
              "kind": "youtube#video",
              "videoId": "m3-PP5FLTQY"
          },
          "snippet": {
              "publishedAt": "2020-03-09T06:05:51Z",
              "channelId": "UChz_PkJdvIWSKs5_ry5iy9g",
              "title": "Testimoni penyakit usus buntu dengan perantara herbal qnc jelly gamat",
              "description": "PESAN Online : WA 1 : http://bit.ly/prhqc ( Kode PRH-QC jangan dihapus ) WA 2 : http://bit.ly/prhqnc Info/Pesan WhatsApp : 0831 ...",
              "thumbnails": {
                  "default": {
                      "url": "https://i.ytimg.com/vi/m3-PP5FLTQY/default.jpg",
                      "width": 120,
                      "height": 90
                  },
                  "medium": {
                      "url": "https://i.ytimg.com/vi/m3-PP5FLTQY/mqdefault.jpg",
                      "width": 320,
                      "height": 180
                  },
                  "high": {
                      "url": "https://i.ytimg.com/vi/m3-PP5FLTQY/hqdefault.jpg",
                      "width": 480,
                      "height": 360
                  }
              },
              "channelTitle": "Jelly Gamat Indonesia",
              "liveBroadcastContent": "none",
              "publishTime": "2020-03-09T06:05:51Z"
          }
      },
      {
          "kind": "youtube#searchResult",
          "etag": "gNqQARrafvxlQof7Sj8cG6R58TA",
          "id": {
              "kind": "youtube#video",
              "videoId": "JoFXDFxOJD0"
          },
          "snippet": {
              "publishedAt": "2021-11-26T05:59:16Z",
              "channelId": "UCBTx70DXlnuJYgLc-x5VxFg",
              "title": "Laparoskopi Satu Lubang Usus Buntu",
              "description": "Hampir 200 Kasus lebih SILS dikerjakan pada kasus Usus buntu.",
              "thumbnails": {
                  "default": {
                      "url": "https://i.ytimg.com/vi/JoFXDFxOJD0/default.jpg",
                      "width": 120,
                      "height": 90
                  },
                  "medium": {
                      "url": "https://i.ytimg.com/vi/JoFXDFxOJD0/mqdefault.jpg",
                      "width": 320,
                      "height": 180
                  },
                  "high": {
                      "url": "https://i.ytimg.com/vi/JoFXDFxOJD0/hqdefault.jpg",
                      "width": 480,
                      "height": 360
                  }
              },
              "channelTitle": "TonySurgeon27",
              "liveBroadcastContent": "none",
              "publishTime": "2021-11-26T05:59:16Z"
          }
      },
      {
          "kind": "youtube#searchResult",
          "etag": "R2FI7_cte6AFiDX45vxCCl15QaA",
          "id": {
              "kind": "youtube#video",
              "videoId": "u0FFMvAH6q0"
          },
          "snippet": {
              "publishedAt": "2021-06-14T03:45:22Z",
              "channelId": "UCK1ONSBJMXkr8ghoRWxwo9Q",
              "title": "Tugas biomedik mengenai penyakit radang usus buntu",
              "description": "",
              "thumbnails": {
                  "default": {
                      "url": "https://i.ytimg.com/vi/u0FFMvAH6q0/default.jpg",
                      "width": 120,
                      "height": 90
                  },
                  "medium": {
                      "url": "https://i.ytimg.com/vi/u0FFMvAH6q0/mqdefault.jpg",
                      "width": 320,
                      "height": 180
                  },
                  "high": {
                      "url": "https://i.ytimg.com/vi/u0FFMvAH6q0/hqdefault.jpg",
                      "width": 480,
                      "height": 360
                  }
              },
              "channelTitle": "Nadifa Faradilla",
              "liveBroadcastContent": "none",
              "publishTime": "2021-06-14T03:45:22Z"
          }
      },
      {
          "kind": "youtube#searchResult",
          "etag": "h8oCkb44-PUbs-hDb4EJDqJ06e0",
          "id": {
              "kind": "youtube#video",
              "videoId": "CTV_sajjBw8"
          },
          "snippet": {
              "publishedAt": "2022-02-01T03:54:11Z",
              "channelId": "UCHiOgUBonmFRzq2VxDoGCiQ",
              "title": "Jimin bts sakit usus buntu akut dan kena covid 19 // bad news",
              "description": "",
              "thumbnails": {
                  "default": {
                      "url": "https://i.ytimg.com/vi/CTV_sajjBw8/default.jpg",
                      "width": 120,
                      "height": 90
                  },
                  "medium": {
                      "url": "https://i.ytimg.com/vi/CTV_sajjBw8/mqdefault.jpg",
                      "width": 320,
                      "height": 180
                  },
                  "high": {
                      "url": "https://i.ytimg.com/vi/CTV_sajjBw8/hqdefault.jpg",
                      "width": 480,
                      "height": 360
                  }
              },
              "channelTitle": "Grasty Febri",
              "liveBroadcastContent": "none",
              "publishTime": "2022-02-01T03:54:11Z"
          }
      },
      {
          "kind": "youtube#searchResult",
          "etag": "T3YSod1Mx9GsEAUwnGbL9KC368M",
          "id": {
              "kind": "youtube#video",
              "videoId": "IELehSgG0J8"
          },
          "snippet": {
              "publishedAt": "2019-12-27T09:43:39Z",
              "channelId": "UCvSHylSQhe_qoz84iy0NdvA",
              "title": "Lvn Collagen Sembuhkan Penyakit Usus Buntu WA : 089674441094 Arul kassa",
              "description": "Setelah minum lvn collagen 3 Box 2 sachet per hari. Nyeri di perut bagian kanan dan kaki yang sebelumnya di vonis untuk ...",
              "thumbnails": {
                  "default": {
                      "url": "https://i.ytimg.com/vi/IELehSgG0J8/default.jpg",
                      "width": 120,
                      "height": 90
                  },
                  "medium": {
                      "url": "https://i.ytimg.com/vi/IELehSgG0J8/mqdefault.jpg",
                      "width": 320,
                      "height": 180
                  },
                  "high": {
                      "url": "https://i.ytimg.com/vi/IELehSgG0J8/hqdefault.jpg",
                      "width": 480,
                      "height": 360
                  }
              },
              "channelTitle": "Arul kassa SINERGY",
              "liveBroadcastContent": "none",
              "publishTime": "2019-12-27T09:43:39Z"
          }
      },
      {
          "kind": "youtube#searchResult",
          "etag": "MsuBy9vN_3GLrb_qXMlVZ8VZIZg",
          "id": {
              "kind": "youtube#video",
              "videoId": "1VLXnKeGYIE"
          },
          "snippet": {
              "publishedAt": "2020-01-10T14:15:00Z",
              "channelId": "UCh3NnBubYn0GRQjHg3efpSQ",
              "title": "Sakit Usus Buntu Sembuh Total ! Tanpa Perlu Operasi || Bunda Hamla",
              "description": "assalamualaikum, wr.wb....... Hai KAWAN !! Selamat datang di channel kami , Bantu Support gaes, Pada video kali ini kami ingin ...",
              "thumbnails": {
                  "default": {
                      "url": "https://i.ytimg.com/vi/1VLXnKeGYIE/default.jpg",
                      "width": 120,
                      "height": 90
                  },
                  "medium": {
                      "url": "https://i.ytimg.com/vi/1VLXnKeGYIE/mqdefault.jpg",
                      "width": 320,
                      "height": 180
                  },
                  "high": {
                      "url": "https://i.ytimg.com/vi/1VLXnKeGYIE/hqdefault.jpg",
                      "width": 480,
                      "height": 360
                  }
              },
              "channelTitle": "1001 Ajian",
              "liveBroadcastContent": "none",
              "publishTime": "2020-01-10T14:15:00Z"
          }
      },
      {
          "kind": "youtube#searchResult",
          "etag": "TZJkcIjGPTUmFLX7Gg4HKd4wk0Y",
          "id": {
              "kind": "youtube#video",
              "videoId": "-UC4Qv9AGxk"
          },
          "snippet": {
              "publishedAt": "2020-01-15T23:26:40Z",
              "channelId": "UCmQ9GpN30HYr2vXEjI1cZCw",
              "title": "Penyakit usus buntu hanya satu kali terapi lintah langsung . . .",
              "description": "Konten ini berisi tentang cara budidaya lintah,cara memelihara lintah,cara pengobatan terapi lintah dan lain-lain yang ...",
              "thumbnails": {
                  "default": {
                      "url": "https://i.ytimg.com/vi/-UC4Qv9AGxk/default.jpg",
                      "width": 120,
                      "height": 90
                  },
                  "medium": {
                      "url": "https://i.ytimg.com/vi/-UC4Qv9AGxk/mqdefault.jpg",
                      "width": 320,
                      "height": 180
                  },
                  "high": {
                      "url": "https://i.ytimg.com/vi/-UC4Qv9AGxk/hqdefault.jpg",
                      "width": 480,
                      "height": 360
                  }
              },
              "channelTitle": "Saung sehat insani angga terapis",
              "liveBroadcastContent": "none",
              "publishTime": "2020-01-15T23:26:40Z"
          }
      },
      {
          "kind": "youtube#searchResult",
          "etag": "9Y-qS8DiYyVdarSZmQ_I2WjZx-w",
          "id": {
              "kind": "youtube#video",
              "videoId": "iPTWvlBhJdc"
          },
          "snippet": {
              "publishedAt": "2022-03-07T07:22:14Z",
              "channelId": "UCcKgzDu7USGemsqhY4QQ7mg",
              "title": "Jangan Tunda Pengobatan Jika Ada Gejala Penyakit Serius",
              "description": "Semakin cepat pasien mendapat penanganan, semakin memperbesar peluang pasien itu untuk sembuh, terutama dalam kasus ...",
              "thumbnails": {
                  "default": {
                      "url": "https://i.ytimg.com/vi/iPTWvlBhJdc/default.jpg",
                      "width": 120,
                      "height": 90
                  },
                  "medium": {
                      "url": "https://i.ytimg.com/vi/iPTWvlBhJdc/mqdefault.jpg",
                      "width": 320,
                      "height": 180
                  },
                  "high": {
                      "url": "https://i.ytimg.com/vi/iPTWvlBhJdc/hqdefault.jpg",
                      "width": 480,
                      "height": 360
                  }
              },
              "channelTitle": "Mayapada Hospital",
              "liveBroadcastContent": "none",
              "publishTime": "2022-03-07T07:22:14Z"
          }
      },
      {
          "kind": "youtube#searchResult",
          "etag": "P2asmmUgRrOAV0qEcMyR5eFlaKM",
          "id": {
              "kind": "youtube#video",
              "videoId": "pQpkGrv1iJc"
          },
          "snippet": {
              "publishedAt": "2020-06-09T18:02:16Z",
              "channelId": "UCKv9mpUmfToFl5xifl59PSg",
              "title": "Awalnya Usus Buntu Akhirnya Harus Cuci Darah | Koma 50 hari dan ususnya dipotong 1 meter",
              "description": "Perjalanan panjang Viara sebenarnya sudah tertulis di novel Gadis Kecilku tentang usus buntu, gagal ginjal harus cuci darah dan ...",
              "thumbnails": {
                  "default": {
                      "url": "https://i.ytimg.com/vi/pQpkGrv1iJc/default.jpg",
                      "width": 120,
                      "height": 90
                  },
                  "medium": {
                      "url": "https://i.ytimg.com/vi/pQpkGrv1iJc/mqdefault.jpg",
                      "width": 320,
                      "height": 180
                  },
                  "high": {
                      "url": "https://i.ytimg.com/vi/pQpkGrv1iJc/hqdefault.jpg",
                      "width": 480,
                      "height": 360
                  }
              },
              "channelTitle": "Viara Care",
              "liveBroadcastContent": "none",
              "publishTime": "2020-06-09T18:02:16Z"
          }
      },
      {
          "kind": "youtube#searchResult",
          "etag": "ItAFds-_a3To71XRBVW4D6mxlEo",
          "id": {
              "kind": "youtube#video",
              "videoId": "hPFzvyrOXRA"
          },
          "snippet": {
              "publishedAt": "2021-02-03T03:40:52Z",
              "channelId": "UCMMXSoCjrC__ht1-Ur_AuWg",
              "title": "INFORMASI TENTANG Penyakit Jantung, Usus buntu, dan Diabetes ✨",
              "description": "Perkenalkan saya Maya Sylvia Ivanti Dari SMPN 95, Kelas 9C Disini saya memberikan sekilas informasi dan pengetahuan ...",
              "thumbnails": {
                  "default": {
                      "url": "https://i.ytimg.com/vi/hPFzvyrOXRA/default.jpg",
                      "width": 120,
                      "height": 90
                  },
                  "medium": {
                      "url": "https://i.ytimg.com/vi/hPFzvyrOXRA/mqdefault.jpg",
                      "width": 320,
                      "height": 180
                  },
                  "high": {
                      "url": "https://i.ytimg.com/vi/hPFzvyrOXRA/hqdefault.jpg",
                      "width": 480,
                      "height": 360
                  }
              },
              "channelTitle": "Maya Sylvv",
              "liveBroadcastContent": "none",
              "publishTime": "2021-02-03T03:40:52Z"
          }
      },
      {
          "kind": "youtube#searchResult",
          "etag": "GUSjFsQVN8azZVzzZQ2UooJbEEA",
          "id": {
              "kind": "youtube#video",
              "videoId": "bwx6b5bht7M"
          },
          "snippet": {
              "publishedAt": "2020-08-13T13:00:54Z",
              "channelId": "UCQAe7d1OPYOx7xdoFsTL8pQ",
              "title": "CIRI - CIRI KALAU KITA TERKENA USUS BUNTU",
              "description": "CIRI - CIRI KALAU KITA TERKENA USUS BUNTU CIRI - CIRI KALAU KITA TERKENA USUS BUNTU CIRI - CIRI KALAU KITA ...",
              "thumbnails": {
                  "default": {
                      "url": "https://i.ytimg.com/vi/bwx6b5bht7M/default.jpg",
                      "width": 120,
                      "height": 90
                  },
                  "medium": {
                      "url": "https://i.ytimg.com/vi/bwx6b5bht7M/mqdefault.jpg",
                      "width": 320,
                      "height": 180
                  },
                  "high": {
                      "url": "https://i.ytimg.com/vi/bwx6b5bht7M/hqdefault.jpg",
                      "width": 480,
                      "height": 360
                  }
              },
              "channelTitle": "Dokter Bilang Official",
              "liveBroadcastContent": "none",
              "publishTime": "2020-08-13T13:00:54Z"
          }
      },
      {
          "kind": "youtube#searchResult",
          "etag": "SwL1jhz-Y_lSDW8tM97Ot5zbr-g",
          "id": {
              "kind": "youtube#video",
              "videoId": "aS4YsMJFpVw"
          },
          "snippet": {
              "publishedAt": "2021-07-14T03:55:03Z",
              "channelId": "UC0oyBLqyD2_aEPB-TEi-Z-g",
              "title": "Testimony susu proVit untuk penyakit Lambing,Usus Buntu dan Jantung",
              "description": "Informasi lebih lanjut silahkan hubungi Ahmad Bustomi 082216649789.",
              "thumbnails": {
                  "default": {
                      "url": "https://i.ytimg.com/vi/aS4YsMJFpVw/default.jpg",
                      "width": 120,
                      "height": 90
                  },
                  "medium": {
                      "url": "https://i.ytimg.com/vi/aS4YsMJFpVw/mqdefault.jpg",
                      "width": 320,
                      "height": 180
                  },
                  "high": {
                      "url": "https://i.ytimg.com/vi/aS4YsMJFpVw/hqdefault.jpg",
                      "width": 480,
                      "height": 360
                  }
              },
              "channelTitle": "ARKANDI TV",
              "liveBroadcastContent": "none",
              "publishTime": "2021-07-14T03:55:03Z"
          }
      },
      {
          "kind": "youtube#searchResult",
          "etag": "ybxbmHnACUb6MJjH5JE8PNmYfRs",
          "id": {
              "kind": "youtube#video",
              "videoId": "Jh7qHtlZNW4"
          },
          "snippet": {
              "publishedAt": "2018-05-26T06:53:40Z",
              "channelId": "UCyydKSWIw4XvCUglpGGwFwg",
              "title": "5 Cara Alami Mencegah Usus Buntu",
              "description": "Buat kalian , tetangga, orang terdekat atau siapapun yang memiliki riwayat penyakit usus buntu, bisa cobain tips ini.. jangan lupa ...",
              "thumbnails": {
                  "default": {
                      "url": "https://i.ytimg.com/vi/Jh7qHtlZNW4/default.jpg",
                      "width": 120,
                      "height": 90
                  },
                  "medium": {
                      "url": "https://i.ytimg.com/vi/Jh7qHtlZNW4/mqdefault.jpg",
                      "width": 320,
                      "height": 180
                  },
                  "high": {
                      "url": "https://i.ytimg.com/vi/Jh7qHtlZNW4/hqdefault.jpg",
                      "width": 480,
                      "height": 360
                  }
              },
              "channelTitle": "nanda rizqi200",
              "liveBroadcastContent": "none",
              "publishTime": "2018-05-26T06:53:40Z"
          }
      },
      {
          "kind": "youtube#searchResult",
          "etag": "DsS7D17JyabsqPZdJZbQ1JwlkQ4",
          "id": {
              "kind": "youtube#video",
              "videoId": "IQf__GxVztg"
          },
          "snippet": {
              "publishedAt": "2021-04-14T06:22:34Z",
              "channelId": "UCQBOnyrKEbocX47Z8AfO3fA",
              "title": "Riwayat penyakit alamiah usus buntu",
              "description": "",
              "thumbnails": {
                  "default": {
                      "url": "https://i.ytimg.com/vi/IQf__GxVztg/default.jpg",
                      "width": 120,
                      "height": 90
                  },
                  "medium": {
                      "url": "https://i.ytimg.com/vi/IQf__GxVztg/mqdefault.jpg",
                      "width": 320,
                      "height": 180
                  },
                  "high": {
                      "url": "https://i.ytimg.com/vi/IQf__GxVztg/hqdefault.jpg",
                      "width": 480,
                      "height": 360
                  }
              },
              "channelTitle": "Monika Lasria",
              "liveBroadcastContent": "none",
              "publishTime": "2021-04-14T06:22:34Z"
          }
      },
      {
          "kind": "youtube#searchResult",
          "etag": "VK_J7D1-Bn7islCmmfm_9vqrJAk",
          "id": {
              "kind": "youtube#video",
              "videoId": "GFNvLqnKGxU"
          },
          "snippet": {
              "publishedAt": "2020-07-09T08:37:59Z",
              "channelId": "UClWAudGz0AoN0HIVfAku8wQ",
              "title": "Appendicitis (Radang Usus Buntu)",
              "description": "Appendicitis (radang usus buntu) merupakan salah satu penyakit yang cukup banyak dijumpai di bagian Bedah. Meskipun ...",
              "thumbnails": {
                  "default": {
                      "url": "https://i.ytimg.com/vi/GFNvLqnKGxU/default.jpg",
                      "width": 120,
                      "height": 90
                  },
                  "medium": {
                      "url": "https://i.ytimg.com/vi/GFNvLqnKGxU/mqdefault.jpg",
                      "width": 320,
                      "height": 180
                  },
                  "high": {
                      "url": "https://i.ytimg.com/vi/GFNvLqnKGxU/hqdefault.jpg",
                      "width": 480,
                      "height": 360
                  }
              },
              "channelTitle": "Roys Pangayoman",
              "liveBroadcastContent": "none",
              "publishTime": "2020-07-09T08:37:59Z"
          }
      },
      {
          "kind": "youtube#searchResult",
          "etag": "uwcO1Pj0VtkVFMjX7AoLFiuAWMo",
          "id": {
              "kind": "youtube#video",
              "videoId": "QU7pt7Gy_jI"
          },
          "snippet": {
              "publishedAt": "2021-06-25T06:16:25Z",
              "channelId": "UC_SO4ZznVofUaA_oequGJ_A",
              "title": "Masa Sih Makan Biji Buah Jambu Bisa Bikin Usus Buntu?",
              "description": "Manfaat jambu biji bagi tubuh memang luar biasa, apalagi kandungan vitamin C pada buah tropis ini lebih banyak ketimbang ...",
              "thumbnails": {
                  "default": {
                      "url": "https://i.ytimg.com/vi/QU7pt7Gy_jI/default.jpg",
                      "width": 120,
                      "height": 90
                  },
                  "medium": {
                      "url": "https://i.ytimg.com/vi/QU7pt7Gy_jI/mqdefault.jpg",
                      "width": 320,
                      "height": 180
                  },
                  "high": {
                      "url": "https://i.ytimg.com/vi/QU7pt7Gy_jI/hqdefault.jpg",
                      "width": 480,
                      "height": 360
                  }
              },
              "channelTitle": "indotnesia",
              "liveBroadcastContent": "none",
              "publishTime": "2021-06-25T06:16:25Z"
          }
      },
      {
          "kind": "youtube#searchResult",
          "etag": "3SwIulHuw76jLv239OxDaZ19Khs",
          "id": {
              "kind": "youtube#video",
              "videoId": "GWMIvWgldFc"
          },
          "snippet": {
              "publishedAt": "2021-10-10T17:45:30Z",
              "channelId": "UCJbmYPb6dJxPxkhM35J8ndg",
              "title": "Penyakit Pada Sistem Pencernaan (Usus Buntu)",
              "description": "Pemenuhan Tugas Dasar Biomedik 1 Nama : Shifania Salsa Riza NIM : 2111212059 IKM A1.",
              "thumbnails": {
                  "default": {
                      "url": "https://i.ytimg.com/vi/GWMIvWgldFc/default.jpg",
                      "width": 120,
                      "height": 90
                  },
                  "medium": {
                      "url": "https://i.ytimg.com/vi/GWMIvWgldFc/mqdefault.jpg",
                      "width": 320,
                      "height": 180
                  },
                  "high": {
                      "url": "https://i.ytimg.com/vi/GWMIvWgldFc/hqdefault.jpg",
                      "width": 480,
                      "height": 360
                  }
              },
              "channelTitle": "Shifania Salsa R",
              "liveBroadcastContent": "none",
              "publishTime": "2021-10-10T17:45:30Z"
          }
      },
      {
          "kind": "youtube#searchResult",
          "etag": "Cnae7fVyRp_HFm5VfzOUzdUCmS4",
          "id": {
              "kind": "youtube#video",
              "videoId": "EoVw2P6zg6U"
          },
          "snippet": {
              "publishedAt": "2021-11-03T03:23:49Z",
              "channelId": "UC2dmwt2-14pHd_RHvpfI6zQ",
              "title": "4 Jenis Makanan Penyebab Usus Buntu yang Perlu Diketahui",
              "description": "Banyak faktor yang diduga dapat memicu penyakit usus buntu, dan salah satunya adalah makanan penyebab usus buntu. Lantas ...",
              "thumbnails": {
                  "default": {
                      "url": "https://i.ytimg.com/vi/EoVw2P6zg6U/default.jpg",
                      "width": 120,
                      "height": 90
                  },
                  "medium": {
                      "url": "https://i.ytimg.com/vi/EoVw2P6zg6U/mqdefault.jpg",
                      "width": 320,
                      "height": 180
                  },
                  "high": {
                      "url": "https://i.ytimg.com/vi/EoVw2P6zg6U/hqdefault.jpg",
                      "width": 480,
                      "height": 360
                  }
              },
              "channelTitle": "BFOX Channel",
              "liveBroadcastContent": "none",
              "publishTime": "2021-11-03T03:23:49Z"
          }
      },
      {
          "kind": "youtube#searchResult",
          "etag": "pnNNhFaOAtqhNax_ZoCHtTnmtaU",
          "id": {
              "kind": "youtube#video",
              "videoId": "6UD7iVJH_Oo"
          },
          "snippet": {
              "publishedAt": "2021-12-26T03:07:21Z",
              "channelId": "UCj0iC8tQ4JYvefRCpPGvc5g",
              "title": "BEKAS JAHITAN USUS BUNTU",
              "description": "Waktu saya berumur 4 thn saya terkena penyakit usus buntu yang membuat saya harus di operasi oleh para dokter di rumah sakit ...",
              "thumbnails": {
                  "default": {
                      "url": "https://i.ytimg.com/vi/6UD7iVJH_Oo/default.jpg",
                      "width": 120,
                      "height": 90
                  },
                  "medium": {
                      "url": "https://i.ytimg.com/vi/6UD7iVJH_Oo/mqdefault.jpg",
                      "width": 320,
                      "height": 180
                  },
                  "high": {
                      "url": "https://i.ytimg.com/vi/6UD7iVJH_Oo/hqdefault.jpg",
                      "width": 480,
                      "height": 360
                  }
              },
              "channelTitle": "Abel Bokabat",
              "liveBroadcastContent": "none",
              "publishTime": "2021-12-26T03:07:21Z"
          }
      },
      {
          "kind": "youtube#searchResult",
          "etag": "Bg-TPSH4w0TvK4WFCBNbnnXyqug",
          "id": {
              "kind": "youtube#video",
              "videoId": "IcYn0eb3AvM"
          },
          "snippet": {
              "publishedAt": "2020-08-09T04:24:05Z",
              "channelId": "UCZ3d0-iukGQ557EwGN-vz6w",
              "title": "Peduli amal buat saudara kita yg tekena penyakit usus buntu",
              "description": "",
              "thumbnails": {
                  "default": {
                      "url": "https://i.ytimg.com/vi/IcYn0eb3AvM/default.jpg",
                      "width": 120,
                      "height": 90
                  },
                  "medium": {
                      "url": "https://i.ytimg.com/vi/IcYn0eb3AvM/mqdefault.jpg",
                      "width": 320,
                      "height": 180
                  },
                  "high": {
                      "url": "https://i.ytimg.com/vi/IcYn0eb3AvM/hqdefault.jpg",
                      "width": 480,
                      "height": 360
                  }
              },
              "channelTitle": "pemuda kalem",
              "liveBroadcastContent": "none",
              "publishTime": "2020-08-09T04:24:05Z"
          }
      },
      {
          "kind": "youtube#searchResult",
          "etag": "_Q7TSnmzuAkUEKahN3xOABzY8Wg",
          "id": {
              "kind": "youtube#video",
              "videoId": "jVFzmUkwDDY"
          },
          "snippet": {
              "publishedAt": "2021-06-04T06:41:37Z",
              "channelId": "UCleLMZHdMg2nlrhOkoqLNQw",
              "title": "Kasus Usus Buntu",
              "description": "Tidak Jadi Operasi Usus Buntu.",
              "thumbnails": {
                  "default": {
                      "url": "https://i.ytimg.com/vi/jVFzmUkwDDY/default.jpg",
                      "width": 120,
                      "height": 90
                  },
                  "medium": {
                      "url": "https://i.ytimg.com/vi/jVFzmUkwDDY/mqdefault.jpg",
                      "width": 320,
                      "height": 180
                  },
                  "high": {
                      "url": "https://i.ytimg.com/vi/jVFzmUkwDDY/hqdefault.jpg",
                      "width": 480,
                      "height": 360
                  }
              },
              "channelTitle": "HAKASIFA",
              "liveBroadcastContent": "none",
              "publishTime": "2021-06-04T06:41:37Z"
          }
      },
      {
          "kind": "youtube#searchResult",
          "etag": "015EGEys5fW_GRfCp3vQPy4v9_E",
          "id": {
              "kind": "youtube#video",
              "videoId": "u00_jNb0Mq8"
          },
          "snippet": {
              "publishedAt": "2020-11-05T11:19:37Z",
              "channelId": "UCp-fuJLouLimn_lAvqovHgw",
              "title": "Operasi Saluan Pencernaan ( Laparatomi Vs Laparaskopi) | Usus Buntu, Batu Empedu, Bedah Perut",
              "description": "ususbuntu #keperawatan #hayatuthoyibah.",
              "thumbnails": {
                  "default": {
                      "url": "https://i.ytimg.com/vi/u00_jNb0Mq8/default.jpg",
                      "width": 120,
                      "height": 90
                  },
                  "medium": {
                      "url": "https://i.ytimg.com/vi/u00_jNb0Mq8/mqdefault.jpg",
                      "width": 320,
                      "height": 180
                  },
                  "high": {
                      "url": "https://i.ytimg.com/vi/u00_jNb0Mq8/hqdefault.jpg",
                      "width": 480,
                      "height": 360
                  }
              },
              "channelTitle": "hayatun thoyibah",
              "liveBroadcastContent": "none",
              "publishTime": "2020-11-05T11:19:37Z"
          }
      },
      {
          "kind": "youtube#searchResult",
          "etag": "-9gWGC-YT5-K1ZDF54nQKXtu9Ts",
          "id": {
              "kind": "youtube#video",
              "videoId": "u75D5ObAOlU"
          },
          "snippet": {
              "publishedAt": "2020-09-24T04:00:37Z",
              "channelId": "UCT5GaBvIoluQtN7OIOWzccg",
              "title": "Terapi Sehat Untuk Mengobati Usus Buntu",
              "description": "Usus buntu adalah peradangan dari apendiks atau usus buntu. Usus buntu adalah penonjolan dari sisi kanan usus besar yang ...",
              "thumbnails": {
                  "default": {
                      "url": "https://i.ytimg.com/vi/u75D5ObAOlU/default.jpg",
                      "width": 120,
                      "height": 90
                  },
                  "medium": {
                      "url": "https://i.ytimg.com/vi/u75D5ObAOlU/mqdefault.jpg",
                      "width": 320,
                      "height": 180
                  },
                  "high": {
                      "url": "https://i.ytimg.com/vi/u75D5ObAOlU/hqdefault.jpg",
                      "width": 480,
                      "height": 360
                  }
              },
              "channelTitle": "Rumah Sehat Ories - Koryo Hand Therapy",
              "liveBroadcastContent": "none",
              "publishTime": "2020-09-24T04:00:37Z"
          }
      },
      {
          "kind": "youtube#searchResult",
          "etag": "30157slAxTrqehKM6GiFRD17tsM",
          "id": {
              "kind": "youtube#video",
              "videoId": "UdlS9PS5qBk"
          },
          "snippet": {
              "publishedAt": "2021-10-06T13:39:50Z",
              "channelId": "UCAqZyJBmamnz4YyKelLKuPA",
              "title": "MASALAH PENCERNAAN- USUS BUNTU oleh Affiifah Nabilah Putri (Ilmu kesehatan masyarakat- A1)",
              "description": "Nama : Affiifah Nabilah Putri NIM : 2111213041 Mata Kuliah : Dasar Biomedik 1 Dosen Pengampu : Suci Maisyarah Nasution, ...",
              "thumbnails": {
                  "default": {
                      "url": "https://i.ytimg.com/vi/UdlS9PS5qBk/default.jpg",
                      "width": 120,
                      "height": 90
                  },
                  "medium": {
                      "url": "https://i.ytimg.com/vi/UdlS9PS5qBk/mqdefault.jpg",
                      "width": 320,
                      "height": 180
                  },
                  "high": {
                      "url": "https://i.ytimg.com/vi/UdlS9PS5qBk/hqdefault.jpg",
                      "width": 480,
                      "height": 360
                  }
              },
              "channelTitle": "Mars Venus",
              "liveBroadcastContent": "none",
              "publishTime": "2021-10-06T13:39:50Z"
          }
      },
      {
          "kind": "youtube#searchResult",
          "etag": "2FrMzM6OJuMpqOLVeND--7NMdBs",
          "id": {
              "kind": "youtube#video",
              "videoId": "d-1721BoVXU"
          },
          "snippet": {
              "publishedAt": "2019-04-14T00:46:05Z",
              "channelId": "UCuyZl-GKED3vMKv505wD58A",
              "title": "Manfaat daun krokot untuk Mengatasi usus buntu",
              "description": "",
              "thumbnails": {
                  "default": {
                      "url": "https://i.ytimg.com/vi/d-1721BoVXU/default.jpg",
                      "width": 120,
                      "height": 90
                  },
                  "medium": {
                      "url": "https://i.ytimg.com/vi/d-1721BoVXU/mqdefault.jpg",
                      "width": 320,
                      "height": 180
                  },
                  "high": {
                      "url": "https://i.ytimg.com/vi/d-1721BoVXU/hqdefault.jpg",
                      "width": 480,
                      "height": 360
                  }
              },
              "channelTitle": "Rah jainal 91",
              "liveBroadcastContent": "none",
              "publishTime": "2019-04-14T00:46:05Z"
          }
      },
      {
          "kind": "youtube#searchResult",
          "etag": "oH8gTAcHwpJIuQKXvH3zSkBEU2w",
          "id": {
              "kind": "youtube#video",
              "videoId": "nJqzdrKZkb0"
          },
          "snippet": {
              "publishedAt": "2020-04-08T12:25:06Z",
              "channelId": "UCwsfdLsK9ZAbTiYnYyk0vkQ",
              "title": "Usus Buntu - Gejala dan Penyebabnya - dr. Agung Widianto, Sp.B-KBD",
              "description": "Sehat & Hèpi adalah obrolan seputar kesehatan bersama dokter ahli di bidangnya. Tonton terus channel ini untuk tau info – info ...",
              "thumbnails": {
                  "default": {
                      "url": "https://i.ytimg.com/vi/nJqzdrKZkb0/default.jpg",
                      "width": 120,
                      "height": 90
                  },
                  "medium": {
                      "url": "https://i.ytimg.com/vi/nJqzdrKZkb0/mqdefault.jpg",
                      "width": 320,
                      "height": 180
                  },
                  "high": {
                      "url": "https://i.ytimg.com/vi/nJqzdrKZkb0/hqdefault.jpg",
                      "width": 480,
                      "height": 360
                  }
              },
              "channelTitle": "Ninda Nindiani",
              "liveBroadcastContent": "none",
              "publishTime": "2020-04-08T12:25:06Z"
          }
      },
      {
          "kind": "youtube#searchResult",
          "etag": "f3aMxLckdc-HdH1md730EGzg4rY",
          "id": {
              "kind": "youtube#video",
              "videoId": "MQAmaUdrXV0"
          },
          "snippet": {
              "publishedAt": "2020-12-09T10:02:59Z",
              "channelId": "UC8uJxOqCW5qdq2MKW4AWgqw",
              "title": "Pijat turun berok pria gejala usus buntu | apendisitis massage",
              "description": "BAGI KALIAN YANG PUNYA PENYAKIT MEDIS NON MEDIS TULANG SYARAF DAN MASALAH KEPERKASAAN YANG BELUM ...",
              "thumbnails": {
                  "default": {
                      "url": "https://i.ytimg.com/vi/MQAmaUdrXV0/default.jpg",
                      "width": 120,
                      "height": 90
                  },
                  "medium": {
                      "url": "https://i.ytimg.com/vi/MQAmaUdrXV0/mqdefault.jpg",
                      "width": 320,
                      "height": 180
                  },
                  "high": {
                      "url": "https://i.ytimg.com/vi/MQAmaUdrXV0/hqdefault.jpg",
                      "width": 480,
                      "height": 360
                  }
              },
              "channelTitle": "NYAI MAYA",
              "liveBroadcastContent": "none",
              "publishTime": "2020-12-09T10:02:59Z"
          }
      },
      {
          "kind": "youtube#searchResult",
          "etag": "yxsqrzCeJBABIAqVczHjq-Bwwd8",
          "id": {
              "kind": "youtube#video",
              "videoId": "H-9C34PVkCk"
          },
          "snippet": {
              "publishedAt": "2021-01-21T10:58:13Z",
              "channelId": "UCkn35r62uZIvjvoM6lOmFIg",
              "title": "TEKAN TITIK INI...???INSYA ALLAH USUS BUNTU  CEPAT SEMBUH",
              "description": "",
              "thumbnails": {
                  "default": {
                      "url": "https://i.ytimg.com/vi/H-9C34PVkCk/default.jpg",
                      "width": 120,
                      "height": 90
                  },
                  "medium": {
                      "url": "https://i.ytimg.com/vi/H-9C34PVkCk/mqdefault.jpg",
                      "width": 320,
                      "height": 180
                  },
                  "high": {
                      "url": "https://i.ytimg.com/vi/H-9C34PVkCk/hqdefault.jpg",
                      "width": 480,
                      "height": 360
                  }
              },
              "channelTitle": "bulbul kelana",
              "liveBroadcastContent": "none",
              "publishTime": "2021-01-21T10:58:13Z"
          }
      },
      {
          "kind": "youtube#searchResult",
          "etag": "m6CPGEjlxefz6sYxbj7W_E6l4hg",
          "id": {
              "kind": "youtube#video",
              "videoId": "9FdKy5fvV5g"
          },
          "snippet": {
              "publishedAt": "2016-04-09T21:45:54Z",
              "channelId": "UCuH0l8uevY2NGJHJcTLo3ig",
              "title": "usus buntu wildan",
              "description": "",
              "thumbnails": {
                  "default": {
                      "url": "https://i.ytimg.com/vi/9FdKy5fvV5g/default.jpg",
                      "width": 120,
                      "height": 90
                  },
                  "medium": {
                      "url": "https://i.ytimg.com/vi/9FdKy5fvV5g/mqdefault.jpg",
                      "width": 320,
                      "height": 180
                  },
                  "high": {
                      "url": "https://i.ytimg.com/vi/9FdKy5fvV5g/hqdefault.jpg",
                      "width": 480,
                      "height": 360
                  }
              },
              "channelTitle": "Paguyuban Binawarga",
              "liveBroadcastContent": "none",
              "publishTime": "2016-04-09T21:45:54Z"
          }
      },
      {
          "kind": "youtube#searchResult",
          "etag": "O51esPZe9KDCCl_JFmkAvjH5bzM",
          "id": {
              "kind": "youtube#video",
              "videoId": "6cHYSu-38eY"
          },
          "snippet": {
              "publishedAt": "2021-11-24T06:26:33Z",
              "channelId": "UCNP-f0wDkniqRurADOSJp7g",
              "title": "TESTIMONI PENYAKIT GINJAL, SEKALIGUS Penanganan pasien USUS BUNTU RAYON DESA BAKAN",
              "description": "",
              "thumbnails": {
                  "default": {
                      "url": "https://i.ytimg.com/vi/6cHYSu-38eY/default.jpg",
                      "width": 120,
                      "height": 90
                  },
                  "medium": {
                      "url": "https://i.ytimg.com/vi/6cHYSu-38eY/mqdefault.jpg",
                      "width": 320,
                      "height": 180
                  },
                  "high": {
                      "url": "https://i.ytimg.com/vi/6cHYSu-38eY/hqdefault.jpg",
                      "width": 480,
                      "height": 360
                  }
              },
              "channelTitle": "Piloto Damogalad WAKIL GURU UTAMA KTI",
              "liveBroadcastContent": "none",
              "publishTime": "2021-11-24T06:26:33Z"
          }
      },
      {
          "kind": "youtube#searchResult",
          "etag": "8JEVcrELs6iSkzE_oUNVyDYERU0",
          "id": {
              "kind": "youtube#video",
              "videoId": "IXchiEzMWYs"
          },
          "snippet": {
              "publishedAt": "2021-05-23T02:00:03Z",
              "channelId": "UC6W80kpjA9bN5fIf-hwtBxA",
              "title": "Mengenal Gejala Peradangan Usus buntu🟠",
              "description": "Website dan Konsultasi = https://syarafkejepit.com/​​ Instagram = https://www.instagram.com/syarafkejepitcom Pengalaman ...",
              "thumbnails": {
                  "default": {
                      "url": "https://i.ytimg.com/vi/IXchiEzMWYs/default.jpg",
                      "width": 120,
                      "height": 90
                  },
                  "medium": {
                      "url": "https://i.ytimg.com/vi/IXchiEzMWYs/mqdefault.jpg",
                      "width": 320,
                      "height": 180
                  },
                  "high": {
                      "url": "https://i.ytimg.com/vi/IXchiEzMWYs/hqdefault.jpg",
                      "width": 480,
                      "height": 360
                  }
              },
              "channelTitle": "Nadivit TV",
              "liveBroadcastContent": "none",
              "publishTime": "2021-05-23T02:00:03Z"
          }
      },
      {
          "kind": "youtube#searchResult",
          "etag": "D2GVQX_ILeH1ytmEo7FykWY77Oo",
          "id": {
              "kind": "youtube#video",
              "videoId": "zptIDlFz5nY"
          },
          "snippet": {
              "publishedAt": "2021-08-01T16:52:57Z",
              "channelId": "UCrIqaD5gN0ADgQw32nhS-Ig",
              "title": "PASIEN PENDERITA USUS BUNTU",
              "description": "pasien tersebut sudah menderita penyakit usus buntu lumayan lama sehingga kesulitan untuk berjalan. atas ijin Allah dan ridho ...",
              "thumbnails": {
                  "default": {
                      "url": "https://i.ytimg.com/vi/zptIDlFz5nY/default.jpg",
                      "width": 120,
                      "height": 90
                  },
                  "medium": {
                      "url": "https://i.ytimg.com/vi/zptIDlFz5nY/mqdefault.jpg",
                      "width": 320,
                      "height": 180
                  },
                  "high": {
                      "url": "https://i.ytimg.com/vi/zptIDlFz5nY/hqdefault.jpg",
                      "width": 480,
                      "height": 360
                  }
              },
              "channelTitle": "Terapi sanjaya",
              "liveBroadcastContent": "none",
              "publishTime": "2021-08-01T16:52:57Z"
          }
      },
      {
          "kind": "youtube#searchResult",
          "etag": "qfFuX56YJ2-FN2lfHar6kFyei9U",
          "id": {
              "kind": "youtube#video",
              "videoId": "7q_1HJh5nQs"
          },
          "snippet": {
              "publishedAt": "2020-10-23T10:43:50Z",
              "channelId": "UCRjNrr0glMrqBAbnJ2TosAQ",
              "title": "PENKES Appendicitis (Usus Buntu ) Pada Anak ( Satuan Acara Penyuluhan )",
              "description": "",
              "thumbnails": {
                  "default": {
                      "url": "https://i.ytimg.com/vi/7q_1HJh5nQs/default.jpg",
                      "width": 120,
                      "height": 90
                  },
                  "medium": {
                      "url": "https://i.ytimg.com/vi/7q_1HJh5nQs/mqdefault.jpg",
                      "width": 320,
                      "height": 180
                  },
                  "high": {
                      "url": "https://i.ytimg.com/vi/7q_1HJh5nQs/hqdefault.jpg",
                      "width": 480,
                      "height": 360
                  }
              },
              "channelTitle": "Febia Widiantika Putri",
              "liveBroadcastContent": "none",
              "publishTime": "2020-10-23T10:43:50Z"
          }
      },
      {
          "kind": "youtube#searchResult",
          "etag": "F3B6z3RKGyL8WtVH9M6pAvcOpCM",
          "id": {
              "kind": "youtube#video",
              "videoId": "5K0AvGSP2dA"
          },
          "snippet": {
              "publishedAt": "2020-11-26T16:16:42Z",
              "channelId": "UCBVvuWX9QfizemdPmHWhy4Q",
              "title": "dikira usus buntu tau2 gangguan jin.. atas izin allah tidak ada penyakit yg tidak bisa disembuh kan.",
              "description": "",
              "thumbnails": {
                  "default": {
                      "url": "https://i.ytimg.com/vi/5K0AvGSP2dA/default.jpg",
                      "width": 120,
                      "height": 90
                  },
                  "medium": {
                      "url": "https://i.ytimg.com/vi/5K0AvGSP2dA/mqdefault.jpg",
                      "width": 320,
                      "height": 180
                  },
                  "high": {
                      "url": "https://i.ytimg.com/vi/5K0AvGSP2dA/hqdefault.jpg",
                      "width": 480,
                      "height": 360
                  }
              },
              "channelTitle": "ustd abdul Hanan _chanell",
              "liveBroadcastContent": "none",
              "publishTime": "2020-11-26T16:16:42Z"
          }
      },
      {
          "kind": "youtube#searchResult",
          "etag": "NO-iVeXioRxHtXSGmGvLV8gphJk",
          "id": {
              "kind": "youtube#video",
              "videoId": "wy-i7IiW328"
          },
          "snippet": {
              "publishedAt": "2021-09-14T09:19:26Z",
              "channelId": "UCsbWxE1MyoKpjXf2IczkIrQ",
              "title": "HERBAL UNTUK USUS BUNTU &amp; TIPS BIAR ASI  LANCAR DAN BANJIR",
              "description": "Berikut resep ummi sabil untuk penyakit usus buntu dan tips agar ASI lancar tonton videonya sampai selesai #Herbalususbuntu ...",
              "thumbnails": {
                  "default": {
                      "url": "https://i.ytimg.com/vi/wy-i7IiW328/default.jpg",
                      "width": 120,
                      "height": 90
                  },
                  "medium": {
                      "url": "https://i.ytimg.com/vi/wy-i7IiW328/mqdefault.jpg",
                      "width": 320,
                      "height": 180
                  },
                  "high": {
                      "url": "https://i.ytimg.com/vi/wy-i7IiW328/hqdefault.jpg",
                      "width": 480,
                      "height": 360
                  }
              },
              "channelTitle": "INSPIRASI SUKSES HNI HPAI",
              "liveBroadcastContent": "none",
              "publishTime": "2021-09-14T09:19:26Z"
          }
      },
      {
          "kind": "youtube#searchResult",
          "etag": "PDzVenK0ce8jdywvfG2dCA2yP5g",
          "id": {
              "kind": "youtube#video",
              "videoId": "UcqOTOygVNc"
          },
          "snippet": {
              "publishedAt": "2020-09-26T11:00:09Z",
              "channelId": "UCxiJJ48WNqAXJF_Tr3eh5pw",
              "title": "RAMUAN HERBAL UNTUK USUS BUNTU",
              "description": "Bahan - bahan yang diperlukan adalah 7 lembar daun ketapang, diminum 3 hari berturut - turut selama 3 hari. Jadi semua daun ...",
              "thumbnails": {
                  "default": {
                      "url": "https://i.ytimg.com/vi/UcqOTOygVNc/default.jpg",
                      "width": 120,
                      "height": 90
                  },
                  "medium": {
                      "url": "https://i.ytimg.com/vi/UcqOTOygVNc/mqdefault.jpg",
                      "width": 320,
                      "height": 180
                  },
                  "high": {
                      "url": "https://i.ytimg.com/vi/UcqOTOygVNc/hqdefault.jpg",
                      "width": 480,
                      "height": 360
                  }
              },
              "channelTitle": "Tiwik Polly",
              "liveBroadcastContent": "none",
              "publishTime": "2020-09-26T11:00:09Z"
          }
      },
      {
          "kind": "youtube#searchResult",
          "etag": "a_W2MU8Bv4PHg5oQsA_6zQ0xfus",
          "id": {
              "kind": "youtube#video",
              "videoId": "4zsVGee84w0"
          },
          "snippet": {
              "publishedAt": "2022-01-25T14:11:21Z",
              "channelId": "UCPWu3h2n2uS8rmKtktp50XA",
              "title": "Makanan Penyebab Usus Buntu.Simak sampai habis!",
              "description": "Usus buntu adalah organ anggota usus besar yang berfungsi menghasilkan mikroba baik bagi pencernaan. Jangan salah ...",
              "thumbnails": {
                  "default": {
                      "url": "https://i.ytimg.com/vi/4zsVGee84w0/default.jpg",
                      "width": 120,
                      "height": 90
                  },
                  "medium": {
                      "url": "https://i.ytimg.com/vi/4zsVGee84w0/mqdefault.jpg",
                      "width": 320,
                      "height": 180
                  },
                  "high": {
                      "url": "https://i.ytimg.com/vi/4zsVGee84w0/hqdefault.jpg",
                      "width": 480,
                      "height": 360
                  }
              },
              "channelTitle": "Info Penting ya",
              "liveBroadcastContent": "none",
              "publishTime": "2022-01-25T14:11:21Z"
          }
      },
      {
          "kind": "youtube#searchResult",
          "etag": "6o96EvwgjWHcAcukg6JKp9Hxldk",
          "id": {
              "kind": "youtube#video",
              "videoId": "nvJZqzt80s0"
          },
          "snippet": {
              "publishedAt": "2018-11-30T08:17:51Z",
              "channelId": "UCGlzZU4cn0DCec8VLP0lOkg",
              "title": "Mengenal apa itu peradangan usus buntu atau apendiksitis",
              "description": "Created by VideoShow:http://videoshowapp.com/free Sumber informasi dari halo dokter Ditinjau oleh : dr. Tjin Willy Jangan lupa ...",
              "thumbnails": {
                  "default": {
                      "url": "https://i.ytimg.com/vi/nvJZqzt80s0/default.jpg",
                      "width": 120,
                      "height": 90
                  },
                  "medium": {
                      "url": "https://i.ytimg.com/vi/nvJZqzt80s0/mqdefault.jpg",
                      "width": 320,
                      "height": 180
                  },
                  "high": {
                      "url": "https://i.ytimg.com/vi/nvJZqzt80s0/hqdefault.jpg",
                      "width": 480,
                      "height": 360
                  }
              },
              "channelTitle": "Oki Riosan",
              "liveBroadcastContent": "none",
              "publishTime": "2018-11-30T08:17:51Z"
          }
      },
      {
          "kind": "youtube#searchResult",
          "etag": "u4FglG-4q_6G3X2_AHT6hCEf94I",
          "id": {
              "kind": "youtube#video",
              "videoId": "Md0La4sZzr4"
          },
          "snippet": {
              "publishedAt": "2017-03-21T10:30:48Z",
              "channelId": "UCSKD06q9H-cZiANQbOeTHIw",
              "title": "mengobati usus buntu tanpa operasi dengan bahan alami",
              "description": "mengobati usus buntu tanpa operasi dengan bahan alami.",
              "thumbnails": {
                  "default": {
                      "url": "https://i.ytimg.com/vi/Md0La4sZzr4/default.jpg",
                      "width": 120,
                      "height": 90
                  },
                  "medium": {
                      "url": "https://i.ytimg.com/vi/Md0La4sZzr4/mqdefault.jpg",
                      "width": 320,
                      "height": 180
                  },
                  "high": {
                      "url": "https://i.ytimg.com/vi/Md0La4sZzr4/hqdefault.jpg",
                      "width": 480,
                      "height": 360
                  }
              },
              "channelTitle": "Andi Ahmad",
              "liveBroadcastContent": "none",
              "publishTime": "2017-03-21T10:30:48Z"
          }
      },
      {
          "kind": "youtube#searchResult",
          "etag": "juTThutHQVxHcbWH_SenFNKQXTY",
          "id": {
              "kind": "youtube#video",
              "videoId": "soDzJnSiXJY"
          },
          "snippet": {
              "publishedAt": "2021-02-06T13:01:44Z",
              "channelId": "UCLsyCutdxnJWzP7ZEMjkN9A",
              "title": "#Part1. kisah di akhir Tahun 2020 dalam Operasi Usus Buntu",
              "description": "cerita kisah nyata perjalanan hidupku di penghujung tahun baru pada tangal 30 Desember 2020.Dengan menjalani operasi ...",
              "thumbnails": {
                  "default": {
                      "url": "https://i.ytimg.com/vi/soDzJnSiXJY/default.jpg",
                      "width": 120,
                      "height": 90
                  },
                  "medium": {
                      "url": "https://i.ytimg.com/vi/soDzJnSiXJY/mqdefault.jpg",
                      "width": 320,
                      "height": 180
                  },
                  "high": {
                      "url": "https://i.ytimg.com/vi/soDzJnSiXJY/hqdefault.jpg",
                      "width": 480,
                      "height": 360
                  }
              },
              "channelTitle": "Sandros 128",
              "liveBroadcastContent": "none",
              "publishTime": "2021-02-06T13:01:44Z"
          }
      },
      {
          "kind": "youtube#searchResult",
          "etag": "i0WRW3vlERACjdmMjKCS42T7t-4",
          "id": {
              "kind": "youtube#video",
              "videoId": "e10zdxGmEeY"
          },
          "snippet": {
              "publishedAt": "2012-03-20T07:47:47Z",
              "channelId": "UCuHpvo0J7EWfXwfXPFfQFzA",
              "title": "Youtube - Anakku Pasca Operasi Usus Buntu. Avi",
              "description": "",
              "thumbnails": {
                  "default": {
                      "url": "https://i.ytimg.com/vi/e10zdxGmEeY/default.jpg",
                      "width": 120,
                      "height": 90
                  },
                  "medium": {
                      "url": "https://i.ytimg.com/vi/e10zdxGmEeY/mqdefault.jpg",
                      "width": 320,
                      "height": 180
                  },
                  "high": {
                      "url": "https://i.ytimg.com/vi/e10zdxGmEeY/hqdefault.jpg",
                      "width": 480,
                      "height": 360
                  }
              },
              "channelTitle": "Oejenk Virgo",
              "liveBroadcastContent": "none",
              "publishTime": "2012-03-20T07:47:47Z"
          }
      },
      {
          "kind": "youtube#searchResult",
          "etag": "xVyMWW7z2O0XAA0m31DDqj4U5yo",
          "id": {
              "kind": "youtube#video",
              "videoId": "__U83s78yiQ"
          },
          "snippet": {
              "publishedAt": "2020-09-11T01:34:17Z",
              "channelId": "UC6Op8noOpTvA96tdaRZpG7Q",
              "title": "Pengalaman operasi usus buntu",
              "description": "Makan sayur lebih banyak ya.",
              "thumbnails": {
                  "default": {
                      "url": "https://i.ytimg.com/vi/__U83s78yiQ/default.jpg",
                      "width": 120,
                      "height": 90
                  },
                  "medium": {
                      "url": "https://i.ytimg.com/vi/__U83s78yiQ/mqdefault.jpg",
                      "width": 320,
                      "height": 180
                  },
                  "high": {
                      "url": "https://i.ytimg.com/vi/__U83s78yiQ/hqdefault.jpg",
                      "width": 480,
                      "height": 360
                  }
              },
              "channelTitle": "•[Hauraa Kamila channel ]•",
              "liveBroadcastContent": "none",
              "publishTime": "2020-09-11T01:34:17Z"
          }
      },
      {
          "kind": "youtube#searchResult",
          "etag": "3FY5llrBHVm6z8YvhJ1cQZfAMTg",
          "id": {
              "kind": "youtube#video",
              "videoId": "hWl-MSG9SWI"
          },
          "snippet": {
              "publishedAt": "2018-10-22T06:33:12Z",
              "channelId": "UCCOvujfanVo1JKXusX0lgVQ",
              "title": "Cari Tahu..!! Tuntaskan Usus Buntu Tanpa Operasi - QnC Jelly Gamat",
              "description": "Untuk Mempercepat Pemesanan Klik Here..!! Admin 1 : http://bit.ly/QNC_admin1 Admin 2 : http://bit.ly/QNC_admin2 Beberapa ...",
              "thumbnails": {
                  "default": {
                      "url": "https://i.ytimg.com/vi/hWl-MSG9SWI/default.jpg",
                      "width": 120,
                      "height": 90
                  },
                  "medium": {
                      "url": "https://i.ytimg.com/vi/hWl-MSG9SWI/mqdefault.jpg",
                      "width": 320,
                      "height": 180
                  },
                  "high": {
                      "url": "https://i.ytimg.com/vi/hWl-MSG9SWI/hqdefault.jpg",
                      "width": 480,
                      "height": 360
                  }
              },
              "channelTitle": "Herbal Cirebon",
              "liveBroadcastContent": "none",
              "publishTime": "2018-10-22T06:33:12Z"
          }
      },
      {
          "kind": "youtube#searchResult",
          "etag": "r1mifGd7NDRe-P7tfdwfzgNeWLo",
          "id": {
              "kind": "youtube#video",
              "videoId": "Q4JXij4780o"
          },
          "snippet": {
              "publishedAt": "2019-12-25T12:30:00Z",
              "channelId": "UCq1VcHAUP_wQXcpOp9UWz8g",
              "title": "VIRALKAN !!! Usus Buntu Sembuh Dengan Cepat Tanpa Harus Operasi || Obat Alami Usus Buntu",
              "description": "assalamualaikum, wr.wb....... Hai KAWAN !! Selamat datang di channel kami , Bantu Support gaes, Pada video kali ini kami ingin ...",
              "thumbnails": {
                  "default": {
                      "url": "https://i.ytimg.com/vi/Q4JXij4780o/default.jpg",
                      "width": 120,
                      "height": 90
                  },
                  "medium": {
                      "url": "https://i.ytimg.com/vi/Q4JXij4780o/mqdefault.jpg",
                      "width": 320,
                      "height": 180
                  },
                  "high": {
                      "url": "https://i.ytimg.com/vi/Q4JXij4780o/hqdefault.jpg",
                      "width": 480,
                      "height": 360
                  }
              },
              "channelTitle": "Travel Vlog",
              "liveBroadcastContent": "none",
              "publishTime": "2019-12-25T12:30:00Z"
          }
      },
      {
          "kind": "youtube#searchResult",
          "etag": "TH6nYuccQU47GghwsuBV5Smpn9g",
          "id": {
              "kind": "youtube#video",
              "videoId": "EHsawGLXs30"
          },
          "snippet": {
              "publishedAt": "2019-11-23T07:47:48Z",
              "channelId": "UCnndmk20KlCEDhoLdPjlyHQ",
              "title": "Ih ngeriiiiiiii...........operasi usus buntu",
              "description": "",
              "thumbnails": {
                  "default": {
                      "url": "https://i.ytimg.com/vi/EHsawGLXs30/default.jpg",
                      "width": 120,
                      "height": 90
                  },
                  "medium": {
                      "url": "https://i.ytimg.com/vi/EHsawGLXs30/mqdefault.jpg",
                      "width": 320,
                      "height": 180
                  },
                  "high": {
                      "url": "https://i.ytimg.com/vi/EHsawGLXs30/hqdefault.jpg",
                      "width": 480,
                      "height": 360
                  }
              },
              "channelTitle": "lagu lampung",
              "liveBroadcastContent": "none",
              "publishTime": "2019-11-23T07:47:48Z"
          }
      },
      {
          "kind": "youtube#searchResult",
          "etag": "TfUajOf__-ws5Y9nL_ryg18-DU0",
          "id": {
              "kind": "youtube#video",
              "videoId": "MzYGpFJ3AIg"
          },
          "snippet": {
              "publishedAt": "2020-09-22T13:24:21Z",
              "channelId": "UCFIbVBVHUS_2C5SAX5NclcA",
              "title": "Jahitan Bekas Operasi Usus Buntu Segede Gaban",
              "description": "ususbuntu #komedi #sehatitumahal Jahitan Bekas Operasi Usus Buntu Segede Gaban. SEHAT ITU MAHAL. JAGALAH ...",
              "thumbnails": {
                  "default": {
                      "url": "https://i.ytimg.com/vi/MzYGpFJ3AIg/default.jpg",
                      "width": 120,
                      "height": 90
                  },
                  "medium": {
                      "url": "https://i.ytimg.com/vi/MzYGpFJ3AIg/mqdefault.jpg",
                      "width": 320,
                      "height": 180
                  },
                  "high": {
                      "url": "https://i.ytimg.com/vi/MzYGpFJ3AIg/hqdefault.jpg",
                      "width": 480,
                      "height": 360
                  }
              },
              "channelTitle": "Diyol Enterten",
              "liveBroadcastContent": "none",
              "publishTime": "2020-09-22T13:24:21Z"
          }
      },
      {
          "kind": "youtube#searchResult",
          "etag": "NYI7jJUeqBhuTnf0pUU0-VQzenI",
          "id": {
              "kind": "youtube#video",
              "videoId": "JCvR0GJwtlE"
          },
          "snippet": {
              "publishedAt": "2022-01-26T04:13:43Z",
              "channelId": "UCi8kJkUQNlyLg-Cba1e4EUA",
              "title": "RUQYAH USUS BUNTU / SAKIT PERUT",
              "description": "TATA CARANYA BERTAWASUL MENGAMAL KAN SEMUA AMALAN KITAB MAMBA'USHUL HIKMAH Ini: إلى حضرة سيدنا محمد ...",
              "thumbnails": {
                  "default": {
                      "url": "https://i.ytimg.com/vi/JCvR0GJwtlE/default.jpg",
                      "width": 120,
                      "height": 90
                  },
                  "medium": {
                      "url": "https://i.ytimg.com/vi/JCvR0GJwtlE/mqdefault.jpg",
                      "width": 320,
                      "height": 180
                  },
                  "high": {
                      "url": "https://i.ytimg.com/vi/JCvR0GJwtlE/hqdefault.jpg",
                      "width": 480,
                      "height": 360
                  }
              },
              "channelTitle": "NGAJI BARENG GUS ARIF ADDAMAWY",
              "liveBroadcastContent": "none",
              "publishTime": "2022-01-26T04:13:43Z"
          }
      }
  ]
}