{
    "kind": "youtube#searchListResponse",
    "etag": "0BST_LaI9EfkKedyPcPKOWCmKpA",
    "nextPageToken": "CPQDEAA",
    "prevPageToken": "CMIDEAE",
    "regionCode": "ID",
    "pageInfo": {
        "totalResults": 76146,
        "resultsPerPage": 50
    },
    "items": [
        {
            "kind": "youtube#searchResult",
            "etag": "i51-Kxr0J9Mx08jozGGnB5qp2f8",
            "id": {
                "kind": "youtube#video",
                "videoId": "wEUdIyDDwow"
            },
            "snippet": {
                "publishedAt": "2020-03-24T16:15:02Z",
                "channelId": "UCNriRkbq1W4Cvp7PbkIUHnw",
                "title": "Dokter Terkejut!! Usus Buntu Sembuh Total Tanpa Operasi, Cara Mengobati Usus Buntu Secara Alami",
                "description": "Assalamu'alaikum wr.wb Dokter Terkejut!! Usus Buntu Sembuh Total Tanpa Operasi, Cara Mengobati Usus Buntu Secara Alami ...",
                "thumbnails": {
                    "default": {
                        "url": "https://i.ytimg.com/vi/wEUdIyDDwow/default.jpg",
                        "width": 120,
                        "height": 90
                    },
                    "medium": {
                        "url": "https://i.ytimg.com/vi/wEUdIyDDwow/mqdefault.jpg",
                        "width": 320,
                        "height": 180
                    },
                    "high": {
                        "url": "https://i.ytimg.com/vi/wEUdIyDDwow/hqdefault.jpg",
                        "width": 480,
                        "height": 360
                    }
                },
                "channelTitle": "Sinar Islamiah",
                "liveBroadcastContent": "none",
                "publishTime": "2020-03-24T16:15:02Z"
            }
        },
        {
            "kind": "youtube#searchResult",
            "etag": "9EILHpRDng2uFlYxSk4Hb_IBThw",
            "id": {
                "kind": "youtube#video",
                "videoId": "6UY7UEmExRw"
            },
            "snippet": {
                "publishedAt": "2018-05-11T01:40:26Z",
                "channelId": "UC5-AIHCAn63zmUoTFGWg8vg",
                "title": "5 Tanda Usus Buntu Mau Pecah, Penting Diwaspadai!",
                "description": "5 Tanda Usus Buntu Mau Pecah, Penting Diwaspadai! 5 Tanda Usus Buntu Mau Pecah, Penting Diwaspadai! 72SHARES When ...",
                "thumbnails": {
                    "default": {
                        "url": "https://i.ytimg.com/vi/6UY7UEmExRw/default.jpg",
                        "width": 120,
                        "height": 90
                    },
                    "medium": {
                        "url": "https://i.ytimg.com/vi/6UY7UEmExRw/mqdefault.jpg",
                        "width": 320,
                        "height": 180
                    },
                    "high": {
                        "url": "https://i.ytimg.com/vi/6UY7UEmExRw/hqdefault.jpg",
                        "width": 480,
                        "height": 360
                    }
                },
                "channelTitle": "Micy Channel",
                "liveBroadcastContent": "none",
                "publishTime": "2018-05-11T01:40:26Z"
            }
        },
        {
            "kind": "youtube#searchResult",
            "etag": "7T-qmQ_GMV_Spjkr5WEJ5IbSj_I",
            "id": {
                "kind": "youtube#video",
                "videoId": "__0juuhLFk4"
            },
            "snippet": {
                "publishedAt": "2018-10-05T07:53:04Z",
                "channelId": "UCipI3uwqH4lDCme8BWovMPg",
                "title": "6 Daftar Makanan Dan Minuman Yang Dilarang Bagi Penderita Usus Buntu",
                "description": "LANGSUNG PESAN KLIK : Whatsapp 1 http://bit.ly/pesanobatjellygamat Whatsapp 2 http://bit.ly/pesanqncjellygamat2 Penyakit ...",
                "thumbnails": {
                    "default": {
                        "url": "https://i.ytimg.com/vi/__0juuhLFk4/default.jpg",
                        "width": 120,
                        "height": 90
                    },
                    "medium": {
                        "url": "https://i.ytimg.com/vi/__0juuhLFk4/mqdefault.jpg",
                        "width": 320,
                        "height": 180
                    },
                    "high": {
                        "url": "https://i.ytimg.com/vi/__0juuhLFk4/hqdefault.jpg",
                        "width": 480,
                        "height": 360
                    }
                },
                "channelTitle": "Herbal Pasundan",
                "liveBroadcastContent": "none",
                "publishTime": "2018-10-05T07:53:04Z"
            }
        },
        {
            "kind": "youtube#searchResult",
            "etag": "ogJshdauT4kMkNxyKb_1-93yv2c",
            "id": {
                "kind": "youtube#video",
                "videoId": "lucO2LMuPjI"
            },
            "snippet": {
                "publishedAt": "2021-05-10T03:00:27Z",
                "channelId": "UCm7U90G_v3lnoEOY7o4C69w",
                "title": "Penanganan &amp; Pengobatan Pasca Operasi Kista Endometriosis &amp; Usus Buntu Secara Laparatomi",
                "description": "Assalamualikum... Semoga video yang aku sampaikan bermanfaat, selamat menonton (: Silahkan mampir di sosial media aku: ...",
                "thumbnails": {
                    "default": {
                        "url": "https://i.ytimg.com/vi/lucO2LMuPjI/default.jpg",
                        "width": 120,
                        "height": 90
                    },
                    "medium": {
                        "url": "https://i.ytimg.com/vi/lucO2LMuPjI/mqdefault.jpg",
                        "width": 320,
                        "height": 180
                    },
                    "high": {
                        "url": "https://i.ytimg.com/vi/lucO2LMuPjI/hqdefault.jpg",
                        "width": 480,
                        "height": 360
                    }
                },
                "channelTitle": "Wuland Channel",
                "liveBroadcastContent": "none",
                "publishTime": "2021-05-10T03:00:27Z"
            }
        },
        {
            "kind": "youtube#searchResult",
            "etag": "wyWGntYcHKGkhGo-rAwdBGhPRhE",
            "id": {
                "kind": "youtube#video",
                "videoId": "ZmoQsJxHDz8"
            },
            "snippet": {
                "publishedAt": "2019-05-18T04:58:46Z",
                "channelId": "UCs_SMKLYtnYnChJnlF_hVdQ",
                "title": "Pengalaman Laparoskopi Usus Buntu #Part2",
                "description": "",
                "thumbnails": {
                    "default": {
                        "url": "https://i.ytimg.com/vi/ZmoQsJxHDz8/default.jpg",
                        "width": 120,
                        "height": 90
                    },
                    "medium": {
                        "url": "https://i.ytimg.com/vi/ZmoQsJxHDz8/mqdefault.jpg",
                        "width": 320,
                        "height": 180
                    },
                    "high": {
                        "url": "https://i.ytimg.com/vi/ZmoQsJxHDz8/hqdefault.jpg",
                        "width": 480,
                        "height": 360
                    }
                },
                "channelTitle": "Dhelittya Finaly",
                "liveBroadcastContent": "none",
                "publishTime": "2019-05-18T04:58:46Z"
            }
        },
        {
            "kind": "youtube#searchResult",
            "etag": "mX1qj1CX6S-PiALBpqgt2FWg6pE",
            "id": {
                "kind": "youtube#video",
                "videoId": "QjjAi3blfRg"
            },
            "snippet": {
                "publishedAt": "2018-01-05T07:08:28Z",
                "channelId": "UCiodnKDofnEn-CdL3ZK3x-A",
                "title": "Yuk !!! Kenali Sebelum Terlambat,Ini 5 Tanda Usus Buntu Anda Mau Pecah",
                "description": "",
                "thumbnails": {
                    "default": {
                        "url": "https://i.ytimg.com/vi/QjjAi3blfRg/default.jpg",
                        "width": 120,
                        "height": 90
                    },
                    "medium": {
                        "url": "https://i.ytimg.com/vi/QjjAi3blfRg/mqdefault.jpg",
                        "width": 320,
                        "height": 180
                    },
                    "high": {
                        "url": "https://i.ytimg.com/vi/QjjAi3blfRg/hqdefault.jpg",
                        "width": 480,
                        "height": 360
                    }
                },
                "channelTitle": "novi supriadi",
                "liveBroadcastContent": "none",
                "publishTime": "2018-01-05T07:08:28Z"
            }
        },
        {
            "kind": "youtube#searchResult",
            "etag": "mzZOkOdUwWSdqlCSV1hVhB7DNQg",
            "id": {
                "kind": "youtube#video",
                "videoId": "cK15qjVaC4Y"
            },
            "snippet": {
                "publishedAt": "2020-05-29T13:16:19Z",
                "channelId": "UCEi-hvt53kquoFjpCB5_8Qw",
                "title": "Testimoni - Ramuan untuk penyakit Usus Buntu bersama Inti27",
                "description": "Tuhan memberi kesembuhan dengan mempermudah umatnya. Testimonial Kesembuhan dengan ramuan Inti27 untuk penyakit ...",
                "thumbnails": {
                    "default": {
                        "url": "https://i.ytimg.com/vi/cK15qjVaC4Y/default.jpg",
                        "width": 120,
                        "height": 90
                    },
                    "medium": {
                        "url": "https://i.ytimg.com/vi/cK15qjVaC4Y/mqdefault.jpg",
                        "width": 320,
                        "height": 180
                    },
                    "high": {
                        "url": "https://i.ytimg.com/vi/cK15qjVaC4Y/hqdefault.jpg",
                        "width": 480,
                        "height": 360
                    }
                },
                "channelTitle": "Inti 27",
                "liveBroadcastContent": "none",
                "publishTime": "2020-05-29T13:16:19Z"
            }
        },
        {
            "kind": "youtube#searchResult",
            "etag": "RIybyNWLgC8A3jAHPn2XzRnJwfE",
            "id": {
                "kind": "youtube#video",
                "videoId": "77InEW4l2_Y"
            },
            "snippet": {
                "publishedAt": "2021-05-08T13:48:58Z",
                "channelId": "UCTiME4-mle6DEZpcK5MQtew",
                "title": "Apakah Makanan Pedas Dapat Berpengaruh Terhadap Usus Buntu ?? | Health Pedia",
                "description": "Usus buntu terjadi ketika ada sisa makanan yang terjebak dalam usus buntu dan kemudian terinfeksi bakteri. Sehingga bakteri ...",
                "thumbnails": {
                    "default": {
                        "url": "https://i.ytimg.com/vi/77InEW4l2_Y/default.jpg",
                        "width": 120,
                        "height": 90
                    },
                    "medium": {
                        "url": "https://i.ytimg.com/vi/77InEW4l2_Y/mqdefault.jpg",
                        "width": 320,
                        "height": 180
                    },
                    "high": {
                        "url": "https://i.ytimg.com/vi/77InEW4l2_Y/hqdefault.jpg",
                        "width": 480,
                        "height": 360
                    }
                },
                "channelTitle": "Hima Farmasi UNIGA",
                "liveBroadcastContent": "none",
                "publishTime": "2021-05-08T13:48:58Z"
            }
        },
        {
            "kind": "youtube#searchResult",
            "etag": "pT80jlLbrtTC-P43ZXGp8QgOs7s",
            "id": {
                "kind": "youtube#video",
                "videoId": "aaVGHGuwthE"
            },
            "snippet": {
                "publishedAt": "2020-04-21T13:00:04Z",
                "channelId": "UCNriRkbq1W4Cvp7PbkIUHnw",
                "title": "Bikin Kaget !!! Usus Buntu Sembuh Tanpa Operasi, Cara Mengobati Usus Buntu",
                "description": "Assalamu'alaikum wr.wb Selamat datang di channel kami Dalam channel ini kami akan membahas seputar kesehatan dan ...",
                "thumbnails": {
                    "default": {
                        "url": "https://i.ytimg.com/vi/aaVGHGuwthE/default.jpg",
                        "width": 120,
                        "height": 90
                    },
                    "medium": {
                        "url": "https://i.ytimg.com/vi/aaVGHGuwthE/mqdefault.jpg",
                        "width": 320,
                        "height": 180
                    },
                    "high": {
                        "url": "https://i.ytimg.com/vi/aaVGHGuwthE/hqdefault.jpg",
                        "width": 480,
                        "height": 360
                    }
                },
                "channelTitle": "Sinar Islamiah",
                "liveBroadcastContent": "none",
                "publishTime": "2020-04-21T13:00:04Z"
            }
        },
        {
            "kind": "youtube#searchResult",
            "etag": "Wj1c6tn1xdCYKoV-64fReyD4oJg",
            "id": {
                "kind": "youtube#video",
                "videoId": "q7NmUIfucPM"
            },
            "snippet": {
                "publishedAt": "2022-03-07T06:22:08Z",
                "channelId": "UCOXbZfwL4GqQbvOgZ9-wzjg",
                "title": "Episode 6: Kenapa sering nyeri perut bawah?",
                "description": "",
                "thumbnails": {
                    "default": {
                        "url": "https://i.ytimg.com/vi/q7NmUIfucPM/default.jpg",
                        "width": 120,
                        "height": 90
                    },
                    "medium": {
                        "url": "https://i.ytimg.com/vi/q7NmUIfucPM/mqdefault.jpg",
                        "width": 320,
                        "height": 180
                    },
                    "high": {
                        "url": "https://i.ytimg.com/vi/q7NmUIfucPM/hqdefault.jpg",
                        "width": 480,
                        "height": 360
                    }
                },
                "channelTitle": "Dr Caroline Tirtajasa SpOGK",
                "liveBroadcastContent": "none",
                "publishTime": "2022-03-07T06:22:08Z"
            }
        },
        {
            "kind": "youtube#searchResult",
            "etag": "LkafnrbUoFKBSiuHVz-1ZCcwaBw",
            "id": {
                "kind": "youtube#video",
                "videoId": "jZp8fL3FUAs"
            },
            "snippet": {
                "publishedAt": "2019-11-02T04:00:08Z",
                "channelId": "UC4LOp1oVc0uCAHZnOKDsklQ",
                "title": "SANGAT MUJARAB SEKALI...!!!Cara Mengobati USUS BUNTU tanpa operasi||Raja Herbal",
                "description": "ASSALAMUALAIKUM WR WB Cara Mengobati usus buntu dengan menggunakan pepaya dan mengkudu jangan lupa like and ...",
                "thumbnails": {
                    "default": {
                        "url": "https://i.ytimg.com/vi/jZp8fL3FUAs/default.jpg",
                        "width": 120,
                        "height": 90
                    },
                    "medium": {
                        "url": "https://i.ytimg.com/vi/jZp8fL3FUAs/mqdefault.jpg",
                        "width": 320,
                        "height": 180
                    },
                    "high": {
                        "url": "https://i.ytimg.com/vi/jZp8fL3FUAs/hqdefault.jpg",
                        "width": 480,
                        "height": 360
                    }
                },
                "channelTitle": "Amartha TV",
                "liveBroadcastContent": "none",
                "publishTime": "2019-11-02T04:00:08Z"
            }
        },
        {
            "kind": "youtube#searchResult",
            "etag": "JLcAn7cWblbjwS8WFSbZvd0UgBs",
            "id": {
                "kind": "youtube#video",
                "videoId": "jm9ECFK7EQY"
            },
            "snippet": {
                "publishedAt": "2018-11-29T13:59:42Z",
                "channelId": "UCqyCIGJOYcrTlfq9ny-wq5w",
                "title": "Video Ri. Hasbi Mauly waktu sakit tipes akut sama usus buntu",
                "description": "",
                "thumbnails": {
                    "default": {
                        "url": "https://i.ytimg.com/vi/jm9ECFK7EQY/default.jpg",
                        "width": 120,
                        "height": 90
                    },
                    "medium": {
                        "url": "https://i.ytimg.com/vi/jm9ECFK7EQY/mqdefault.jpg",
                        "width": 320,
                        "height": 180
                    },
                    "high": {
                        "url": "https://i.ytimg.com/vi/jm9ECFK7EQY/hqdefault.jpg",
                        "width": 480,
                        "height": 360
                    }
                },
                "channelTitle": "rizky.hasbi.19",
                "liveBroadcastContent": "none",
                "publishTime": "2018-11-29T13:59:42Z"
            }
        },
        {
            "kind": "youtube#searchResult",
            "etag": "a3m6c4mH5EPfspKzo9aRNPwjquk",
            "id": {
                "kind": "youtube#video",
                "videoId": "DgyKxVuSqtw"
            },
            "snippet": {
                "publishedAt": "2018-12-23T09:11:43Z",
                "channelId": "UC9YpvdIamBNDgVn_AGe--RA",
                "title": "Obat usus buntu tanpa operasi",
                "description": "Elang kabar.",
                "thumbnails": {
                    "default": {
                        "url": "https://i.ytimg.com/vi/DgyKxVuSqtw/default.jpg",
                        "width": 120,
                        "height": 90
                    },
                    "medium": {
                        "url": "https://i.ytimg.com/vi/DgyKxVuSqtw/mqdefault.jpg",
                        "width": 320,
                        "height": 180
                    },
                    "high": {
                        "url": "https://i.ytimg.com/vi/DgyKxVuSqtw/hqdefault.jpg",
                        "width": 480,
                        "height": 360
                    }
                },
                "channelTitle": "Tenri Solangi",
                "liveBroadcastContent": "none",
                "publishTime": "2018-12-23T09:11:43Z"
            }
        },
        {
            "kind": "youtube#searchResult",
            "etag": "PHfRF71Rd3iqtWwn04EehBw47e4",
            "id": {
                "kind": "youtube#video",
                "videoId": "0n205jkljpM"
            },
            "snippet": {
                "publishedAt": "2022-03-13T07:50:39Z",
                "channelId": "UC40HS_1GT4roYMR9g8Zb9CQ",
                "title": "NYERI PERUT KANAN BAWAH????                 USUS BUNTU ?? ATAU INFEKSI SALURAN KEMIH????",
                "description": "infeksi saluran kemih dan usus buntu gejalanya hampirlah sama,untuk membedakan nya,silahkn tonton videonya.",
                "thumbnails": {
                    "default": {
                        "url": "https://i.ytimg.com/vi/0n205jkljpM/default.jpg",
                        "width": 120,
                        "height": 90
                    },
                    "medium": {
                        "url": "https://i.ytimg.com/vi/0n205jkljpM/mqdefault.jpg",
                        "width": 320,
                        "height": 180
                    },
                    "high": {
                        "url": "https://i.ytimg.com/vi/0n205jkljpM/hqdefault.jpg",
                        "width": 480,
                        "height": 360
                    }
                },
                "channelTitle": "Krisnawati Channel",
                "liveBroadcastContent": "none",
                "publishTime": "2022-03-13T07:50:39Z"
            }
        },
        {
            "kind": "youtube#searchResult",
            "etag": "B55XGqqhIRoB6KVlFyWXO-Tlt6I",
            "id": {
                "kind": "youtube#video",
                "videoId": "E3QZsq18FQs"
            },
            "snippet": {
                "publishedAt": "2020-05-05T14:22:27Z",
                "channelId": "UCmJYpwKM1RlO91cE0KZF6PA",
                "title": "Pengobatan alternatif penyakit struk..lambung..asam urat..paru-paru..usus buntu....darah tinggi..dll",
                "description": "Semua penyakit pasti ada obatnya yang penting kita yakin sembuh insyaAllah atas izin dan ridho Allah sembuh.",
                "thumbnails": {
                    "default": {
                        "url": "https://i.ytimg.com/vi/E3QZsq18FQs/default.jpg",
                        "width": 120,
                        "height": 90
                    },
                    "medium": {
                        "url": "https://i.ytimg.com/vi/E3QZsq18FQs/mqdefault.jpg",
                        "width": 320,
                        "height": 180
                    },
                    "high": {
                        "url": "https://i.ytimg.com/vi/E3QZsq18FQs/hqdefault.jpg",
                        "width": 480,
                        "height": 360
                    }
                },
                "channelTitle": "Aa Amak",
                "liveBroadcastContent": "none",
                "publishTime": "2020-05-05T14:22:27Z"
            }
        },
        {
            "kind": "youtube#searchResult",
            "etag": "RHK5HKcphkWIFSTOLYxD1VJHRfk",
            "id": {
                "kind": "youtube#video",
                "videoId": "wMPEt2qudWw"
            },
            "snippet": {
                "publishedAt": "2022-02-03T03:07:26Z",
                "channelId": "UC4DQyQNgatHCVxtg20nP3DA",
                "title": "Inilah 4 Jenis Makanan Penyebab Usus Buntu",
                "description": "4 Jenis Makanan Penyebab Usus Buntu yang Perlu Diketahui Penyakit usus buntu merupakan peradangan pada usus buntu ...",
                "thumbnails": {
                    "default": {
                        "url": "https://i.ytimg.com/vi/wMPEt2qudWw/default.jpg",
                        "width": 120,
                        "height": 90
                    },
                    "medium": {
                        "url": "https://i.ytimg.com/vi/wMPEt2qudWw/mqdefault.jpg",
                        "width": 320,
                        "height": 180
                    },
                    "high": {
                        "url": "https://i.ytimg.com/vi/wMPEt2qudWw/hqdefault.jpg",
                        "width": 480,
                        "height": 360
                    }
                },
                "channelTitle": "RezaHerbal Tv",
                "liveBroadcastContent": "none",
                "publishTime": "2022-02-03T03:07:26Z"
            }
        },
        {
            "kind": "youtube#searchResult",
            "etag": "B5fTCnhbsOBFM1e4Xz99ErQDzaE",
            "id": {
                "kind": "youtube#video",
                "videoId": "HgXFkk2FAp0"
            },
            "snippet": {
                "publishedAt": "2017-07-09T00:04:44Z",
                "channelId": "UCuwL6i47MEkdTg7lMME7E1w",
                "title": "0822-3127-4749 (Tsel) cara mencegah usus buntu secara alami",
                "description": "cara mencegah usus buntu secara alami, cara mengobati usus buntu secara alami tanpa operasi, cara mengatasi usus buntu ...",
                "thumbnails": {
                    "default": {
                        "url": "https://i.ytimg.com/vi/HgXFkk2FAp0/default.jpg",
                        "width": 120,
                        "height": 90
                    },
                    "medium": {
                        "url": "https://i.ytimg.com/vi/HgXFkk2FAp0/mqdefault.jpg",
                        "width": 320,
                        "height": 180
                    },
                    "high": {
                        "url": "https://i.ytimg.com/vi/HgXFkk2FAp0/hqdefault.jpg",
                        "width": 480,
                        "height": 360
                    }
                },
                "channelTitle": "fiforlif diet langsing herbal",
                "liveBroadcastContent": "none",
                "publishTime": "2017-07-09T00:04:44Z"
            }
        },
        {
            "kind": "youtube#searchResult",
            "etag": "Nhan1KbNnD1_Mw4__KZxDpLJtIQ",
            "id": {
                "kind": "youtube#video",
                "videoId": "X4nnAn9GcVo"
            },
            "snippet": {
                "publishedAt": "2019-10-29T05:13:39Z",
                "channelId": "UC2O88MTjssz13bYAoC7m4WQ",
                "title": "Obat Radang Usus Buntu Alami",
                "description": "Radang usus dapat terjadi pada semua usia, namun lebih sering ditemukan pada usia 15-30 tahun. Penyebab pasti radang usus ...",
                "thumbnails": {
                    "default": {
                        "url": "https://i.ytimg.com/vi/X4nnAn9GcVo/default.jpg",
                        "width": 120,
                        "height": 90
                    },
                    "medium": {
                        "url": "https://i.ytimg.com/vi/X4nnAn9GcVo/mqdefault.jpg",
                        "width": 320,
                        "height": 180
                    },
                    "high": {
                        "url": "https://i.ytimg.com/vi/X4nnAn9GcVo/hqdefault.jpg",
                        "width": 480,
                        "height": 360
                    }
                },
                "channelTitle": "XAMthone Jambi",
                "liveBroadcastContent": "none",
                "publishTime": "2019-10-29T05:13:39Z"
            }
        },
        {
            "kind": "youtube#searchResult",
            "etag": "y6bxyYJ-6rMYiHwF0vX9mp3e1Es",
            "id": {
                "kind": "youtube#video",
                "videoId": "xoBpaTIJyFQ"
            },
            "snippet": {
                "publishedAt": "2021-10-13T06:56:58Z",
                "channelId": "UCAqZyJBmamnz4YyKelLKuPA",
                "title": "MASALAH SISTEM PENCERNAAN - USUS BUNTU oleh Affiifah Nabilah Putri (Ilmu Kesehatan Masyarakat-A1)",
                "description": "Nama : Affiifah Nabilah Putri NIM : 2111213041 Mata Kuliah : Dasar Biomedik 1 Dosen Pengampu : Suci Maisyarah Nasution, ...",
                "thumbnails": {
                    "default": {
                        "url": "https://i.ytimg.com/vi/xoBpaTIJyFQ/default.jpg",
                        "width": 120,
                        "height": 90
                    },
                    "medium": {
                        "url": "https://i.ytimg.com/vi/xoBpaTIJyFQ/mqdefault.jpg",
                        "width": 320,
                        "height": 180
                    },
                    "high": {
                        "url": "https://i.ytimg.com/vi/xoBpaTIJyFQ/hqdefault.jpg",
                        "width": 480,
                        "height": 360
                    }
                },
                "channelTitle": "Mars Venus",
                "liveBroadcastContent": "none",
                "publishTime": "2021-10-13T06:56:58Z"
            }
        },
        {
            "kind": "youtube#searchResult",
            "etag": "cKDxxIqUFeHiRSFdXBQTXn_sEoA",
            "id": {
                "kind": "youtube#video",
                "videoId": "wFw_xf4yo1Y"
            },
            "snippet": {
                "publishedAt": "2018-05-25T18:44:57Z",
                "channelId": "UCLhHZakxh32MUwnpJ8IozMA",
                "title": "vlog apendisitis / usus buntu terbaik di indonesia (wahyu fikriawan)",
                "description": "vlog/ video tenteng apendisitis (usus buntu ) maaf videonya gelap :p semoga bermanfaat jangan lupa like and subscribe.",
                "thumbnails": {
                    "default": {
                        "url": "https://i.ytimg.com/vi/wFw_xf4yo1Y/default.jpg",
                        "width": 120,
                        "height": 90
                    },
                    "medium": {
                        "url": "https://i.ytimg.com/vi/wFw_xf4yo1Y/mqdefault.jpg",
                        "width": 320,
                        "height": 180
                    },
                    "high": {
                        "url": "https://i.ytimg.com/vi/wFw_xf4yo1Y/hqdefault.jpg",
                        "width": 480,
                        "height": 360
                    }
                },
                "channelTitle": "Dzulfikar Alibasri",
                "liveBroadcastContent": "none",
                "publishTime": "2018-05-25T18:44:57Z"
            }
        },
        {
            "kind": "youtube#searchResult",
            "etag": "AUVSX-p2vvXvvhwjfFx8p-GrPQ4",
            "id": {
                "kind": "youtube#video",
                "videoId": "UMyZdFgdOSU"
            },
            "snippet": {
                "publishedAt": "2020-01-29T14:45:00Z",
                "channelId": "UCq1VcHAUP_wQXcpOp9UWz8g",
                "title": "Viral !! Usus Buntu Sembuh Total Tanpa Operasi | Mengobati Usus Buntu Secara Alami",
                "description": "assalamualaikum, wr.wb....... Hai KAWAN !! Selamat datang di channel kami , Bantu Support gaes, Pada video kali ini kami ingin ...",
                "thumbnails": {
                    "default": {
                        "url": "https://i.ytimg.com/vi/UMyZdFgdOSU/default.jpg",
                        "width": 120,
                        "height": 90
                    },
                    "medium": {
                        "url": "https://i.ytimg.com/vi/UMyZdFgdOSU/mqdefault.jpg",
                        "width": 320,
                        "height": 180
                    },
                    "high": {
                        "url": "https://i.ytimg.com/vi/UMyZdFgdOSU/hqdefault.jpg",
                        "width": 480,
                        "height": 360
                    }
                },
                "channelTitle": "Travel Vlog",
                "liveBroadcastContent": "none",
                "publishTime": "2020-01-29T14:45:00Z"
            }
        },
        {
            "kind": "youtube#searchResult",
            "etag": "JJMHF3eByzk8QncFQ_AKPUxe3Hs",
            "id": {
                "kind": "youtube#video",
                "videoId": "UjF0X8N9exw"
            },
            "snippet": {
                "publishedAt": "2018-07-17T12:45:02Z",
                "channelId": "UCEEjU4qXry8kXYbIieE1eYA",
                "title": "Makanan Yang Menjadi Penyebab Usus Buntu",
                "description": "Makanan Yang Menjadi Penyebab Usus Buntu SEMOGA BERMANFAAT..!!! BERITAHU KAMI JIKA ADA KEKURANGAN PADA ...",
                "thumbnails": {
                    "default": {
                        "url": "https://i.ytimg.com/vi/UjF0X8N9exw/default.jpg",
                        "width": 120,
                        "height": 90
                    },
                    "medium": {
                        "url": "https://i.ytimg.com/vi/UjF0X8N9exw/mqdefault.jpg",
                        "width": 320,
                        "height": 180
                    },
                    "high": {
                        "url": "https://i.ytimg.com/vi/UjF0X8N9exw/hqdefault.jpg",
                        "width": 480,
                        "height": 360
                    }
                },
                "channelTitle": "SOBAT yutub",
                "liveBroadcastContent": "none",
                "publishTime": "2018-07-17T12:45:02Z"
            }
        },
        {
            "kind": "youtube#searchResult",
            "etag": "WZjihz9g7dRxQsg74gXAcXJsBEg",
            "id": {
                "kind": "youtube#video",
                "videoId": "on2zssD-Ubw"
            },
            "snippet": {
                "publishedAt": "2020-11-09T03:23:40Z",
                "channelId": "UCigWASV7jJTflHrMgZK548A",
                "title": "OBAT RADANG USUS BUNTU USUS BESAR USUS 12 JARI INFEKSI USUS DI APOTIK BISA COD",
                "description": "Kami rekomendasikan obat herbal De Nature yang sudah terbukti ampuh untuk mengobati penyakit Radang Usus, Usus Buntu, ...",
                "thumbnails": {
                    "default": {
                        "url": "https://i.ytimg.com/vi/on2zssD-Ubw/default.jpg",
                        "width": 120,
                        "height": 90
                    },
                    "medium": {
                        "url": "https://i.ytimg.com/vi/on2zssD-Ubw/mqdefault.jpg",
                        "width": 320,
                        "height": 180
                    },
                    "high": {
                        "url": "https://i.ytimg.com/vi/on2zssD-Ubw/hqdefault.jpg",
                        "width": 480,
                        "height": 360
                    }
                },
                "channelTitle": "Yunita Herbal",
                "liveBroadcastContent": "none",
                "publishTime": "2020-11-09T03:23:40Z"
            }
        },
        {
            "kind": "youtube#searchResult",
            "etag": "lMiJ4mfTZnvXpglyOJ1BcztUJsQ",
            "id": {
                "kind": "youtube#video",
                "videoId": "bdURggqTdfk"
            },
            "snippet": {
                "publishedAt": "2019-05-16T02:30:01Z",
                "channelId": "UCQfXUu819y74l2ELNY4lO1A",
                "title": "Subhanallah.....Usus buntu sembuh tanpa harus dengan cara operasi",
                "description": "ASSALAMUALAIKUM WR.WB SELAMAT DATANG DI CHANNEL KAMI, DIMANA KAMI AKAN SELALU BERBAGI TIPS ATAU ...",
                "thumbnails": {
                    "default": {
                        "url": "https://i.ytimg.com/vi/bdURggqTdfk/default.jpg",
                        "width": 120,
                        "height": 90
                    },
                    "medium": {
                        "url": "https://i.ytimg.com/vi/bdURggqTdfk/mqdefault.jpg",
                        "width": 320,
                        "height": 180
                    },
                    "high": {
                        "url": "https://i.ytimg.com/vi/bdURggqTdfk/hqdefault.jpg",
                        "width": 480,
                        "height": 360
                    }
                },
                "channelTitle": "Lebih Ampuh",
                "liveBroadcastContent": "none",
                "publishTime": "2019-05-16T02:30:01Z"
            }
        },
        {
            "kind": "youtube#searchResult",
            "etag": "Y7gMpeCInZGt8Q8HlF_CxIh_8fg",
            "id": {
                "kind": "youtube#video",
                "videoId": "AYotiNht69g"
            },
            "snippet": {
                "publishedAt": "2019-02-18T07:52:05Z",
                "channelId": "UCtjmBEd-CSjW17G_6AvS1kg",
                "title": "operasi usus buntu",
                "description": "membahas seputar berapa lamakah operasi usus buntu berlangsung.",
                "thumbnails": {
                    "default": {
                        "url": "https://i.ytimg.com/vi/AYotiNht69g/default.jpg",
                        "width": 120,
                        "height": 90
                    },
                    "medium": {
                        "url": "https://i.ytimg.com/vi/AYotiNht69g/mqdefault.jpg",
                        "width": 320,
                        "height": 180
                    },
                    "high": {
                        "url": "https://i.ytimg.com/vi/AYotiNht69g/hqdefault.jpg",
                        "width": 480,
                        "height": 360
                    }
                },
                "channelTitle": "Nur Khanifah",
                "liveBroadcastContent": "none",
                "publishTime": "2019-02-18T07:52:05Z"
            }
        },
        {
            "kind": "youtube#searchResult",
            "etag": "yWqc6pjImwQD1rsTZWZaMBfaLpE",
            "id": {
                "kind": "youtube#video",
                "videoId": "PEPPhxLjr4I"
            },
            "snippet": {
                "publishedAt": "2020-08-20T14:48:52Z",
                "channelId": "UCxWTBp2Px0cw_AkqYQESn6g",
                "title": "Mely Edo &quot; Kesaksian mba Sulastri sembuh dari penyakit Miom, usus buntu, maag kronis, tukak lambung&quot;",
                "description": "Mely Edo \" Kesaksian mba Sulastri sembuh dari penyakit Miom, usus buntu, maag kronis, tukak lambung\" Menderita selama 2 ...",
                "thumbnails": {
                    "default": {
                        "url": "https://i.ytimg.com/vi/PEPPhxLjr4I/default.jpg",
                        "width": 120,
                        "height": 90
                    },
                    "medium": {
                        "url": "https://i.ytimg.com/vi/PEPPhxLjr4I/mqdefault.jpg",
                        "width": 320,
                        "height": 180
                    },
                    "high": {
                        "url": "https://i.ytimg.com/vi/PEPPhxLjr4I/hqdefault.jpg",
                        "width": 480,
                        "height": 360
                    }
                },
                "channelTitle": "MELY EDO",
                "liveBroadcastContent": "none",
                "publishTime": "2020-08-20T14:48:52Z"
            }
        },
        {
            "kind": "youtube#searchResult",
            "etag": "FCCFJmCQd49QNDKmUn5MFKwbt9s",
            "id": {
                "kind": "youtube#video",
                "videoId": "9l8GUr5HEcc"
            },
            "snippet": {
                "publishedAt": "2021-01-08T06:51:55Z",
                "channelId": "UCLvFYSR2O1Pr-_UputSBDXQ",
                "title": "Rasa Sakit Karena Usus Buntu Hilang - Ath thibholistic",
                "description": "Rasa Sakit Karena Usus Buntu Hilang Oleh Gaslamb ramuan tradisional dengan formulasi herbal pilihan dan sangat baik untuk ...",
                "thumbnails": {
                    "default": {
                        "url": "https://i.ytimg.com/vi/9l8GUr5HEcc/default.jpg",
                        "width": 120,
                        "height": 90
                    },
                    "medium": {
                        "url": "https://i.ytimg.com/vi/9l8GUr5HEcc/mqdefault.jpg",
                        "width": 320,
                        "height": 180
                    },
                    "high": {
                        "url": "https://i.ytimg.com/vi/9l8GUr5HEcc/hqdefault.jpg",
                        "width": 480,
                        "height": 360
                    }
                },
                "channelTitle": "Ath Thibholistic",
                "liveBroadcastContent": "none",
                "publishTime": "2021-01-08T06:51:55Z"
            }
        },
        {
            "kind": "youtube#searchResult",
            "etag": "0QEHuFZ7QdQIwbH61qXalbTTNkY",
            "id": {
                "kind": "youtube#video",
                "videoId": "hA0PLAj3_NI"
            },
            "snippet": {
                "publishedAt": "2022-03-10T13:10:51Z",
                "channelId": "UCbtksm4SfqGxvGTj-vsmZBg",
                "title": "Tuntas Membersihkan Usus Besar, Tempat Sarang Penyakit Menimbun ( Part 2 ) -Bersama Ayurveda AV",
                "description": "SUARA MUSLIM RADIO NETWORK 93.8 FM Suara Muslim Surabaya 89.9 FM Suara Muslim Lumajang 88.7 FM Suara Muslim ...",
                "thumbnails": {
                    "default": {
                        "url": "https://i.ytimg.com/vi/hA0PLAj3_NI/default.jpg",
                        "width": 120,
                        "height": 90
                    },
                    "medium": {
                        "url": "https://i.ytimg.com/vi/hA0PLAj3_NI/mqdefault.jpg",
                        "width": 320,
                        "height": 180
                    },
                    "high": {
                        "url": "https://i.ytimg.com/vi/hA0PLAj3_NI/hqdefault.jpg",
                        "width": 480,
                        "height": 360
                    }
                },
                "channelTitle": "suaramuslimtv",
                "liveBroadcastContent": "none",
                "publishTime": "2022-03-10T13:10:51Z"
            }
        },
        {
            "kind": "youtube#searchResult",
            "etag": "jOVoN9hhTKu0A30jXE8EYj990fI",
            "id": {
                "kind": "youtube#video",
                "videoId": "FmVpOeS61pI"
            },
            "snippet": {
                "publishedAt": "2020-03-04T08:24:39Z",
                "channelId": "UCgc8TbeOOavPzyRR7DiOJNA",
                "title": "TERNYATA INI PENYEBAB UTAMA USUS BUNTU! JANGAN SAMPAI ANDA MENGALAMI!!",
                "description": "Siapa sih yang bisa tenang jika terkena penyakit usus buntu? Penyakit ini bisa membuat penderitanya sangat tersiksa akibat rasa ...",
                "thumbnails": {
                    "default": {
                        "url": "https://i.ytimg.com/vi/FmVpOeS61pI/default.jpg",
                        "width": 120,
                        "height": 90
                    },
                    "medium": {
                        "url": "https://i.ytimg.com/vi/FmVpOeS61pI/mqdefault.jpg",
                        "width": 320,
                        "height": 180
                    },
                    "high": {
                        "url": "https://i.ytimg.com/vi/FmVpOeS61pI/hqdefault.jpg",
                        "width": 480,
                        "height": 360
                    }
                },
                "channelTitle": "AlwiHerbalnet",
                "liveBroadcastContent": "none",
                "publishTime": "2020-03-04T08:24:39Z"
            }
        },
        {
            "kind": "youtube#searchResult",
            "etag": "kWGO1h4W00f3AULtXhva5Z-t63k",
            "id": {
                "kind": "youtube#video",
                "videoId": "4juWBFWH568"
            },
            "snippet": {
                "publishedAt": "2019-03-04T17:16:16Z",
                "channelId": "UCdJJ37Ch9zuH3_MKeXB_tZA",
                "title": "Bioglass &amp; Pendant LSW -VS- Usus Buntu, Laparoskopi, Sakit Kepala, Sakit Pinggang, Vertigo",
                "description": "Bioglass & Pendant LSW -VS- Usus Buntu, Perlengketan, Laparoskopi, Sakit Kepala, Sakit Pinggang, Vertigo, Syaraf Terjepit, ...",
                "thumbnails": {
                    "default": {
                        "url": "https://i.ytimg.com/vi/4juWBFWH568/default.jpg",
                        "width": 120,
                        "height": 90
                    },
                    "medium": {
                        "url": "https://i.ytimg.com/vi/4juWBFWH568/mqdefault.jpg",
                        "width": 320,
                        "height": 180
                    },
                    "high": {
                        "url": "https://i.ytimg.com/vi/4juWBFWH568/hqdefault.jpg",
                        "width": 480,
                        "height": 360
                    }
                },
                "channelTitle": "Rheza",
                "liveBroadcastContent": "none",
                "publishTime": "2019-03-04T17:16:16Z"
            }
        },
        {
            "kind": "youtube#searchResult",
            "etag": "i3PdK6qGaBAFWC1gsSp3wAud4ok",
            "id": {
                "kind": "youtube#video",
                "videoId": "YGxWAICf3Ro"
            },
            "snippet": {
                "publishedAt": "2022-03-14T01:52:26Z",
                "channelId": "UCWekLe2XIhwVPLXnSRl8ofQ",
                "title": "Usus buntu bisa sembuh tanpa operasi | dengan gerakan usus buntu sembuh #pazalkasaw #paz #ususbuntu",
                "description": "TESTIMONI PASIEN PENDERITA USUS BUNTU Usus buntu merupakan organ berbentuk kantong kecil dan tipis, berukuran ...",
                "thumbnails": {
                    "default": {
                        "url": "https://i.ytimg.com/vi/YGxWAICf3Ro/default.jpg",
                        "width": 120,
                        "height": 90
                    },
                    "medium": {
                        "url": "https://i.ytimg.com/vi/YGxWAICf3Ro/mqdefault.jpg",
                        "width": 320,
                        "height": 180
                    },
                    "high": {
                        "url": "https://i.ytimg.com/vi/YGxWAICf3Ro/hqdefault.jpg",
                        "width": 480,
                        "height": 360
                    }
                },
                "channelTitle": "Mumtaza Healty",
                "liveBroadcastContent": "none",
                "publishTime": "2022-03-14T01:52:26Z"
            }
        },
        {
            "kind": "youtube#searchResult",
            "etag": "k7ygXzmjS-4yHloFI8gB94h-nHY",
            "id": {
                "kind": "youtube#video",
                "videoId": "JrgcU09aEOM"
            },
            "snippet": {
                "publishedAt": "2021-07-16T10:15:00Z",
                "channelId": "UCBi4iygGRF7-jQ-3gPG3rXg",
                "title": "USUS BUNTU SEMBUH TANPA OPERASI !! EMANG BISA ? || Varash ID",
                "description": "Hallo Sahabat Varash ID, Welcome Back to My Channel ...",
                "thumbnails": {
                    "default": {
                        "url": "https://i.ytimg.com/vi/JrgcU09aEOM/default.jpg",
                        "width": 120,
                        "height": 90
                    },
                    "medium": {
                        "url": "https://i.ytimg.com/vi/JrgcU09aEOM/mqdefault.jpg",
                        "width": 320,
                        "height": 180
                    },
                    "high": {
                        "url": "https://i.ytimg.com/vi/JrgcU09aEOM/hqdefault.jpg",
                        "width": 480,
                        "height": 360
                    }
                },
                "channelTitle": "Varash ID",
                "liveBroadcastContent": "none",
                "publishTime": "2021-07-16T10:15:00Z"
            }
        },
        {
            "kind": "youtube#searchResult",
            "etag": "6A_YhEXH7-GnynN78zniUvoBqz4",
            "id": {
                "kind": "youtube#video",
                "videoId": "lBKJQKs3rdc"
            },
            "snippet": {
                "publishedAt": "2020-04-24T13:32:35Z",
                "channelId": "UCRZLCF_2ds0LuNAtnHH-aGg",
                "title": "Obat Usus Buntu Tanpa Operasi",
                "description": "Silahkan Order, Please, Subscribe, Like And Share... Thank you.... #obatherbal #obatususbuntu #obatususbuntuherbal ...",
                "thumbnails": {
                    "default": {
                        "url": "https://i.ytimg.com/vi/lBKJQKs3rdc/default.jpg",
                        "width": 120,
                        "height": 90
                    },
                    "medium": {
                        "url": "https://i.ytimg.com/vi/lBKJQKs3rdc/mqdefault.jpg",
                        "width": 320,
                        "height": 180
                    },
                    "high": {
                        "url": "https://i.ytimg.com/vi/lBKJQKs3rdc/hqdefault.jpg",
                        "width": 480,
                        "height": 360
                    }
                },
                "channelTitle": "Obat Herbal Yang Ampuh",
                "liveBroadcastContent": "none",
                "publishTime": "2020-04-24T13:32:35Z"
            }
        },
        {
            "kind": "youtube#searchResult",
            "etag": "oRGrgjTDbxDJxhr8J4s-nleXpi8",
            "id": {
                "kind": "youtube#video",
                "videoId": "NmQfcTjanxY"
            },
            "snippet": {
                "publishedAt": "2020-03-08T02:39:18Z",
                "channelId": "UCYqOeAXJm8yV9sJ8Ud3cR7A",
                "title": "RS EMC Sentul Gelar Baksos Operasi Hernia",
                "description": "Hernia atau yang lebih dikenal dengan sebutan turun berok merupakan salah satu jenis penyakit yang sampai kini banyak ...",
                "thumbnails": {
                    "default": {
                        "url": "https://i.ytimg.com/vi/NmQfcTjanxY/default.jpg",
                        "width": 120,
                        "height": 90
                    },
                    "medium": {
                        "url": "https://i.ytimg.com/vi/NmQfcTjanxY/mqdefault.jpg",
                        "width": 320,
                        "height": 180
                    },
                    "high": {
                        "url": "https://i.ytimg.com/vi/NmQfcTjanxY/hqdefault.jpg",
                        "width": 480,
                        "height": 360
                    }
                },
                "channelTitle": "Indosiar Visual Mandiri",
                "liveBroadcastContent": "none",
                "publishTime": "2020-03-08T02:39:18Z"
            }
        },
        {
            "kind": "youtube#searchResult",
            "etag": "GkNhHAOIqWF3xW0zjYj4em6GHWQ",
            "id": {
                "kind": "youtube#video",
                "videoId": "nX6tc_nHzxI"
            },
            "snippet": {
                "publishedAt": "2021-10-12T07:35:49Z",
                "channelId": "UCNP-f0wDkniqRurADOSJp7g",
                "title": "Usus buntu yang Sudah Akut, telah Sembuh Atas Ijin Allah Swt",
                "description": "",
                "thumbnails": {
                    "default": {
                        "url": "https://i.ytimg.com/vi/nX6tc_nHzxI/default.jpg",
                        "width": 120,
                        "height": 90
                    },
                    "medium": {
                        "url": "https://i.ytimg.com/vi/nX6tc_nHzxI/mqdefault.jpg",
                        "width": 320,
                        "height": 180
                    },
                    "high": {
                        "url": "https://i.ytimg.com/vi/nX6tc_nHzxI/hqdefault.jpg",
                        "width": 480,
                        "height": 360
                    }
                },
                "channelTitle": "Piloto Damogalad WAKIL GURU UTAMA KTI",
                "liveBroadcastContent": "none",
                "publishTime": "2021-10-12T07:35:49Z"
            }
        },
        {
            "kind": "youtube#searchResult",
            "etag": "HHOCh3IT8QeKvVM8Tw3vDbog4as",
            "id": {
                "kind": "youtube#video",
                "videoId": "QN6l3sfN5PA"
            },
            "snippet": {
                "publishedAt": "2019-12-13T23:48:34Z",
                "channelId": "UCPHrubdJ-adx6lZtpmhvwag",
                "title": "Tidak bisa BAB dan KENTUT Paska Operasi ( USUS BUNTU ) 1 sendok D&#39;SQUA alhamdulillah sembuh.",
                "description": "Testimoni : Ulil Albab, Gili Maringkik, Lombok-Timur NTB. Paska operasi usus buntu yg di jalaninya disalah satu rumah sakit di ...",
                "thumbnails": {
                    "default": {
                        "url": "https://i.ytimg.com/vi/QN6l3sfN5PA/default.jpg",
                        "width": 120,
                        "height": 90
                    },
                    "medium": {
                        "url": "https://i.ytimg.com/vi/QN6l3sfN5PA/mqdefault.jpg",
                        "width": 320,
                        "height": 180
                    },
                    "high": {
                        "url": "https://i.ytimg.com/vi/QN6l3sfN5PA/hqdefault.jpg",
                        "width": 480,
                        "height": 360
                    }
                },
                "channelTitle": "D'SQUA TV",
                "liveBroadcastContent": "none",
                "publishTime": "2019-12-13T23:48:34Z"
            }
        },
        {
            "kind": "youtube#searchResult",
            "etag": "qu6jMNlqobBVKL2t7NS1zpqKhv8",
            "id": {
                "kind": "youtube#video",
                "videoId": "Ph7RR8o2_IE"
            },
            "snippet": {
                "publishedAt": "2018-04-30T11:00:12Z",
                "channelId": "UCVJBVbJgAyXS02YvtaA6eoQ",
                "title": "Wah, Perut Sudah Sampai Seperti Ini Waspada Usus Buntu Akan Pecah!",
                "description": "Video ini berisi informasi tentang Wah, Perut Sudah Sampai Seperti Ini Waspada Usus Buntu Akan Pecah!",
                "thumbnails": {
                    "default": {
                        "url": "https://i.ytimg.com/vi/Ph7RR8o2_IE/default.jpg",
                        "width": 120,
                        "height": 90
                    },
                    "medium": {
                        "url": "https://i.ytimg.com/vi/Ph7RR8o2_IE/mqdefault.jpg",
                        "width": 320,
                        "height": 180
                    },
                    "high": {
                        "url": "https://i.ytimg.com/vi/Ph7RR8o2_IE/hqdefault.jpg",
                        "width": 480,
                        "height": 360
                    }
                },
                "channelTitle": "AYO HIDUP SEHAT",
                "liveBroadcastContent": "none",
                "publishTime": "2018-04-30T11:00:12Z"
            }
        },
        {
            "kind": "youtube#searchResult",
            "etag": "1lpBrnhLmkFYbGHeDrgRQjbQpBo",
            "id": {
                "kind": "youtube#video",
                "videoId": "qQdxn1xU47M"
            },
            "snippet": {
                "publishedAt": "2022-02-16T13:13:49Z",
                "channelId": "UC-rGAS55H43GXUMUNJL4uCg",
                "title": "Kebanyakan makan sambel bisa bikin usus buntu? MITOS ATAU FAKTA?",
                "description": "Dari dulu kita sering dengar ada banyak mitos seputar makanan ya. Misalnya jangan banyak makan telur karena bikin bisul.",
                "thumbnails": {
                    "default": {
                        "url": "https://i.ytimg.com/vi/qQdxn1xU47M/default.jpg",
                        "width": 120,
                        "height": 90
                    },
                    "medium": {
                        "url": "https://i.ytimg.com/vi/qQdxn1xU47M/mqdefault.jpg",
                        "width": 320,
                        "height": 180
                    },
                    "high": {
                        "url": "https://i.ytimg.com/vi/qQdxn1xU47M/hqdefault.jpg",
                        "width": 480,
                        "height": 360
                    }
                },
                "channelTitle": "Reisa Broto Asmoro",
                "liveBroadcastContent": "none",
                "publishTime": "2022-02-16T13:13:49Z"
            }
        },
        {
            "kind": "youtube#searchResult",
            "etag": "ogtyHnPSYdwHCNfKKw8P6YRb9CI",
            "id": {
                "kind": "youtube#video",
                "videoId": "j_5W36dfbcU"
            },
            "snippet": {
                "publishedAt": "2022-03-10T10:43:21Z",
                "channelId": "UCkz70nAcMWjluBljiZaC_fA",
                "title": "Manfaat Makan Pedas untuk Kesehatan | Fakta atau Mitos",
                "description": "Hidup Sehat tvOne - Manfaat Makan Pedas untuk Kesehatan | Fakta atau Mitos Banyak orang yang sangat menyukai makanan ...",
                "thumbnails": {
                    "default": {
                        "url": "https://i.ytimg.com/vi/j_5W36dfbcU/default.jpg",
                        "width": 120,
                        "height": 90
                    },
                    "medium": {
                        "url": "https://i.ytimg.com/vi/j_5W36dfbcU/mqdefault.jpg",
                        "width": 320,
                        "height": 180
                    },
                    "high": {
                        "url": "https://i.ytimg.com/vi/j_5W36dfbcU/hqdefault.jpg",
                        "width": 480,
                        "height": 360
                    }
                },
                "channelTitle": "Hidup Sehat tvOne",
                "liveBroadcastContent": "none",
                "publishTime": "2022-03-10T10:43:21Z"
            }
        },
        {
            "kind": "youtube#searchResult",
            "etag": "mMyhXlBUNFZ_y7jb1rVfkNChOuQ",
            "id": {
                "kind": "youtube#video",
                "videoId": "DinAgnx8Gr0"
            },
            "snippet": {
                "publishedAt": "2022-01-10T12:25:21Z",
                "channelId": "UCuUmEFzuw-NMNlKB_Um-wuw",
                "title": "Testimoni Cordepro Bharata Obat Pengancur Batu Ginjal",
                "description": "Testimoni Cordepro Bharata Obat Pengancur Batu Ginjal CORDEPRO Bharata Mengobati Kencing Batu, Batu Ginjal, Batu ...",
                "thumbnails": {
                    "default": {
                        "url": "https://i.ytimg.com/vi/DinAgnx8Gr0/default.jpg",
                        "width": 120,
                        "height": 90
                    },
                    "medium": {
                        "url": "https://i.ytimg.com/vi/DinAgnx8Gr0/mqdefault.jpg",
                        "width": 320,
                        "height": 180
                    },
                    "high": {
                        "url": "https://i.ytimg.com/vi/DinAgnx8Gr0/hqdefault.jpg",
                        "width": 480,
                        "height": 360
                    }
                },
                "channelTitle": "Cv. Widjaya Bharata pasifik",
                "liveBroadcastContent": "none",
                "publishTime": "2022-01-10T12:25:21Z"
            }
        },
        {
            "kind": "youtube#searchResult",
            "etag": "MbMsKhqZxObRbWXgiCAJotCrsuE",
            "id": {
                "kind": "youtube#video",
                "videoId": "YJnrS7nU6t4"
            },
            "snippet": {
                "publishedAt": "2022-03-13T13:00:14Z",
                "channelId": "UCMOyibFcDgKaXGs1b3cKIVA",
                "title": "Pemahaman Radikal !! Asal Usul Ideologi Teroris dan Radikalisme",
                "description": "Penceramah Radikal, Pemahaman Radikal, Ideologi Terorisme Bagaimana asal mula munculnya pemahaman ini ? Mari kita ...",
                "thumbnails": {
                    "default": {
                        "url": "https://i.ytimg.com/vi/YJnrS7nU6t4/default.jpg",
                        "width": 120,
                        "height": 90
                    },
                    "medium": {
                        "url": "https://i.ytimg.com/vi/YJnrS7nU6t4/mqdefault.jpg",
                        "width": 320,
                        "height": 180
                    },
                    "high": {
                        "url": "https://i.ytimg.com/vi/YJnrS7nU6t4/hqdefault.jpg",
                        "width": 480,
                        "height": 360
                    }
                },
                "channelTitle": "Rumaisya STUDIO",
                "liveBroadcastContent": "none",
                "publishTime": "2022-03-13T13:00:14Z"
            }
        },
        {
            "kind": "youtube#searchResult",
            "etag": "4oEhmuskj_wixEya1zxS88uZcwU",
            "id": {
                "kind": "youtube#video",
                "videoId": "6vhu06GWp24"
            },
            "snippet": {
                "publishedAt": "2022-03-14T14:31:46Z",
                "channelId": "UCFQYpBmXi8c0AmCv1CHy5pQ",
                "title": "daun sambiloto si pahit berkasiat bahan herbal jamu warisan leluhur nusantara",
                "description": "Manfaat Daun Sambiloto Berikut 26 manfaat daun sambiloto bagi kesehatan: 1. Mengontrol Tekanan Darah Manfaat sambiloto ...",
                "thumbnails": {
                    "default": {
                        "url": "https://i.ytimg.com/vi/6vhu06GWp24/default.jpg",
                        "width": 120,
                        "height": 90
                    },
                    "medium": {
                        "url": "https://i.ytimg.com/vi/6vhu06GWp24/mqdefault.jpg",
                        "width": 320,
                        "height": 180
                    },
                    "high": {
                        "url": "https://i.ytimg.com/vi/6vhu06GWp24/hqdefault.jpg",
                        "width": 480,
                        "height": 360
                    }
                },
                "channelTitle": "Aris ahdipanya",
                "liveBroadcastContent": "none",
                "publishTime": "2022-03-14T14:31:46Z"
            }
        },
        {
            "kind": "youtube#searchResult",
            "etag": "3igxAOz4EZ_quQ8aQYu5Fio4Udk",
            "id": {
                "kind": "youtube#video",
                "videoId": "QrPbgs_5pE4"
            },
            "snippet": {
                "publishedAt": "2022-03-07T15:14:46Z",
                "channelId": "UCw4FTrLAXbsTGVm6Tu-2d_w",
                "title": "BAB TAMAT | JANGGEM DAN MIN JUN HO HIDUP BAHAGIA - ALUR FILM DRAMA KERAJAAN",
                "description": "PLAYLIST BAB LENGKAP : https://youtube.com/playlist?list=PLWnF5b8Dpbi2y1Zr2NG1wq8oEjqdyoQEr ...",
                "thumbnails": {
                    "default": {
                        "url": "https://i.ytimg.com/vi/QrPbgs_5pE4/default.jpg",
                        "width": 120,
                        "height": 90
                    },
                    "medium": {
                        "url": "https://i.ytimg.com/vi/QrPbgs_5pE4/mqdefault.jpg",
                        "width": 320,
                        "height": 180
                    },
                    "high": {
                        "url": "https://i.ytimg.com/vi/QrPbgs_5pE4/hqdefault.jpg",
                        "width": 480,
                        "height": 360
                    }
                },
                "channelTitle": "Sahabat Kolosal",
                "liveBroadcastContent": "none",
                "publishTime": "2022-03-07T15:14:46Z"
            }
        },
        {
            "kind": "youtube#searchResult",
            "etag": "xiP3PiHLL7oq-dKLe6jx6JNQhOg",
            "id": {
                "kind": "youtube#video",
                "videoId": "jRzXjTJoF9Q"
            },
            "snippet": {
                "publishedAt": "2022-03-12T16:04:20Z",
                "channelId": "UCOrwfyom3MWLeDMZDdr-L9g",
                "title": "Jika  Engkau Kesepian Panggil Bapa YAHWEH ❤",
                "description": "Syalom, Kiranya Video ini memberkati Bapak, ibu dan saudara seiman dalam TUHAN YESUS KRISTUS. Jika Bapak, Ibu dan ...",
                "thumbnails": {
                    "default": {
                        "url": "https://i.ytimg.com/vi/jRzXjTJoF9Q/default.jpg",
                        "width": 120,
                        "height": 90
                    },
                    "medium": {
                        "url": "https://i.ytimg.com/vi/jRzXjTJoF9Q/mqdefault.jpg",
                        "width": 320,
                        "height": 180
                    },
                    "high": {
                        "url": "https://i.ytimg.com/vi/jRzXjTJoF9Q/hqdefault.jpg",
                        "width": 480,
                        "height": 360
                    }
                },
                "channelTitle": "Hidup U Bersaksi",
                "liveBroadcastContent": "none",
                "publishTime": "2022-03-12T16:04:20Z"
            }
        },
        {
            "kind": "youtube#searchResult",
            "etag": "81QGg3V7tZj28UCBcU1TqVAgNt4",
            "id": {
                "kind": "youtube#video",
                "videoId": "LlduUm2WfOU"
            },
            "snippet": {
                "publishedAt": "2022-03-11T11:00:25Z",
                "channelId": "UCSe6RCB_itSkrg9OE-bglnQ",
                "title": "PENGANGKATAN BATU EMPEDU TANPA RASA SAKIT - PRIMENEWS",
                "description": "Halo Sahabat Premier, Operasi angkat kantung empedu dengan laparoscopy adalah operasi pemotongan dan pengangkatan ...",
                "thumbnails": {
                    "default": {
                        "url": "https://i.ytimg.com/vi/LlduUm2WfOU/default.jpg",
                        "width": 120,
                        "height": 90
                    },
                    "medium": {
                        "url": "https://i.ytimg.com/vi/LlduUm2WfOU/mqdefault.jpg",
                        "width": 320,
                        "height": 180
                    },
                    "high": {
                        "url": "https://i.ytimg.com/vi/LlduUm2WfOU/hqdefault.jpg",
                        "width": 480,
                        "height": 360
                    }
                },
                "channelTitle": "RS Premier Jatinegara",
                "liveBroadcastContent": "none",
                "publishTime": "2022-03-11T11:00:25Z"
            }
        },
        {
            "kind": "youtube#searchResult",
            "etag": "TU68cMyjRD2fLfUzAfW1WJmareg",
            "id": {
                "kind": "youtube#video",
                "videoId": "SQMjHNGgiKQ"
            },
            "snippet": {
                "publishedAt": "2022-03-13T11:09:00Z",
                "channelId": "UCQmQJIeuVWNQPdvJu15sbBA",
                "title": "Do&#39;a Agar penyakit sembuh &amp; Badan jadi Sehat wal afiyat Bi IDHNILLAHI TA&#39;ALA - KH. Abdul Ghofur",
                "description": "Agar lebih jelas tentang do'a-do'anya, simak di kitab Syamsul Ma'arif - Juz 1 / Halaman 91 Pengajian disampaikan oleh Prof. DR.",
                "thumbnails": {
                    "default": {
                        "url": "https://i.ytimg.com/vi/SQMjHNGgiKQ/default.jpg",
                        "width": 120,
                        "height": 90
                    },
                    "medium": {
                        "url": "https://i.ytimg.com/vi/SQMjHNGgiKQ/mqdefault.jpg",
                        "width": 320,
                        "height": 180
                    },
                    "high": {
                        "url": "https://i.ytimg.com/vi/SQMjHNGgiKQ/hqdefault.jpg",
                        "width": 480,
                        "height": 360
                    }
                },
                "channelTitle": "Kopyah Ijo",
                "liveBroadcastContent": "none",
                "publishTime": "2022-03-13T11:09:00Z"
            }
        },
        {
            "kind": "youtube#searchResult",
            "etag": "FHubKg8cST7eZRgyETQQ8eaYPck",
            "id": {
                "kind": "youtube#video",
                "videoId": "FTmYOQZbWYo"
            },
            "snippet": {
                "publishedAt": "2022-03-14T12:00:51Z",
                "channelId": "UCGKSoLS9N_N5aaT8rmUJlsg",
                "title": "Manfaat Jambu biji Merah untuk tubuh yang jarang diketahui",
                "description": "Ada begitu banyak manfaat buah jambu biji untuk kesehatan tubuh. Sebagian besar orang tentu pernah mengonsumsi buah ...",
                "thumbnails": {
                    "default": {
                        "url": "https://i.ytimg.com/vi/FTmYOQZbWYo/default.jpg",
                        "width": 120,
                        "height": 90
                    },
                    "medium": {
                        "url": "https://i.ytimg.com/vi/FTmYOQZbWYo/mqdefault.jpg",
                        "width": 320,
                        "height": 180
                    },
                    "high": {
                        "url": "https://i.ytimg.com/vi/FTmYOQZbWYo/hqdefault.jpg",
                        "width": 480,
                        "height": 360
                    }
                },
                "channelTitle": "Wahyu Pambudi",
                "liveBroadcastContent": "none",
                "publishTime": "2022-03-14T12:00:51Z"
            }
        },
        {
            "kind": "youtube#searchResult",
            "etag": "hoiV-a2LWwDNQrJxRPCfx2UCl1o",
            "id": {
                "kind": "youtube#video",
                "videoId": "RkRPHhj8H1o"
            },
            "snippet": {
                "publishedAt": "2019-01-29T08:10:04Z",
                "channelId": "UC_vsErcsq56hOscPHkG-aVw",
                "title": "Ruang Rawat Inap Penuh, Pasien DBD di Cimahi Dirawat di IGD - Liputan 6 Siang",
                "description": "Demam berdarah dengue (DBD) tengah mewabah. Di sejumlah daerah, ratusan orang terjangkit DBD hingga pihak rumah sakit ...",
                "thumbnails": {
                    "default": {
                        "url": "https://i.ytimg.com/vi/RkRPHhj8H1o/default.jpg",
                        "width": 120,
                        "height": 90
                    },
                    "medium": {
                        "url": "https://i.ytimg.com/vi/RkRPHhj8H1o/mqdefault.jpg",
                        "width": 320,
                        "height": 180
                    },
                    "high": {
                        "url": "https://i.ytimg.com/vi/RkRPHhj8H1o/hqdefault.jpg",
                        "width": 480,
                        "height": 360
                    }
                },
                "channelTitle": "Surya Citra Televisi",
                "liveBroadcastContent": "none",
                "publishTime": "2019-01-29T08:10:04Z"
            }
        },
        {
            "kind": "youtube#searchResult",
            "etag": "P7VghdciqCpgKE5uhaqoidH_sDw",
            "id": {
                "kind": "youtube#video",
                "videoId": "50_jRz8LloI"
            },
            "snippet": {
                "publishedAt": "2022-03-12T10:00:02Z",
                "channelId": "UCibBsv1JFq2lflU1Rt7s3mw",
                "title": "Vaksin Pertama Gil",
                "description": "Hai guys! Makasih sudah nonton kehidupan keluarga kami yang sama kaya keluarga pada umumnya aja gitu tapi jangan lupa ...",
                "thumbnails": {
                    "default": {
                        "url": "https://i.ytimg.com/vi/50_jRz8LloI/default.jpg",
                        "width": 120,
                        "height": 90
                    },
                    "medium": {
                        "url": "https://i.ytimg.com/vi/50_jRz8LloI/mqdefault.jpg",
                        "width": 320,
                        "height": 180
                    },
                    "high": {
                        "url": "https://i.ytimg.com/vi/50_jRz8LloI/hqdefault.jpg",
                        "width": 480,
                        "height": 360
                    }
                },
                "channelTitle": "GOY & GE",
                "liveBroadcastContent": "none",
                "publishTime": "2022-03-12T10:00:02Z"
            }
        },
        {
            "kind": "youtube#searchResult",
            "etag": "ApgfgEGQhfUMSorDL_5DXRCwDS4",
            "id": {
                "kind": "youtube#video",
                "videoId": "NnIUPSllplc"
            },
            "snippet": {
                "publishedAt": "2022-03-15T09:15:00Z",
                "channelId": "UChZBn1prgbRfxZmkXK6NrVQ",
                "title": "Pengajian Asmaul Husna 05. AL QUDDUS Guru Bakhiet",
                "description": "Asmaul Husna 05. AL QUDDUS Guru Bakhiet Asmaul Husna 05. AL QUDDUS Guru Bakhiet Asmaul Husna 05. AL QUDDUS ...",
                "thumbnails": {
                    "default": {
                        "url": "https://i.ytimg.com/vi/NnIUPSllplc/default.jpg",
                        "width": 120,
                        "height": 90
                    },
                    "medium": {
                        "url": "https://i.ytimg.com/vi/NnIUPSllplc/mqdefault.jpg",
                        "width": 320,
                        "height": 180
                    },
                    "high": {
                        "url": "https://i.ytimg.com/vi/NnIUPSllplc/hqdefault.jpg",
                        "width": 480,
                        "height": 360
                    }
                },
                "channelTitle": "XxBorneotograpy",
                "liveBroadcastContent": "none",
                "publishTime": "2022-03-15T09:15:00Z"
            }
        }
    ]
}