{
  "kind": "youtube#searchListResponse",
  "etag": "8TSB2d1awGK4gEynSSAChdTrfkI",
  "nextPageToken": "CPoBEAA",
  "prevPageToken": "CMgBEAE",
  "regionCode": "ID",
  "pageInfo": {
      "totalResults": 76156,
      "resultsPerPage": 50
  },
  "items": [
      {
          "kind": "youtube#searchResult",
          "etag": "-XnB4cEtNyMdND3Zs6DDKDpzpHY",
          "id": {
              "kind": "youtube#video",
              "videoId": "LU2Gj-ghrTs"
          },
          "snippet": {
              "publishedAt": "2018-12-04T17:04:50Z",
              "channelId": "UCcvHEyITZa2g82xB6QVIUsA",
              "title": "#info_kesehatan  Gejala usus buntu",
              "description": "Jika konten ini bermanfaat silahkan komen share like dan subscrab ya ka trrimakasih :)",
              "thumbnails": {
                  "default": {
                      "url": "https://i.ytimg.com/vi/LU2Gj-ghrTs/default.jpg",
                      "width": 120,
                      "height": 90
                  },
                  "medium": {
                      "url": "https://i.ytimg.com/vi/LU2Gj-ghrTs/mqdefault.jpg",
                      "width": 320,
                      "height": 180
                  },
                  "high": {
                      "url": "https://i.ytimg.com/vi/LU2Gj-ghrTs/hqdefault.jpg",
                      "width": 480,
                      "height": 360
                  }
              },
              "channelTitle": "elsa masita pratiwi",
              "liveBroadcastContent": "none",
              "publishTime": "2018-12-04T17:04:50Z"
          }
      },
      {
          "kind": "youtube#searchResult",
          "etag": "L5yNr90RDpTOp96zf7-3hi0c8Wc",
          "id": {
              "kind": "youtube#video",
              "videoId": "yJqFMNB2M64"
          },
          "snippet": {
              "publishedAt": "2021-12-17T09:35:36Z",
              "channelId": "UCTQ4mayjazd0XdaCh_X8abw",
              "title": "Mitos atau Fakta Biji Cabai dapat Memicu Usus Buntu? Simak Penjelasan Dokter",
              "description": "TRIBUN-VIDEO.COM - Penyakit usus buntu atau dikenal apendisitis adalah kodisi usus besar yang mengalami peradangan.",
              "thumbnails": {
                  "default": {
                      "url": "https://i.ytimg.com/vi/yJqFMNB2M64/default.jpg",
                      "width": 120,
                      "height": 90
                  },
                  "medium": {
                      "url": "https://i.ytimg.com/vi/yJqFMNB2M64/mqdefault.jpg",
                      "width": 320,
                      "height": 180
                  },
                  "high": {
                      "url": "https://i.ytimg.com/vi/yJqFMNB2M64/hqdefault.jpg",
                      "width": 480,
                      "height": 360
                  }
              },
              "channelTitle": "Tribun Health",
              "liveBroadcastContent": "none",
              "publishTime": "2021-12-17T09:35:36Z"
          }
      },
      {
          "kind": "youtube#searchResult",
          "etag": "wgXwLfmGpJMvRBL62AR2PpCdXgg",
          "id": {
              "kind": "youtube#video",
              "videoId": "4VIVPSQ2u9A"
          },
          "snippet": {
              "publishedAt": "2019-08-02T18:05:59Z",
              "channelId": "UCI8Z7tt6Q_0nXr0UMJSO9Xg",
              "title": "Menjawab pertanyaan Penyakit Usus Buntu - Appendicitis #tanyadokterrsudsangkulirang",
              "description": "Sabtu, 4 Agustus 2019 Kali ini kami mencoba menjawab beberapa pertanyaan dari masyarakat Kecamatan Sangkulirang, ...",
              "thumbnails": {
                  "default": {
                      "url": "https://i.ytimg.com/vi/4VIVPSQ2u9A/default.jpg",
                      "width": 120,
                      "height": 90
                  },
                  "medium": {
                      "url": "https://i.ytimg.com/vi/4VIVPSQ2u9A/mqdefault.jpg",
                      "width": 320,
                      "height": 180
                  },
                  "high": {
                      "url": "https://i.ytimg.com/vi/4VIVPSQ2u9A/hqdefault.jpg",
                      "width": 480,
                      "height": 360
                  }
              },
              "channelTitle": "RSUD Sangkulirang",
              "liveBroadcastContent": "none",
              "publishTime": "2019-08-02T18:05:59Z"
          }
      },
      {
          "kind": "youtube#searchResult",
          "etag": "uR8Q2Kp9bwyD-vS3-7tvoamZ1_k",
          "id": {
              "kind": "youtube#video",
              "videoId": "iKQMCjMjV14"
          },
          "snippet": {
              "publishedAt": "2016-11-22T06:19:54Z",
              "channelId": "UCvs8VBGJM432HxNQofOUBuQ",
              "title": "Chelsea Olivia WIjaya Terkena Radang Usus Buntu, Seperti Apa Gejala dan Penyebabnya?",
              "description": "Beberapa hari ini, artis cantik Chelsea Olivia harus terbaring di rumah sakit, karena penyakit yang tengah dideritanya. Seperti ...",
              "thumbnails": {
                  "default": {
                      "url": "https://i.ytimg.com/vi/iKQMCjMjV14/default.jpg",
                      "width": 120,
                      "height": 90
                  },
                  "medium": {
                      "url": "https://i.ytimg.com/vi/iKQMCjMjV14/mqdefault.jpg",
                      "width": 320,
                      "height": 180
                  },
                  "high": {
                      "url": "https://i.ytimg.com/vi/iKQMCjMjV14/hqdefault.jpg",
                      "width": 480,
                      "height": 360
                  }
              },
              "channelTitle": "Herbal TV",
              "liveBroadcastContent": "none",
              "publishTime": "2016-11-22T06:19:54Z"
          }
      },
      {
          "kind": "youtube#searchResult",
          "etag": "bPF8QrXA5WQlrcz4JWdwBzr6icA",
          "id": {
              "kind": "youtube#video",
              "videoId": "uuSemODy_aE"
          },
          "snippet": {
              "publishedAt": "2019-02-06T23:28:07Z",
              "channelId": "UCh5UCB8m-2S7L58jbfQsh4g",
              "title": "6 Buah-buahan yang Baik Dikonsumsi Penderita Usus Buntu",
              "description": "Video kali ini tentang 6 buah buahan yang baik dikonsumsi penderita usus buntu. Penyakit usus buntu ini dapat terjadi karena ...",
              "thumbnails": {
                  "default": {
                      "url": "https://i.ytimg.com/vi/uuSemODy_aE/default.jpg",
                      "width": 120,
                      "height": 90
                  },
                  "medium": {
                      "url": "https://i.ytimg.com/vi/uuSemODy_aE/mqdefault.jpg",
                      "width": 320,
                      "height": 180
                  },
                  "high": {
                      "url": "https://i.ytimg.com/vi/uuSemODy_aE/hqdefault.jpg",
                      "width": 480,
                      "height": 360
                  }
              },
              "channelTitle": "Sehat Secara Alami",
              "liveBroadcastContent": "none",
              "publishTime": "2019-02-06T23:28:07Z"
          }
      },
      {
          "kind": "youtube#searchResult",
          "etag": "bGBDtOI9JkbO46eCJakMd0OnIfY",
          "id": {
              "kind": "youtube#video",
              "videoId": "5JKs1KlbYKc"
          },
          "snippet": {
              "publishedAt": "2021-12-29T13:38:34Z",
              "channelId": "UCJ8OUrDt-aACWgI_hnRe_FQ",
              "title": "Waspada! Kenali Gejala Usus Buntu | DOKTER JAGA",
              "description": "Radang usus buntu bukanlah penyakit yang bisa Anda remehkan Usus buntu merupakan sebuah kondisi peradangan yang ...",
              "thumbnails": {
                  "default": {
                      "url": "https://i.ytimg.com/vi/5JKs1KlbYKc/default.jpg",
                      "width": 120,
                      "height": 90
                  },
                  "medium": {
                      "url": "https://i.ytimg.com/vi/5JKs1KlbYKc/mqdefault.jpg",
                      "width": 320,
                      "height": 180
                  },
                  "high": {
                      "url": "https://i.ytimg.com/vi/5JKs1KlbYKc/hqdefault.jpg",
                      "width": 480,
                      "height": 360
                  }
              },
              "channelTitle": "MQTV60 BANDUNG",
              "liveBroadcastContent": "none",
              "publishTime": "2021-12-29T13:38:34Z"
          }
      },
      {
          "kind": "youtube#searchResult",
          "etag": "PJkAoSNfteorpbpE4_tLrmbPQsQ",
          "id": {
              "kind": "youtube#video",
              "videoId": "RV0o8BXHRDY"
          },
          "snippet": {
              "publishedAt": "2019-08-23T11:00:09Z",
              "channelId": "UCRVlaFGoSxryrlChpzbPTSg",
              "title": "Pengalaman Operasi Usus Buntu - part 1",
              "description": "Halo semuanya! Terimakasih yaa karena sudah nonton video aku Follow Instagram aku @mar_jessica untuk dapetin tips ...",
              "thumbnails": {
                  "default": {
                      "url": "https://i.ytimg.com/vi/RV0o8BXHRDY/default.jpg",
                      "width": 120,
                      "height": 90
                  },
                  "medium": {
                      "url": "https://i.ytimg.com/vi/RV0o8BXHRDY/mqdefault.jpg",
                      "width": 320,
                      "height": 180
                  },
                  "high": {
                      "url": "https://i.ytimg.com/vi/RV0o8BXHRDY/hqdefault.jpg",
                      "width": 480,
                      "height": 360
                  }
              },
              "channelTitle": "Maria Jessica",
              "liveBroadcastContent": "none",
              "publishTime": "2019-08-23T11:00:09Z"
          }
      },
      {
          "kind": "youtube#searchResult",
          "etag": "CMtyDCuMabewhdfrh_vDxxOdv-8",
          "id": {
              "kind": "youtube#video",
              "videoId": "6EH1NHxWdII"
          },
          "snippet": {
              "publishedAt": "2022-02-03T02:18:01Z",
              "channelId": "UCog7f4itAuJZ35mjT5FuPnQ",
              "title": "Mengenal Usus Buntu, Penyakit yang Perlu diwaspadai....",
              "description": "jangan lupa like, subscribe dan komen follow ig kami : @ideachanel Nah Tonton Terus ya dan jangan lupa tunggu episode ...",
              "thumbnails": {
                  "default": {
                      "url": "https://i.ytimg.com/vi/6EH1NHxWdII/default.jpg",
                      "width": 120,
                      "height": 90
                  },
                  "medium": {
                      "url": "https://i.ytimg.com/vi/6EH1NHxWdII/mqdefault.jpg",
                      "width": 320,
                      "height": 180
                  },
                  "high": {
                      "url": "https://i.ytimg.com/vi/6EH1NHxWdII/hqdefault.jpg",
                      "width": 480,
                      "height": 360
                  }
              },
              "channelTitle": "Ide-A Channel",
              "liveBroadcastContent": "none",
              "publishTime": "2022-02-03T02:18:01Z"
          }
      },
      {
          "kind": "youtube#searchResult",
          "etag": "CF2BOhlM8DDIHKwDwFpwVw8Mc0A",
          "id": {
              "kind": "youtube#video",
              "videoId": "IavQlfE65fk"
          },
          "snippet": {
              "publishedAt": "2020-03-31T04:00:05Z",
              "channelId": "UChMOoUzKSx62U9juCR-lf6g",
              "title": "Biaya Operasi Usus Buntu Di Indonesia | Tips Sehat",
              "description": "Usus buntu hingga kini masih menjadi salah satu penyakit yang kerap dialami oleh masyarakat Indonesia. Penyakit usus buntu ...",
              "thumbnails": {
                  "default": {
                      "url": "https://i.ytimg.com/vi/IavQlfE65fk/default.jpg",
                      "width": 120,
                      "height": 90
                  },
                  "medium": {
                      "url": "https://i.ytimg.com/vi/IavQlfE65fk/mqdefault.jpg",
                      "width": 320,
                      "height": 180
                  },
                  "high": {
                      "url": "https://i.ytimg.com/vi/IavQlfE65fk/hqdefault.jpg",
                      "width": 480,
                      "height": 360
                  }
              },
              "channelTitle": "Gamat Kapsul",
              "liveBroadcastContent": "none",
              "publishTime": "2020-03-31T04:00:05Z"
          }
      },
      {
          "kind": "youtube#searchResult",
          "etag": "r1nTySb5tpLn_NeM53U5sZdUE_k",
          "id": {
              "kind": "youtube#video",
              "videoId": "timSnyxw3G8"
          },
          "snippet": {
              "publishedAt": "2022-02-14T00:19:08Z",
              "channelId": "UCme5mv2bGpxa52ZtV0rVPJg",
              "title": "Aksi Kemanusiaan GEMS-Bima || Bantu Warga Penderita Penyakit Usus Buntu",
              "description": "Bima.- Puluhan Mahasiswa yang tergabung dalam Gerakan Mahasiswa Mahasiswa Soromandi Bima (GEMS) Melakukan Aksi ...",
              "thumbnails": {
                  "default": {
                      "url": "https://i.ytimg.com/vi/timSnyxw3G8/default.jpg",
                      "width": 120,
                      "height": 90
                  },
                  "medium": {
                      "url": "https://i.ytimg.com/vi/timSnyxw3G8/mqdefault.jpg",
                      "width": 320,
                      "height": 180
                  },
                  "high": {
                      "url": "https://i.ytimg.com/vi/timSnyxw3G8/hqdefault.jpg",
                      "width": 480,
                      "height": 360
                  }
              },
              "channelTitle": "Suky Channel",
              "liveBroadcastContent": "none",
              "publishTime": "2022-02-14T00:19:08Z"
          }
      },
      {
          "kind": "youtube#searchResult",
          "etag": "Rta-_PnGQa8q6cDTpQ8IBHiJY2U",
          "id": {
              "kind": "youtube#video",
              "videoId": "I9EILh2MJ94"
          },
          "snippet": {
              "publishedAt": "2020-05-25T07:15:04Z",
              "channelId": "UCs-mn_pJziWZEk8cETCFRBA",
              "title": "GEJALA INFEKSI USUS BUNTU",
              "description": "Apendicitis adalah infeksi pada usus buntu. Infeksi usus buntu ada yang akut dan kronis. Biasanya diawali dengan nyeri di ulu ...",
              "thumbnails": {
                  "default": {
                      "url": "https://i.ytimg.com/vi/I9EILh2MJ94/default.jpg",
                      "width": 120,
                      "height": 90
                  },
                  "medium": {
                      "url": "https://i.ytimg.com/vi/I9EILh2MJ94/mqdefault.jpg",
                      "width": 320,
                      "height": 180
                  },
                  "high": {
                      "url": "https://i.ytimg.com/vi/I9EILh2MJ94/hqdefault.jpg",
                      "width": 480,
                      "height": 360
                  }
              },
              "channelTitle": "DrTaufik Aziz Att. CHANNEL",
              "liveBroadcastContent": "none",
              "publishTime": "2020-05-25T07:15:04Z"
          }
      },
      {
          "kind": "youtube#searchResult",
          "etag": "YJKmxE41XacPM8zxWMGecAkS3ZU",
          "id": {
              "kind": "youtube#video",
              "videoId": "jdWjzBWr9n4"
          },
          "snippet": {
              "publishedAt": "2020-01-03T17:00:26Z",
              "channelId": "UCzelYN6_-B8SpVUqqIVZ7Vg",
              "title": "MENGUBAH POLA MAKAN UNTUK MENGHINDARI PENYAKIT USUS BUNTU!!!",
              "description": "video ini adalah tugas Mata kuliah Promosi Kesehatan,Mengenai Health Promotion PTM. Dalam video ini menjelaskan ...",
              "thumbnails": {
                  "default": {
                      "url": "https://i.ytimg.com/vi/jdWjzBWr9n4/default.jpg",
                      "width": 120,
                      "height": 90
                  },
                  "medium": {
                      "url": "https://i.ytimg.com/vi/jdWjzBWr9n4/mqdefault.jpg",
                      "width": 320,
                      "height": 180
                  },
                  "high": {
                      "url": "https://i.ytimg.com/vi/jdWjzBWr9n4/hqdefault.jpg",
                      "width": 480,
                      "height": 360
                  }
              },
              "channelTitle": "AFI CHANEL",
              "liveBroadcastContent": "none",
              "publishTime": "2020-01-03T17:00:26Z"
          }
      },
      {
          "kind": "youtube#searchResult",
          "etag": "bzxXp3BqYgdtmZSh6Gfe3mgS7BM",
          "id": {
              "kind": "youtube#video",
              "videoId": "F6WGsH1Yzt0"
          },
          "snippet": {
              "publishedAt": "2021-06-17T03:00:08Z",
              "channelId": "UCm7U90G_v3lnoEOY7o4C69w",
              "title": "Biaya Operasi Laparatomi Kista Endometriosis dan Usus Buntu",
              "description": "Assalamualaikum... Semoga video yang aku sampaikan bermanfaat, selamat menonton (: instagram: ...",
              "thumbnails": {
                  "default": {
                      "url": "https://i.ytimg.com/vi/F6WGsH1Yzt0/default.jpg",
                      "width": 120,
                      "height": 90
                  },
                  "medium": {
                      "url": "https://i.ytimg.com/vi/F6WGsH1Yzt0/mqdefault.jpg",
                      "width": 320,
                      "height": 180
                  },
                  "high": {
                      "url": "https://i.ytimg.com/vi/F6WGsH1Yzt0/hqdefault.jpg",
                      "width": 480,
                      "height": 360
                  }
              },
              "channelTitle": "Wuland Channel",
              "liveBroadcastContent": "none",
              "publishTime": "2021-06-17T03:00:08Z"
          }
      },
      {
          "kind": "youtube#searchResult",
          "etag": "pUUIrCc2TD-M37mAhliZ8fC41E4",
          "id": {
              "kind": "youtube#video",
              "videoId": "3tpXJZBxO1c"
          },
          "snippet": {
              "publishedAt": "2018-11-01T07:12:53Z",
              "channelId": "UCsnCIThLd6B5lQvD9ImWpBw",
              "title": "Penyakit Usus Buntu Tak Selalu Harus Dioperasi - Yuk Kenali Penyebab, Gejala, &amp; Cara Pengobatannya",
              "description": "Pesan Langsung Herbal QnC Jelly Gamat KLIK DISINI http://bit.ly/qncmelayudeli Penyakit usus buntu adalah suatu kondisi yang ...",
              "thumbnails": {
                  "default": {
                      "url": "https://i.ytimg.com/vi/3tpXJZBxO1c/default.jpg",
                      "width": 120,
                      "height": 90
                  },
                  "medium": {
                      "url": "https://i.ytimg.com/vi/3tpXJZBxO1c/mqdefault.jpg",
                      "width": 320,
                      "height": 180
                  },
                  "high": {
                      "url": "https://i.ytimg.com/vi/3tpXJZBxO1c/hqdefault.jpg",
                      "width": 480,
                      "height": 360
                  }
              },
              "channelTitle": "Herbal Melayu Deli",
              "liveBroadcastContent": "none",
              "publishTime": "2018-11-01T07:12:53Z"
          }
      },
      {
          "kind": "youtube#searchResult",
          "etag": "wlCQNwNeUxWf4PEXDmYJdXJxj-g",
          "id": {
              "kind": "youtube#video",
              "videoId": "NtlemIuT-fY"
          },
          "snippet": {
              "publishedAt": "2021-02-04T14:08:50Z",
              "channelId": "UC59W_q4fxKjUbKltu3w2T3A",
              "title": "#TUGAS Penyakit Usus Buntu - Gejala, Penyebab Dan Cara Mengobati",
              "description": "Hallo! pada kesempatan kali ini saya akan membagikan informasi tentang USUS BUNTU dari mulai gejala, penyebab, dan cara ...",
              "thumbnails": {
                  "default": {
                      "url": "https://i.ytimg.com/vi/NtlemIuT-fY/default.jpg",
                      "width": 120,
                      "height": 90
                  },
                  "medium": {
                      "url": "https://i.ytimg.com/vi/NtlemIuT-fY/mqdefault.jpg",
                      "width": 320,
                      "height": 180
                  },
                  "high": {
                      "url": "https://i.ytimg.com/vi/NtlemIuT-fY/hqdefault.jpg",
                      "width": 480,
                      "height": 360
                  }
              },
              "channelTitle": "M. Aqsha",
              "liveBroadcastContent": "none",
              "publishTime": "2021-02-04T14:08:50Z"
          }
      },
      {
          "kind": "youtube#searchResult",
          "etag": "D1xjWpeiigr1axd4VgoyJZw0zzc",
          "id": {
              "kind": "youtube#video",
              "videoId": "qyO3JcQjAUg"
          },
          "snippet": {
              "publishedAt": "2021-08-29T05:13:22Z",
              "channelId": "UCqbLU4QoJd5ozR1ewgaJ5Hw",
              "title": "Raditya Dika Tidak bisa Ketawa Setelah Operasi Usus buntu",
              "description": "",
              "thumbnails": {
                  "default": {
                      "url": "https://i.ytimg.com/vi/qyO3JcQjAUg/default.jpg",
                      "width": 120,
                      "height": 90
                  },
                  "medium": {
                      "url": "https://i.ytimg.com/vi/qyO3JcQjAUg/mqdefault.jpg",
                      "width": 320,
                      "height": 180
                  },
                  "high": {
                      "url": "https://i.ytimg.com/vi/qyO3JcQjAUg/hqdefault.jpg",
                      "width": 480,
                      "height": 360
                  }
              },
              "channelTitle": "Suara Netizen",
              "liveBroadcastContent": "none",
              "publishTime": "2021-08-29T05:13:22Z"
          }
      },
      {
          "kind": "youtube#searchResult",
          "etag": "DVLgJFsR5pXBBvmaiRExjWJ-MLQ",
          "id": {
              "kind": "youtube#video",
              "videoId": "oPD3ZrTaeus"
          },
          "snippet": {
              "publishedAt": "2020-03-22T09:56:52Z",
              "channelId": "UCsZId7I6sBt27eYcDdmm3Tw",
              "title": "WASPADA ! Ciri-ciri Usus Buntu, Cegah Sebelum Terlambat | Operasi Pengangkatan Radang Usus Buntu",
              "description": "Benarkah memakan mie instan tiap hari menyebabkan usus buntu ? lalu apa saja ciri-ciri usus buntu ? apakah usus buntu bisa ...",
              "thumbnails": {
                  "default": {
                      "url": "https://i.ytimg.com/vi/oPD3ZrTaeus/default.jpg",
                      "width": 120,
                      "height": 90
                  },
                  "medium": {
                      "url": "https://i.ytimg.com/vi/oPD3ZrTaeus/mqdefault.jpg",
                      "width": 320,
                      "height": 180
                  },
                  "high": {
                      "url": "https://i.ytimg.com/vi/oPD3ZrTaeus/hqdefault.jpg",
                      "width": 480,
                      "height": 360
                  }
              },
              "channelTitle": "Chiro Dolls",
              "liveBroadcastContent": "none",
              "publishTime": "2020-03-22T09:56:52Z"
          }
      },
      {
          "kind": "youtube#searchResult",
          "etag": "4Z8SWSX2SiYPSPRNMwNtLBFEKxE",
          "id": {
              "kind": "youtube#video",
              "videoId": "YgArJbwDnVA"
          },
          "snippet": {
              "publishedAt": "2020-06-01T17:01:32Z",
              "channelId": "UCtZVaLGPv-R-pgediIetxtA",
              "title": "BOLEH OPERASI USUS BUNTU PAS HAMIL😱 #SHARINGISCARING eps 1",
              "description": "Halooooo Aku ga sungkan untuk sharing tentang Parenting, Traveling, dan pengalaman2 seru lainnya Kalian juga bisa ...",
              "thumbnails": {
                  "default": {
                      "url": "https://i.ytimg.com/vi/YgArJbwDnVA/default.jpg",
                      "width": 120,
                      "height": 90
                  },
                  "medium": {
                      "url": "https://i.ytimg.com/vi/YgArJbwDnVA/mqdefault.jpg",
                      "width": 320,
                      "height": 180
                  },
                  "high": {
                      "url": "https://i.ytimg.com/vi/YgArJbwDnVA/hqdefault.jpg",
                      "width": 480,
                      "height": 360
                  }
              },
              "channelTitle": "Tasya Official Channel",
              "liveBroadcastContent": "none",
              "publishTime": "2020-06-01T17:01:32Z"
          }
      },
      {
          "kind": "youtube#searchResult",
          "etag": "8APujmZHUx9qNi14-OC4sosULgI",
          "id": {
              "kind": "youtube#video",
              "videoId": "Kfs53Y1E0U0"
          },
          "snippet": {
              "publishedAt": "2020-05-19T09:32:30Z",
              "channelId": "UCv6ZzLjrzhsfLNNqPtLuVBQ",
              "title": "Kulit kayu ini ampuh untuk penyakit usus buntu",
              "description": "short.",
              "thumbnails": {
                  "default": {
                      "url": "https://i.ytimg.com/vi/Kfs53Y1E0U0/default.jpg",
                      "width": 120,
                      "height": 90
                  },
                  "medium": {
                      "url": "https://i.ytimg.com/vi/Kfs53Y1E0U0/mqdefault.jpg",
                      "width": 320,
                      "height": 180
                  },
                  "high": {
                      "url": "https://i.ytimg.com/vi/Kfs53Y1E0U0/hqdefault.jpg",
                      "width": 480,
                      "height": 360
                  }
              },
              "channelTitle": "Emilianus Fatrik",
              "liveBroadcastContent": "none",
              "publishTime": "2020-05-19T09:32:30Z"
          }
      },
      {
          "kind": "youtube#searchResult",
          "etag": "5ROiPoCYz9eRMESANgj2f0oIVjE",
          "id": {
              "kind": "youtube#video",
              "videoId": "h1M95URS9eA"
          },
          "snippet": {
              "publishedAt": "2021-02-24T04:08:10Z",
              "channelId": "UCLpCDgHvJ_AfMvG55NRTulQ",
              "title": "Biaya Operasi Laparoskopi Usus Buntu",
              "description": "Semoga ini dapat membantu temen2 dalam mempersiapkan segala sesuatu yang berkaitan dengan tindakan ini, memang hanya ...",
              "thumbnails": {
                  "default": {
                      "url": "https://i.ytimg.com/vi/h1M95URS9eA/default.jpg",
                      "width": 120,
                      "height": 90
                  },
                  "medium": {
                      "url": "https://i.ytimg.com/vi/h1M95URS9eA/mqdefault.jpg",
                      "width": 320,
                      "height": 180
                  },
                  "high": {
                      "url": "https://i.ytimg.com/vi/h1M95URS9eA/hqdefault.jpg",
                      "width": 480,
                      "height": 360
                  }
              },
              "channelTitle": "Endoscafe_ Info",
              "liveBroadcastContent": "none",
              "publishTime": "2021-02-24T04:08:10Z"
          }
      },
      {
          "kind": "youtube#searchResult",
          "etag": "0bqs0M0N04EkZnaBv0pDfZYFiyE",
          "id": {
              "kind": "youtube#video",
              "videoId": "R5meSxwmGMo"
          },
          "snippet": {
              "publishedAt": "2021-02-01T11:27:11Z",
              "channelId": "UCAJYOlgf8Vnh8VNYkIqwbUA",
              "title": "Minum YAKULT malah SAKIT USUS BUNTU, Kenapa??",
              "description": "Ingin Sehat Malah Sakit Hati Hati Minum Yakult dan Minum minuman Kesehatan Sejenis Pelajari dengan seksama kandungan ...",
              "thumbnails": {
                  "default": {
                      "url": "https://i.ytimg.com/vi/R5meSxwmGMo/default.jpg",
                      "width": 120,
                      "height": 90
                  },
                  "medium": {
                      "url": "https://i.ytimg.com/vi/R5meSxwmGMo/mqdefault.jpg",
                      "width": 320,
                      "height": 180
                  },
                  "high": {
                      "url": "https://i.ytimg.com/vi/R5meSxwmGMo/hqdefault.jpg",
                      "width": 480,
                      "height": 360
                  }
              },
              "channelTitle": "Adang Sudiana TV",
              "liveBroadcastContent": "none",
              "publishTime": "2021-02-01T11:27:11Z"
          }
      },
      {
          "kind": "youtube#searchResult",
          "etag": "UkjM-uoPRf9H4JVT7ArHKTG_6vo",
          "id": {
              "kind": "youtube#video",
              "videoId": "36KD62yDMS8"
          },
          "snippet": {
              "publishedAt": "2021-10-21T07:51:23Z",
              "channelId": "UC4zy1GJI8AETcvgZS_M_MXA",
              "title": "APENDIKSITIS / RADANG USUS BUNTU",
              "description": "Penyakit usus buntu adalah peradangan yang terjadi pada usus buntu atau apendiks. Usus buntu merupakan organ berbentuk ...",
              "thumbnails": {
                  "default": {
                      "url": "https://i.ytimg.com/vi/36KD62yDMS8/default.jpg",
                      "width": 120,
                      "height": 90
                  },
                  "medium": {
                      "url": "https://i.ytimg.com/vi/36KD62yDMS8/mqdefault.jpg",
                      "width": 320,
                      "height": 180
                  },
                  "high": {
                      "url": "https://i.ytimg.com/vi/36KD62yDMS8/hqdefault.jpg",
                      "width": 480,
                      "height": 360
                  }
              },
              "channelTitle": "Dalilla Ziva Maharani",
              "liveBroadcastContent": "none",
              "publishTime": "2021-10-21T07:51:23Z"
          }
      },
      {
          "kind": "youtube#searchResult",
          "etag": "aoUy2dFVR5xZTQCD7GgfHCvigT0",
          "id": {
              "kind": "youtube#video",
              "videoId": "uOrp-kd4sqg"
          },
          "snippet": {
              "publishedAt": "2018-10-09T06:54:04Z",
              "channelId": "UCr5rd1uSsnBErU7w8DdYZRw",
              "title": "Gejala Penyaki Usus Buntu",
              "description": "Ketahui dan cermati gejala penyakit usus buntu, agar kita terhindar dari penyakit usus buntu.",
              "thumbnails": {
                  "default": {
                      "url": "https://i.ytimg.com/vi/uOrp-kd4sqg/default.jpg",
                      "width": 120,
                      "height": 90
                  },
                  "medium": {
                      "url": "https://i.ytimg.com/vi/uOrp-kd4sqg/mqdefault.jpg",
                      "width": 320,
                      "height": 180
                  },
                  "high": {
                      "url": "https://i.ytimg.com/vi/uOrp-kd4sqg/hqdefault.jpg",
                      "width": 480,
                      "height": 360
                  }
              },
              "channelTitle": "Toga Simarmata",
              "liveBroadcastContent": "none",
              "publishTime": "2018-10-09T06:54:04Z"
          }
      },
      {
          "kind": "youtube#searchResult",
          "etag": "gwdwi41ExLTuHAtYZrGIdnF2OuY",
          "id": {
              "kind": "youtube#video",
              "videoId": "2Gt_SGnse4k"
          },
          "snippet": {
              "publishedAt": "2021-08-28T06:35:19Z",
              "channelId": "UCr5tx3FrZu73TlywA6tXYnQ",
              "title": "Apendicitis atau Radang Usus Buntu - dr. Yesaya Baringin Aroean, SpB",
              "description": "Apendicitis atau Radang Usus Buntu - dr. Yesaya Baringin Aroean, SpB.",
              "thumbnails": {
                  "default": {
                      "url": "https://i.ytimg.com/vi/2Gt_SGnse4k/default.jpg",
                      "width": 120,
                      "height": 90
                  },
                  "medium": {
                      "url": "https://i.ytimg.com/vi/2Gt_SGnse4k/mqdefault.jpg",
                      "width": 320,
                      "height": 180
                  },
                  "high": {
                      "url": "https://i.ytimg.com/vi/2Gt_SGnse4k/hqdefault.jpg",
                      "width": 480,
                      "height": 360
                  }
              },
              "channelTitle": "Rumah Sakit Tebet",
              "liveBroadcastContent": "none",
              "publishTime": "2021-08-28T06:35:19Z"
          }
      },
      {
          "kind": "youtube#searchResult",
          "etag": "cGFmysWpvV6efjTkRXss9bQJFCk",
          "id": {
              "kind": "youtube#video",
              "videoId": "l8-oR4nUv7U"
          },
          "snippet": {
              "publishedAt": "2021-05-10T16:23:17Z",
              "channelId": "UClX8fXIx-t-GtduHIXrL0hw",
              "title": "penyakit usus buntu",
              "description": "",
              "thumbnails": {
                  "default": {
                      "url": "https://i.ytimg.com/vi/l8-oR4nUv7U/default.jpg",
                      "width": 120,
                      "height": 90
                  },
                  "medium": {
                      "url": "https://i.ytimg.com/vi/l8-oR4nUv7U/mqdefault.jpg",
                      "width": 320,
                      "height": 180
                  },
                  "high": {
                      "url": "https://i.ytimg.com/vi/l8-oR4nUv7U/hqdefault.jpg",
                      "width": 480,
                      "height": 360
                  }
              },
              "channelTitle": "KUMBANG 72",
              "liveBroadcastContent": "none",
              "publishTime": "2021-05-10T16:23:17Z"
          }
      },
      {
          "kind": "youtube#searchResult",
          "etag": "vetfGeKo7RNS2WwXc_6pU_1ttDk",
          "id": {
              "kind": "youtube#video",
              "videoId": "jef1vrQjErk"
          },
          "snippet": {
              "publishedAt": "2021-11-23T09:41:51Z",
              "channelId": "UCKGSyj2SXvMyGqCdFNuTU4A",
              "title": "Mengenali Radang Usus Buntu  | Moewardi Wae",
              "description": "Jangan Lupa Like, Comment, Share & Subscribe Media Sosial RSUD Dr. Moewardi Instagram ...",
              "thumbnails": {
                  "default": {
                      "url": "https://i.ytimg.com/vi/jef1vrQjErk/default.jpg",
                      "width": 120,
                      "height": 90
                  },
                  "medium": {
                      "url": "https://i.ytimg.com/vi/jef1vrQjErk/mqdefault.jpg",
                      "width": 320,
                      "height": 180
                  },
                  "high": {
                      "url": "https://i.ytimg.com/vi/jef1vrQjErk/hqdefault.jpg",
                      "width": 480,
                      "height": 360
                  }
              },
              "channelTitle": "RSUD Dr. Moewardi_Official",
              "liveBroadcastContent": "none",
              "publishTime": "2021-11-23T09:41:51Z"
          }
      },
      {
          "kind": "youtube#searchResult",
          "etag": "B83sTOwH-fXCCMzyUpCcKmz4OAY",
          "id": {
              "kind": "youtube#video",
              "videoId": "JfXYo-bOBIw"
          },
          "snippet": {
              "publishedAt": "2021-11-01T04:31:00Z",
              "channelId": "UClTaEGYQ9aZLU_T_kpFjStQ",
              "title": "PENYAKIT SISTEM PENCERNAAN MANUSIA. RADANG USUS BUNTU (APENDISITIS)",
              "description": "NAMA: GEDE AGUNG ANANDA DANANJAYA KELAS: 8B2 NO: 6 MATERI PEMBELAJARAN: IPA.",
              "thumbnails": {
                  "default": {
                      "url": "https://i.ytimg.com/vi/JfXYo-bOBIw/default.jpg",
                      "width": 120,
                      "height": 90
                  },
                  "medium": {
                      "url": "https://i.ytimg.com/vi/JfXYo-bOBIw/mqdefault.jpg",
                      "width": 320,
                      "height": 180
                  },
                  "high": {
                      "url": "https://i.ytimg.com/vi/JfXYo-bOBIw/hqdefault.jpg",
                      "width": 480,
                      "height": 360
                  }
              },
              "channelTitle": "AnandaX",
              "liveBroadcastContent": "none",
              "publishTime": "2021-11-01T04:31:00Z"
          }
      },
      {
          "kind": "youtube#searchResult",
          "etag": "8PHCdNhYv0phEaKC_pVCX-0zDyo",
          "id": {
              "kind": "youtube#video",
              "videoId": "ky80P1dNyTM"
          },
          "snippet": {
              "publishedAt": "2021-10-07T01:40:32Z",
              "channelId": "UCKzWXwAyArd2TSbk9lluO-A",
              "title": "Penyakit Usus Buntu | Afdanil Yendrika",
              "description": "",
              "thumbnails": {
                  "default": {
                      "url": "https://i.ytimg.com/vi/ky80P1dNyTM/default.jpg",
                      "width": 120,
                      "height": 90
                  },
                  "medium": {
                      "url": "https://i.ytimg.com/vi/ky80P1dNyTM/mqdefault.jpg",
                      "width": 320,
                      "height": 180
                  },
                  "high": {
                      "url": "https://i.ytimg.com/vi/ky80P1dNyTM/hqdefault.jpg",
                      "width": 480,
                      "height": 360
                  }
              },
              "channelTitle": "Afdanil Yendrika",
              "liveBroadcastContent": "none",
              "publishTime": "2021-10-07T01:40:32Z"
          }
      },
      {
          "kind": "youtube#searchResult",
          "etag": "v9-1WGxNIV-iM_8W71EiZfE2Akg",
          "id": {
              "kind": "youtube#video",
              "videoId": "T8c5FSiZX_w"
          },
          "snippet": {
              "publishedAt": "2017-02-15T23:51:36Z",
              "channelId": "UCEykV7K-5XfCHRYY494BWQg",
              "title": "Awas!! 7 Tanda Ketika Penyakit Usus Buntu Mulai Menyerang Anda",
              "description": "Penyakit usus buntu adalah peradangan atau pembengkakan apendiks atau usus buntu. Sedangkan usus buntu adalah organ ...",
              "thumbnails": {
                  "default": {
                      "url": "https://i.ytimg.com/vi/T8c5FSiZX_w/default.jpg",
                      "width": 120,
                      "height": 90
                  },
                  "medium": {
                      "url": "https://i.ytimg.com/vi/T8c5FSiZX_w/mqdefault.jpg",
                      "width": 320,
                      "height": 180
                  },
                  "high": {
                      "url": "https://i.ytimg.com/vi/T8c5FSiZX_w/hqdefault.jpg",
                      "width": 480,
                      "height": 360
                  }
              },
              "channelTitle": "Kafila Channel",
              "liveBroadcastContent": "none",
              "publishTime": "2017-02-15T23:51:36Z"
          }
      },
      {
          "kind": "youtube#searchResult",
          "etag": "T8IP0OW37gOqLchFJ93hV3_Bla0",
          "id": {
              "kind": "youtube#video",
              "videoId": "bL7zRaSy6mw"
          },
          "snippet": {
              "publishedAt": "2019-03-05T22:15:00Z",
              "channelId": "UC34xi8JB1AKSotPUKHywbaA",
              "title": "Ustadz Dhanu Menjelaskan Hubungan Penyakit Dengan Akhlak - Siraman Qolbu (3/3)",
              "description": "Ustadz Dhanu Menjelaskan Hubungan Penyakit Dengan Akhlak - Siraman Qolbu (3/3) Subscribe MNCTV Official Youtube ...",
              "thumbnails": {
                  "default": {
                      "url": "https://i.ytimg.com/vi/bL7zRaSy6mw/default.jpg",
                      "width": 120,
                      "height": 90
                  },
                  "medium": {
                      "url": "https://i.ytimg.com/vi/bL7zRaSy6mw/mqdefault.jpg",
                      "width": 320,
                      "height": 180
                  },
                  "high": {
                      "url": "https://i.ytimg.com/vi/bL7zRaSy6mw/hqdefault.jpg",
                      "width": 480,
                      "height": 360
                  }
              },
              "channelTitle": "MNCTV Official",
              "liveBroadcastContent": "none",
              "publishTime": "2019-03-05T22:15:00Z"
          }
      },
      {
          "kind": "youtube#searchResult",
          "etag": "-fq9x1iQrOBStVsYUUj2S2KihQg",
          "id": {
              "kind": "youtube#video",
              "videoId": "GEou8gnwyvw"
          },
          "snippet": {
              "publishedAt": "2020-04-11T06:21:03Z",
              "channelId": "UCiecSSp5xSmkwFVTtqv0ktQ",
              "title": "DI VONIS DOKTER USUS BUNTU//SEMBUH TOTAL TANPA OPERASI!!! || Novyriz",
              "description": "Halloo semuanya         Semoga video ini bisa jadi pelajaran untuk temen2 yang mau diet tanpa salah jalan yaaa:) Jgn lupa ...",
              "thumbnails": {
                  "default": {
                      "url": "https://i.ytimg.com/vi/GEou8gnwyvw/default.jpg",
                      "width": 120,
                      "height": 90
                  },
                  "medium": {
                      "url": "https://i.ytimg.com/vi/GEou8gnwyvw/mqdefault.jpg",
                      "width": 320,
                      "height": 180
                  },
                  "high": {
                      "url": "https://i.ytimg.com/vi/GEou8gnwyvw/hqdefault.jpg",
                      "width": 480,
                      "height": 360
                  }
              },
              "channelTitle": "Novy Rizkya",
              "liveBroadcastContent": "none",
              "publishTime": "2020-04-11T06:21:03Z"
          }
      },
      {
          "kind": "youtube#searchResult",
          "etag": "u8-9YsBY2N7GDEU8qv2ZToN8L04",
          "id": {
              "kind": "youtube#video",
              "videoId": "LC96IRyNFp8"
          },
          "snippet": {
              "publishedAt": "2022-01-22T05:00:15Z",
              "channelId": "UCEBUFDshnbrHtTd6jLQEVXA",
              "title": "Gejala Radang Usus Buntu Yang Harus Anda Waspadai",
              "description": "Gejala Radang Usus Buntu Usus buntu adalah organ kecil yang menempel pada usus besar di sisi kanan bawah rongga perut.",
              "thumbnails": {
                  "default": {
                      "url": "https://i.ytimg.com/vi/LC96IRyNFp8/default.jpg",
                      "width": 120,
                      "height": 90
                  },
                  "medium": {
                      "url": "https://i.ytimg.com/vi/LC96IRyNFp8/mqdefault.jpg",
                      "width": 320,
                      "height": 180
                  },
                  "high": {
                      "url": "https://i.ytimg.com/vi/LC96IRyNFp8/hqdefault.jpg",
                      "width": 480,
                      "height": 360
                  }
              },
              "channelTitle": "Dr Herbal",
              "liveBroadcastContent": "none",
              "publishTime": "2022-01-22T05:00:15Z"
          }
      },
      {
          "kind": "youtube#searchResult",
          "etag": "Vva05oqEfD0ZwZ3aTBVcYKHpbNo",
          "id": {
              "kind": "youtube#video",
              "videoId": "QriraKzD7r0"
          },
          "snippet": {
              "publishedAt": "2022-01-31T10:59:38Z",
              "channelId": "UCV3_n3c6PoXkLD_STepaE9Q",
              "title": "Jimin BTS Jalani Operasi Usus Buntu Akut Dan Positif COVID-19, Begini Kondisinya",
              "description": "Jimin BTS Jalani Operasi Usus Buntu Akut Dan Positif COVID-19, Begini Kondisinya BTS BREAKING NEWS jimin bts positif covid ...",
              "thumbnails": {
                  "default": {
                      "url": "https://i.ytimg.com/vi/QriraKzD7r0/default.jpg",
                      "width": 120,
                      "height": 90
                  },
                  "medium": {
                      "url": "https://i.ytimg.com/vi/QriraKzD7r0/mqdefault.jpg",
                      "width": 320,
                      "height": 180
                  },
                  "high": {
                      "url": "https://i.ytimg.com/vi/QriraKzD7r0/hqdefault.jpg",
                      "width": 480,
                      "height": 360
                  }
              },
              "channelTitle": "GOARKOAR",
              "liveBroadcastContent": "none",
              "publishTime": "2022-01-31T10:59:38Z"
          }
      },
      {
          "kind": "youtube#searchResult",
          "etag": "j5DgmVSJHCjfKOXsAVTaHEwpj4c",
          "id": {
              "kind": "youtube#video",
              "videoId": "ZVpKePF1Z5k"
          },
          "snippet": {
              "publishedAt": "2020-11-30T10:16:43Z",
              "channelId": "UCAsVofj3m2QT32YZKHFj92A",
              "title": "Tugas vidio MITOS-FAKTA (Penyakit Usus Buntu Gara² Makan Pedas)",
              "description": "",
              "thumbnails": {
                  "default": {
                      "url": "https://i.ytimg.com/vi/ZVpKePF1Z5k/default.jpg",
                      "width": 120,
                      "height": 90
                  },
                  "medium": {
                      "url": "https://i.ytimg.com/vi/ZVpKePF1Z5k/mqdefault.jpg",
                      "width": 320,
                      "height": 180
                  },
                  "high": {
                      "url": "https://i.ytimg.com/vi/ZVpKePF1Z5k/hqdefault.jpg",
                      "width": 480,
                      "height": 360
                  }
              },
              "channelTitle": "Cantika logaa",
              "liveBroadcastContent": "none",
              "publishTime": "2020-11-30T10:16:43Z"
          }
      },
      {
          "kind": "youtube#searchResult",
          "etag": "tlWyUrcIJqvrV-4lHoeYwHYKQAs",
          "id": {
              "kind": "youtube#video",
              "videoId": "nVgVNXZtLt4"
          },
          "snippet": {
              "publishedAt": "2021-06-07T11:00:24Z",
              "channelId": "UCxoiTzUhCXwyTzHgpGVzBdA",
              "title": "BANSOS MEONG PATI PEDULI KEPADA SAUDARA ROSIDI YANG KENA PENYAKIT USUS BUNTU",
              "description": "BANSOS MEONG PATI PEDULI KEPADA SAUDARA ROSIDI YANG KENA PENYAKIT USUS BUNTU Assalamu'alaikum.",
              "thumbnails": {
                  "default": {
                      "url": "https://i.ytimg.com/vi/nVgVNXZtLt4/default.jpg",
                      "width": 120,
                      "height": 90
                  },
                  "medium": {
                      "url": "https://i.ytimg.com/vi/nVgVNXZtLt4/mqdefault.jpg",
                      "width": 320,
                      "height": 180
                  },
                  "high": {
                      "url": "https://i.ytimg.com/vi/nVgVNXZtLt4/hqdefault.jpg",
                      "width": 480,
                      "height": 360
                  }
              },
              "channelTitle": "Paijo Nyenengke",
              "liveBroadcastContent": "none",
              "publishTime": "2021-06-07T11:00:24Z"
          }
      },
      {
          "kind": "youtube#searchResult",
          "etag": "CEa1dd45zHYkJYc4sXJQo7omfgA",
          "id": {
              "kind": "youtube#video",
              "videoId": "Ml_s4nw8YqA"
          },
          "snippet": {
              "publishedAt": "2020-03-16T14:00:04Z",
              "channelId": "UCoaYZ13uXALRPjtqmQfR-jQ",
              "title": "SUSAH KELUAR...??? Usus Buntu Kembali Lancar Seperti Dulu Lagi!!! | Pijat Refleksi Untuk Usus Buntu",
              "description": "Cara menyembuhkan usus buntu dengan cara pijat refleksi, pada bagian pusat saraf untuk menyembuhkan usus buntu Pijat ...",
              "thumbnails": {
                  "default": {
                      "url": "https://i.ytimg.com/vi/Ml_s4nw8YqA/default.jpg",
                      "width": 120,
                      "height": 90
                  },
                  "medium": {
                      "url": "https://i.ytimg.com/vi/Ml_s4nw8YqA/mqdefault.jpg",
                      "width": 320,
                      "height": 180
                  },
                  "high": {
                      "url": "https://i.ytimg.com/vi/Ml_s4nw8YqA/hqdefault.jpg",
                      "width": 480,
                      "height": 360
                  }
              },
              "channelTitle": "Ramuan Mujarab",
              "liveBroadcastContent": "none",
              "publishTime": "2020-03-16T14:00:04Z"
          }
      },
      {
          "kind": "youtube#searchResult",
          "etag": "qxH36YOrHymIbYfy7VPkDKOY3jc",
          "id": {
              "kind": "youtube#video",
              "videoId": "1SbawnQ_gsg"
          },
          "snippet": {
              "publishedAt": "2021-10-15T12:24:15Z",
              "channelId": "UCzpA_QfLM-xTS6OpbLAFMYA",
              "title": "Terapi gejala usus buntu",
              "description": "Hidup sehat.",
              "thumbnails": {
                  "default": {
                      "url": "https://i.ytimg.com/vi/1SbawnQ_gsg/default.jpg",
                      "width": 120,
                      "height": 90
                  },
                  "medium": {
                      "url": "https://i.ytimg.com/vi/1SbawnQ_gsg/mqdefault.jpg",
                      "width": 320,
                      "height": 180
                  },
                  "high": {
                      "url": "https://i.ytimg.com/vi/1SbawnQ_gsg/hqdefault.jpg",
                      "width": 480,
                      "height": 360
                  }
              },
              "channelTitle": "Bang Iwan",
              "liveBroadcastContent": "none",
              "publishTime": "2021-10-15T12:24:15Z"
          }
      },
      {
          "kind": "youtube#searchResult",
          "etag": "nVpFdqgEp7zkYcpGAnEQfJSQls4",
          "id": {
              "kind": "youtube#video",
              "videoId": "2TujypV5PRw"
          },
          "snippet": {
              "publishedAt": "2021-10-20T10:11:54Z",
              "channelId": "UCaP0F3gABHY23mzVLRHiHrw",
              "title": "Tugas Uts Bahasa Inggris &quot;Masalah Kesehatan&quot; (Penyakit usus Buntu)",
              "description": "",
              "thumbnails": {
                  "default": {
                      "url": "https://i.ytimg.com/vi/2TujypV5PRw/default.jpg",
                      "width": 120,
                      "height": 90
                  },
                  "medium": {
                      "url": "https://i.ytimg.com/vi/2TujypV5PRw/mqdefault.jpg",
                      "width": 320,
                      "height": 180
                  },
                  "high": {
                      "url": "https://i.ytimg.com/vi/2TujypV5PRw/hqdefault.jpg",
                      "width": 480,
                      "height": 360
                  }
              },
              "channelTitle": "Elisabet M. Dilago",
              "liveBroadcastContent": "none",
              "publishTime": "2021-10-20T10:11:54Z"
          }
      },
      {
          "kind": "youtube#searchResult",
          "etag": "hGcvNhUoFk7NZvj05lu0CA0_lvw",
          "id": {
              "kind": "youtube#video",
              "videoId": "ppLKXpY74EY"
          },
          "snippet": {
              "publishedAt": "2020-06-30T08:00:19Z",
              "channelId": "UCAYolaErlcX_mEiYb3yzcYA",
              "title": "PENGALAMAN OPERASI USUS BUNTU",
              "description": "PENGALAMAN OPERASI USUS BUNTU Buat temen-temen yang pernah mengalami hal yang sama seperti gue, boleh dong ...",
              "thumbnails": {
                  "default": {
                      "url": "https://i.ytimg.com/vi/ppLKXpY74EY/default.jpg",
                      "width": 120,
                      "height": 90
                  },
                  "medium": {
                      "url": "https://i.ytimg.com/vi/ppLKXpY74EY/mqdefault.jpg",
                      "width": 320,
                      "height": 180
                  },
                  "high": {
                      "url": "https://i.ytimg.com/vi/ppLKXpY74EY/hqdefault.jpg",
                      "width": 480,
                      "height": 360
                  }
              },
              "channelTitle": "R.E.K ID",
              "liveBroadcastContent": "none",
              "publishTime": "2020-06-30T08:00:19Z"
          }
      },
      {
          "kind": "youtube#searchResult",
          "etag": "xySaDkQbxjkmDA9U57U8meCUs2E",
          "id": {
              "kind": "youtube#video",
              "videoId": "FNJHkn2lFkA"
          },
          "snippet": {
              "publishedAt": "2020-02-10T07:00:01Z",
              "channelId": "UCrmgXElfpFPD9LDc_0aUfew",
              "title": "Berasa Teriris Pisau Hingga Tidak Sanggup Menahan Sakit",
              "description": "SUBSCRIBE Netmediatama Official Youtube Channel: http://www.youtube.com/netmediatama Homepage ...",
              "thumbnails": {
                  "default": {
                      "url": "https://i.ytimg.com/vi/FNJHkn2lFkA/default.jpg",
                      "width": 120,
                      "height": 90
                  },
                  "medium": {
                      "url": "https://i.ytimg.com/vi/FNJHkn2lFkA/mqdefault.jpg",
                      "width": 320,
                      "height": 180
                  },
                  "high": {
                      "url": "https://i.ytimg.com/vi/FNJHkn2lFkA/hqdefault.jpg",
                      "width": 480,
                      "height": 360
                  }
              },
              "channelTitle": "Netmediatama",
              "liveBroadcastContent": "none",
              "publishTime": "2020-02-10T07:00:01Z"
          }
      },
      {
          "kind": "youtube#searchResult",
          "etag": "bdotT6klIPdi2rxT-N9s9P9gZgo",
          "id": {
              "kind": "youtube#video",
              "videoId": "qCItl0OK1a4"
          },
          "snippet": {
              "publishedAt": "2020-10-30T04:00:09Z",
              "channelId": "UCa-sUj0DTdfCvmjbKyk_5rg",
              "title": "Kata Dokter Podcast | EP09: &quot;kenali Penyakit Hernia: Gejala, Penyebab, dan Pengobatannya&quot;",
              "description": "Sahabat KIH, tahukah Anda jika penyakit Hernia atau yang dikenal dengan \"turun berok\", sering ditemui di masyarakat umum?",
              "thumbnails": {
                  "default": {
                      "url": "https://i.ytimg.com/vi/qCItl0OK1a4/default.jpg",
                      "width": 120,
                      "height": 90
                  },
                  "medium": {
                      "url": "https://i.ytimg.com/vi/qCItl0OK1a4/mqdefault.jpg",
                      "width": 320,
                      "height": 180
                  },
                  "high": {
                      "url": "https://i.ytimg.com/vi/qCItl0OK1a4/hqdefault.jpg",
                      "width": 480,
                      "height": 360
                  }
              },
              "channelTitle": "Kasih Ibu Hospital",
              "liveBroadcastContent": "none",
              "publishTime": "2020-10-30T04:00:09Z"
          }
      },
      {
          "kind": "youtube#searchResult",
          "etag": "p3KiIdmduV43NSaI2G2SLo2kiqM",
          "id": {
              "kind": "youtube#video",
              "videoId": "Y7DpEOdRK3s"
          },
          "snippet": {
              "publishedAt": "2021-08-07T11:00:27Z",
              "channelId": "UCCOvujfanVo1JKXusX0lgVQ",
              "title": "Ketahui Gejala Usus Buntu Pecah dan Pengobatannya",
              "description": "Usus Buntu Usus Buntu Pecah Beli Obat Penyakit Usus Buntu Pecah --KLIK LINK-- Admin 1 : http://bit.ly/Beli-QnC ...",
              "thumbnails": {
                  "default": {
                      "url": "https://i.ytimg.com/vi/Y7DpEOdRK3s/default.jpg",
                      "width": 120,
                      "height": 90
                  },
                  "medium": {
                      "url": "https://i.ytimg.com/vi/Y7DpEOdRK3s/mqdefault.jpg",
                      "width": 320,
                      "height": 180
                  },
                  "high": {
                      "url": "https://i.ytimg.com/vi/Y7DpEOdRK3s/hqdefault.jpg",
                      "width": 480,
                      "height": 360
                  }
              },
              "channelTitle": "Herbal Cirebon",
              "liveBroadcastContent": "none",
              "publishTime": "2021-08-07T11:00:27Z"
          }
      },
      {
          "kind": "youtube#searchResult",
          "etag": "dYA3ESZvWEgc8AlC6HJePZadqeo",
          "id": {
              "kind": "youtube#video",
              "videoId": "qyLTNFWrSOU"
          },
          "snippet": {
              "publishedAt": "2022-01-31T11:31:19Z",
              "channelId": "UCTCbnJ3IqYdn2yDrURgEuZw",
              "title": "Jimin kamu Kuat Banget mana Double lagi penyakitnya😭😭 #Jimin #UsusBuntu #Covid19 #BTS #Operasi",
              "description": "",
              "thumbnails": {
                  "default": {
                      "url": "https://i.ytimg.com/vi/qyLTNFWrSOU/default.jpg",
                      "width": 120,
                      "height": 90
                  },
                  "medium": {
                      "url": "https://i.ytimg.com/vi/qyLTNFWrSOU/mqdefault.jpg",
                      "width": 320,
                      "height": 180
                  },
                  "high": {
                      "url": "https://i.ytimg.com/vi/qyLTNFWrSOU/hqdefault.jpg",
                      "width": 480,
                      "height": 360
                  }
              },
              "channelTitle": "Lalalisa07",
              "liveBroadcastContent": "none",
              "publishTime": "2022-01-31T11:31:19Z"
          }
      },
      {
          "kind": "youtube#searchResult",
          "etag": "Xwwm05octFuTow-q-LKejVFyIqs",
          "id": {
              "kind": "youtube#video",
              "videoId": "aKhDHF80STE"
          },
          "snippet": {
              "publishedAt": "2022-02-03T07:15:37Z",
              "channelId": "UCPAxpUn1mrn14xU0JpsLhDg",
              "title": "Jimin BTS Alami Radang Usus Buntu Akut, Apa Penyebabnya?",
              "description": "Anggota grup musik Korea Selatan, BTS, Jimin dikabarkan menjalani operasi usai didiagnosis mengidap radang usus buntu akut.",
              "thumbnails": {
                  "default": {
                      "url": "https://i.ytimg.com/vi/aKhDHF80STE/default.jpg",
                      "width": 120,
                      "height": 90
                  },
                  "medium": {
                      "url": "https://i.ytimg.com/vi/aKhDHF80STE/mqdefault.jpg",
                      "width": 320,
                      "height": 180
                  },
                  "high": {
                      "url": "https://i.ytimg.com/vi/aKhDHF80STE/hqdefault.jpg",
                      "width": 480,
                      "height": 360
                  }
              },
              "channelTitle": "Kompas.com",
              "liveBroadcastContent": "none",
              "publishTime": "2022-02-03T07:15:37Z"
          }
      },
      {
          "kind": "youtube#searchResult",
          "etag": "uMbPE5geNqTmBdN9mmq-qMqwf5M",
          "id": {
              "kind": "youtube#video",
              "videoId": "Mw9zlQaNMXQ"
          },
          "snippet": {
              "publishedAt": "2015-10-15T07:48:10Z",
              "channelId": "UCeQzkUZIyD0OqJRgSi3czIg",
              "title": "Waspadai Gejala Usus Buntu",
              "description": "",
              "thumbnails": {
                  "default": {
                      "url": "https://i.ytimg.com/vi/Mw9zlQaNMXQ/default.jpg",
                      "width": 120,
                      "height": 90
                  },
                  "medium": {
                      "url": "https://i.ytimg.com/vi/Mw9zlQaNMXQ/mqdefault.jpg",
                      "width": 320,
                      "height": 180
                  },
                  "high": {
                      "url": "https://i.ytimg.com/vi/Mw9zlQaNMXQ/hqdefault.jpg",
                      "width": 480,
                      "height": 360
                  }
              },
              "channelTitle": "Techno News",
              "liveBroadcastContent": "none",
              "publishTime": "2015-10-15T07:48:10Z"
          }
      },
      {
          "kind": "youtube#searchResult",
          "etag": "WYQ8AOgHlmxKpxSuEyt5ypO5HOU",
          "id": {
              "kind": "youtube#video",
              "videoId": "-3Lh4csTkCo"
          },
          "snippet": {
              "publishedAt": "2018-06-22T07:25:51Z",
              "channelId": "UCvs8VBGJM432HxNQofOUBuQ",
              "title": "Wajib Tau! 5 Cara Alami Mencegah Penyakit Radang Usus Buntu",
              "description": "Penyakit usus buntu merupakan penyakit pada saluran cerna yang cukup berbahaya. Usus buntu terletak di bagian kanan perut, ...",
              "thumbnails": {
                  "default": {
                      "url": "https://i.ytimg.com/vi/-3Lh4csTkCo/default.jpg",
                      "width": 120,
                      "height": 90
                  },
                  "medium": {
                      "url": "https://i.ytimg.com/vi/-3Lh4csTkCo/mqdefault.jpg",
                      "width": 320,
                      "height": 180
                  },
                  "high": {
                      "url": "https://i.ytimg.com/vi/-3Lh4csTkCo/hqdefault.jpg",
                      "width": 480,
                      "height": 360
                  }
              },
              "channelTitle": "Herbal TV",
              "liveBroadcastContent": "none",
              "publishTime": "2018-06-22T07:25:51Z"
          }
      },
      {
          "kind": "youtube#searchResult",
          "etag": "gaNTD8E2M6gaASNcQ2zsWwDWb58",
          "id": {
              "kind": "youtube#video",
              "videoId": "VsBf5xYXzdM"
          },
          "snippet": {
              "publishedAt": "2021-10-06T10:50:17Z",
              "channelId": "UC4zy1GJI8AETcvgZS_M_MXA",
              "title": "RADANG USUS BUNTU",
              "description": "Penyakit usus buntu adalah peradangan yang terjadi pada usus buntu atau apendiks. Usus buntu merupakan organ berbentuk ...",
              "thumbnails": {
                  "default": {
                      "url": "https://i.ytimg.com/vi/VsBf5xYXzdM/default.jpg",
                      "width": 120,
                      "height": 90
                  },
                  "medium": {
                      "url": "https://i.ytimg.com/vi/VsBf5xYXzdM/mqdefault.jpg",
                      "width": 320,
                      "height": 180
                  },
                  "high": {
                      "url": "https://i.ytimg.com/vi/VsBf5xYXzdM/hqdefault.jpg",
                      "width": 480,
                      "height": 360
                  }
              },
              "channelTitle": "Dalilla Ziva Maharani",
              "liveBroadcastContent": "none",
              "publishTime": "2021-10-06T10:50:17Z"
          }
      },
      {
          "kind": "youtube#searchResult",
          "etag": "tkuY3igp2epulrUKPGC6CBTfhC0",
          "id": {
              "kind": "youtube#video",
              "videoId": "hSj8N_XWWAw"
          },
          "snippet": {
              "publishedAt": "2021-07-26T13:07:45Z",
              "channelId": "UCfBACMTPm_nhSsMS5mrMIYg",
              "title": "Episode 03 - ASK THE EXPERT &quot;KENALI GEJALA DINI INFEKSI USUS BUNTU&quot;",
              "description": "Oleh dr Doddy Numirsyah, Sp.B.",
              "thumbnails": {
                  "default": {
                      "url": "https://i.ytimg.com/vi/hSj8N_XWWAw/default.jpg",
                      "width": 120,
                      "height": 90
                  },
                  "medium": {
                      "url": "https://i.ytimg.com/vi/hSj8N_XWWAw/mqdefault.jpg",
                      "width": 320,
                      "height": 180
                  },
                  "high": {
                      "url": "https://i.ytimg.com/vi/hSj8N_XWWAw/hqdefault.jpg",
                      "width": 480,
                      "height": 360
                  }
              },
              "channelTitle": "RSIA Prima Qonita",
              "liveBroadcastContent": "none",
              "publishTime": "2021-07-26T13:07:45Z"
          }
      },
      {
          "kind": "youtube#searchResult",
          "etag": "pRA45n0D5BNLZNKRMaoLVd2OHGk",
          "id": {
              "kind": "youtube#video",
              "videoId": "CZ4Zn5ZEmt0"
          },
          "snippet": {
              "publishedAt": "2021-05-08T09:00:09Z",
              "channelId": "UCTDLgIF3opP7omvBjYaB8qg",
              "title": "Radang USUS BUNTU Karena Makan Biji-bijian. Mitos atau Fakta? - Bethesda Talk Show Ep 41",
              "description": "UsusBuntu #Appendicitis #MitosatauFakta Halo Sobat Sehat Bethesda. Apa kabar? Semoga selalu dalam keadaan sehat dan ...",
              "thumbnails": {
                  "default": {
                      "url": "https://i.ytimg.com/vi/CZ4Zn5ZEmt0/default.jpg",
                      "width": 120,
                      "height": 90
                  },
                  "medium": {
                      "url": "https://i.ytimg.com/vi/CZ4Zn5ZEmt0/mqdefault.jpg",
                      "width": 320,
                      "height": 180
                  },
                  "high": {
                      "url": "https://i.ytimg.com/vi/CZ4Zn5ZEmt0/hqdefault.jpg",
                      "width": 480,
                      "height": 360
                  }
              },
              "channelTitle": "Rumah Sakit Bethesda",
              "liveBroadcastContent": "none",
              "publishTime": "2021-05-08T09:00:09Z"
          }
      },
      {
          "kind": "youtube#searchResult",
          "etag": "iCap0uIAB6OrwxA956WOsyLRCro",
          "id": {
              "kind": "youtube#video",
              "videoId": "xD6HveHIPG0"
          },
          "snippet": {
              "publishedAt": "2021-04-21T17:32:35Z",
              "channelId": "UCJsIXIbRCQCgDCSPXikG9Aw",
              "title": "OPERASI USUS BUNTU💪🏻 SALAH DIAGNOSA || NovitaOktavy",
              "description": "",
              "thumbnails": {
                  "default": {
                      "url": "https://i.ytimg.com/vi/xD6HveHIPG0/default.jpg",
                      "width": 120,
                      "height": 90
                  },
                  "medium": {
                      "url": "https://i.ytimg.com/vi/xD6HveHIPG0/mqdefault.jpg",
                      "width": 320,
                      "height": 180
                  },
                  "high": {
                      "url": "https://i.ytimg.com/vi/xD6HveHIPG0/hqdefault.jpg",
                      "width": 480,
                      "height": 360
                  }
              },
              "channelTitle": "Novita Oktavy",
              "liveBroadcastContent": "none",
              "publishTime": "2021-04-21T17:32:35Z"
          }
      }
  ]
}