{
  "kind": "youtube#searchListResponse",
  "etag": "vwTGGuWKbCiEjEeowgtyfCx4a44",
  "nextPageToken": "CJADEAA",
  "prevPageToken": "CN4CEAE",
  "regionCode": "ID",
  "pageInfo": {
      "totalResults": 73347,
      "resultsPerPage": 50
  },
  "items": [
      {
          "kind": "youtube#searchResult",
          "etag": "rROLxqd71pMJck3ol_EHY5yDoaU",
          "id": {
              "kind": "youtube#video",
              "videoId": "MlC-rHzPMvI"
          },
          "snippet": {
              "publishedAt": "2019-10-31T13:00:04Z",
              "channelId": "UCiNSIpoK-_IrIDtiK-8quYQ",
              "title": "Penyebab Penyakit Usus Buntu Dan Cara Mengobatinya",
              "description": "Pesan Langsung QnC Jelly Gamat KLIK DISINI : http://bit.ly/BeliJellyGamat Order Via Ecommerce BW TV Herbal (Gratis Ongkos ...",
              "thumbnails": {
                  "default": {
                      "url": "https://i.ytimg.com/vi/MlC-rHzPMvI/default.jpg",
                      "width": 120,
                      "height": 90
                  },
                  "medium": {
                      "url": "https://i.ytimg.com/vi/MlC-rHzPMvI/mqdefault.jpg",
                      "width": 320,
                      "height": 180
                  },
                  "high": {
                      "url": "https://i.ytimg.com/vi/MlC-rHzPMvI/hqdefault.jpg",
                      "width": 480,
                      "height": 360
                  }
              },
              "channelTitle": "BW TV Herbal",
              "liveBroadcastContent": "none",
              "publishTime": "2019-10-31T13:00:04Z"
          }
      },
      {
          "kind": "youtube#searchResult",
          "etag": "aL_UYfMvieJCA6E22th-BO6So60",
          "id": {
              "kind": "youtube#video",
              "videoId": "yEb3oplBDi4"
          },
          "snippet": {
              "publishedAt": "2019-12-05T04:20:50Z",
              "channelId": "UCaG0V_5_Gfov70Mh6lkkvww",
              "title": "Obat alami usus buntu - dr zaidul",
              "description": "Obat alami usus buntu - dr zaidul Akbar #ususbuntu #zaidulakbar #jsr.",
              "thumbnails": {
                  "default": {
                      "url": "https://i.ytimg.com/vi/yEb3oplBDi4/default.jpg",
                      "width": 120,
                      "height": 90
                  },
                  "medium": {
                      "url": "https://i.ytimg.com/vi/yEb3oplBDi4/mqdefault.jpg",
                      "width": 320,
                      "height": 180
                  },
                  "high": {
                      "url": "https://i.ytimg.com/vi/yEb3oplBDi4/hqdefault.jpg",
                      "width": 480,
                      "height": 360
                  }
              },
              "channelTitle": "FAKTA KUY",
              "liveBroadcastContent": "none",
              "publishTime": "2019-12-05T04:20:50Z"
          }
      },
      {
          "kind": "youtube#searchResult",
          "etag": "h6jXFYkqicBmpW9FZJfApXYGAXs",
          "id": {
              "kind": "youtube#video",
              "videoId": "YiU9-w9O0Mw"
          },
          "snippet": {
              "publishedAt": "2021-11-30T15:05:13Z",
              "channelId": "UCHmx78gJSgGcCIuBHriW6yg",
              "title": "Waspada ! kenali sakit perut biasa dan usus buntu",
              "description": "Sahabat Permata mungkin sering mengeluhkan sakit yang tak tertahankan pada perut? Bisa jadi itu gejala usus buntu. Meskipun ...",
              "thumbnails": {
                  "default": {
                      "url": "https://i.ytimg.com/vi/YiU9-w9O0Mw/default.jpg",
                      "width": 120,
                      "height": 90
                  },
                  "medium": {
                      "url": "https://i.ytimg.com/vi/YiU9-w9O0Mw/mqdefault.jpg",
                      "width": 320,
                      "height": 180
                  },
                  "high": {
                      "url": "https://i.ytimg.com/vi/YiU9-w9O0Mw/hqdefault.jpg",
                      "width": 480,
                      "height": 360
                  }
              },
              "channelTitle": "RS Permata Cibubur",
              "liveBroadcastContent": "none",
              "publishTime": "2021-11-30T15:05:13Z"
          }
      },
      {
          "kind": "youtube#searchResult",
          "etag": "Vkv9-qMivbHwRSgECNT6qx3FzzA",
          "id": {
              "kind": "youtube#video",
              "videoId": "1Ik5MEUNowE"
          },
          "snippet": {
              "publishedAt": "2020-07-17T05:03:26Z",
              "channelId": "UCZez_UnBanwJ91kVpu6gQiQ",
              "title": "USUS BUNTU-PEMERIKSAAN FISIK &amp; PEMERIKSAAN PENUNJANG",
              "description": "Usus buntu -Appendicitis. ditegakkan utamanya dari pemeriksaan fisik dan pemeriksaan penunjang. Pemeriksaan fisik yaitu nyeri ...",
              "thumbnails": {
                  "default": {
                      "url": "https://i.ytimg.com/vi/1Ik5MEUNowE/default.jpg",
                      "width": 120,
                      "height": 90
                  },
                  "medium": {
                      "url": "https://i.ytimg.com/vi/1Ik5MEUNowE/mqdefault.jpg",
                      "width": 320,
                      "height": 180
                  },
                  "high": {
                      "url": "https://i.ytimg.com/vi/1Ik5MEUNowE/hqdefault.jpg",
                      "width": 480,
                      "height": 360
                  }
              },
              "channelTitle": "Walking To Another World",
              "liveBroadcastContent": "none",
              "publishTime": "2020-07-17T05:03:26Z"
          }
      },
      {
          "kind": "youtube#searchResult",
          "etag": "JMZWo9z8S7v8VBxIqaimhDs2xAA",
          "id": {
              "kind": "youtube#video",
              "videoId": "JameSSV0_7w"
          },
          "snippet": {
              "publishedAt": "2011-08-10T05:48:56Z",
              "channelId": "UC169-d9MVI2w-sJSXLvdF3w",
              "title": "Christin Sianturi (14) – Sembuh Sakit Gejala Usus Buntu, KPPI 23 Juni 2011",
              "description": "Tuhan Yesus tidak berubah Kuasanya, dulu, sekarang sampai selamanya. Berikut ini saya ingin menyaksikan kebaikan Tuhan ...",
              "thumbnails": {
                  "default": {
                      "url": "https://i.ytimg.com/vi/JameSSV0_7w/default.jpg",
                      "width": 120,
                      "height": 90
                  },
                  "medium": {
                      "url": "https://i.ytimg.com/vi/JameSSV0_7w/mqdefault.jpg",
                      "width": 320,
                      "height": 180
                  },
                  "high": {
                      "url": "https://i.ytimg.com/vi/JameSSV0_7w/hqdefault.jpg",
                      "width": 480,
                      "height": 360
                  }
              },
              "channelTitle": "KPPI Yesus Penyembuh",
              "liveBroadcastContent": "none",
              "publishTime": "2011-08-10T05:48:56Z"
          }
      },
      {
          "kind": "youtube#searchResult",
          "etag": "8endwijuatoGg8a9KN2skNzgUNA",
          "id": {
              "kind": "youtube#video",
              "videoId": "p-SvStRhkg4"
          },
          "snippet": {
              "publishedAt": "2021-03-16T02:28:58Z",
              "channelId": "UCTdKCyHs2YIbXToJq_EuxPQ",
              "title": "Penyakit Usus Buntu - Gejala, Penyebab dan Obatnya | ZAITOP HABATOP 3 IN 1 DE NATURE",
              "description": "STOK SELALU READY!!! SILAHKAN LANGSUNG DIORDER!!! DETAIL PRODUK : - 1 botol HABATOP 3 IN 1 isi 50 kapsul - 1 ...",
              "thumbnails": {
                  "default": {
                      "url": "https://i.ytimg.com/vi/p-SvStRhkg4/default.jpg",
                      "width": 120,
                      "height": 90
                  },
                  "medium": {
                      "url": "https://i.ytimg.com/vi/p-SvStRhkg4/mqdefault.jpg",
                      "width": 320,
                      "height": 180
                  },
                  "high": {
                      "url": "https://i.ytimg.com/vi/p-SvStRhkg4/hqdefault.jpg",
                      "width": 480,
                      "height": 360
                  }
              },
              "channelTitle": "PT. De Nature Store",
              "liveBroadcastContent": "none",
              "publishTime": "2021-03-16T02:28:58Z"
          }
      },
      {
          "kind": "youtube#searchResult",
          "etag": "jeBLWZTaaRznYWd1BStN4HdHIBw",
          "id": {
              "kind": "youtube#video",
              "videoId": "effYZ2Jy2_M"
          },
          "snippet": {
              "publishedAt": "2021-02-13T06:50:00Z",
              "channelId": "UC8x-WXsBKRjUEL4Ik4ZMH5A",
              "title": "HARI KEDUA DI RUMAH SAKIT PASCA OPERASI USUS BUNTU",
              "description": "R.S. MERANGIN MEDICAL CENTRE.",
              "thumbnails": {
                  "default": {
                      "url": "https://i.ytimg.com/vi/effYZ2Jy2_M/default.jpg",
                      "width": 120,
                      "height": 90
                  },
                  "medium": {
                      "url": "https://i.ytimg.com/vi/effYZ2Jy2_M/mqdefault.jpg",
                      "width": 320,
                      "height": 180
                  },
                  "high": {
                      "url": "https://i.ytimg.com/vi/effYZ2Jy2_M/hqdefault.jpg",
                      "width": 480,
                      "height": 360
                  }
              },
              "channelTitle": "MaDam Limeida",
              "liveBroadcastContent": "none",
              "publishTime": "2021-02-13T06:50:00Z"
          }
      },
      {
          "kind": "youtube#searchResult",
          "etag": "o85w-8G4qR1GhUg9Rmn9JCgWhcs",
          "id": {
              "kind": "youtube#video",
              "videoId": "k0OCOh52QPQ"
          },
          "snippet": {
              "publishedAt": "2018-12-06T10:23:29Z",
              "channelId": "UChqNLcvfKqREN4GL6sjOARw",
              "title": "APENDISITIS(Usus Buntu)",
              "description": "",
              "thumbnails": {
                  "default": {
                      "url": "https://i.ytimg.com/vi/k0OCOh52QPQ/default.jpg",
                      "width": 120,
                      "height": 90
                  },
                  "medium": {
                      "url": "https://i.ytimg.com/vi/k0OCOh52QPQ/mqdefault.jpg",
                      "width": 320,
                      "height": 180
                  },
                  "high": {
                      "url": "https://i.ytimg.com/vi/k0OCOh52QPQ/hqdefault.jpg",
                      "width": 480,
                      "height": 360
                  }
              },
              "channelTitle": "Hendra A",
              "liveBroadcastContent": "none",
              "publishTime": "2018-12-06T10:23:29Z"
          }
      },
      {
          "kind": "youtube#searchResult",
          "etag": "xPw7OgEGTws09dsZripj8PGafH0",
          "id": {
              "kind": "youtube#video",
              "videoId": "a72rFLxcSqw"
          },
          "snippet": {
              "publishedAt": "2021-02-05T19:02:47Z",
              "channelId": "UCqulpQ45bc9KfxtvCjJFZlw",
              "title": "Mengenal Penyakit Usus Buntu",
              "description": "tugas Bimtik SMP negeri 95 Jakarta Nama: Sabita Aliyyah Kelas : IX-E Absen: 33.",
              "thumbnails": {
                  "default": {
                      "url": "https://i.ytimg.com/vi/a72rFLxcSqw/default.jpg",
                      "width": 120,
                      "height": 90
                  },
                  "medium": {
                      "url": "https://i.ytimg.com/vi/a72rFLxcSqw/mqdefault.jpg",
                      "width": 320,
                      "height": 180
                  },
                  "high": {
                      "url": "https://i.ytimg.com/vi/a72rFLxcSqw/hqdefault.jpg",
                      "width": 480,
                      "height": 360
                  }
              },
              "channelTitle": "Supriyati Suhari",
              "liveBroadcastContent": "none",
              "publishTime": "2021-02-05T19:02:47Z"
          }
      },
      {
          "kind": "youtube#searchResult",
          "etag": "aaarK4GSaatMpuuzJWPJcBmlPVs",
          "id": {
              "kind": "youtube#video",
              "videoId": "wSxTudPr6_8"
          },
          "snippet": {
              "publishedAt": "2015-09-04T01:49:03Z",
              "channelId": "UC3ckzKA0RczUsdwOet7KPCQ",
              "title": "Ini Ternyata Penyebab Usus Buntu",
              "description": "Penyebab Penyakit Usus Buntu Penyebab penyakit ini belum diketahui dengan pasti sehingga pencegahannya juga belum ...",
              "thumbnails": {
                  "default": {
                      "url": "https://i.ytimg.com/vi/wSxTudPr6_8/default.jpg",
                      "width": 120,
                      "height": 90
                  },
                  "medium": {
                      "url": "https://i.ytimg.com/vi/wSxTudPr6_8/mqdefault.jpg",
                      "width": 320,
                      "height": 180
                  },
                  "high": {
                      "url": "https://i.ytimg.com/vi/wSxTudPr6_8/hqdefault.jpg",
                      "width": 480,
                      "height": 360
                  }
              },
              "channelTitle": "Baca Berita",
              "liveBroadcastContent": "none",
              "publishTime": "2015-09-04T01:49:03Z"
          }
      },
      {
          "kind": "youtube#searchResult",
          "etag": "z__8zQ5b6tR9o0MbJijeizE2RDw",
          "id": {
              "kind": "youtube#video",
              "videoId": "SwhWAJ70SzE"
          },
          "snippet": {
              "publishedAt": "2021-10-06T04:40:23Z",
              "channelId": "UCiwx53U0oHTQBa_s_u-dUxw",
              "title": "AYAT RUQYAH SAKIT PERUT | Al MULK",
              "description": "AYAT RUQYAH SAKIT PERUT Surrah Al Mulk dengarkan dengan khusuk dengan posisi berbaring sebaiknya gunakan headset.",
              "thumbnails": {
                  "default": {
                      "url": "https://i.ytimg.com/vi/SwhWAJ70SzE/default.jpg",
                      "width": 120,
                      "height": 90
                  },
                  "medium": {
                      "url": "https://i.ytimg.com/vi/SwhWAJ70SzE/mqdefault.jpg",
                      "width": 320,
                      "height": 180
                  },
                  "high": {
                      "url": "https://i.ytimg.com/vi/SwhWAJ70SzE/hqdefault.jpg",
                      "width": 480,
                      "height": 360
                  }
              },
              "channelTitle": "Rezky Maisya Putra",
              "liveBroadcastContent": "none",
              "publishTime": "2021-10-06T04:40:23Z"
          }
      },
      {
          "kind": "youtube#searchResult",
          "etag": "0j2Fwl0ASyv8ejz3u3HoVTZmoz0",
          "id": {
              "kind": "youtube#video",
              "videoId": "cwKIPhWOh9M"
          },
          "snippet": {
              "publishedAt": "2021-09-18T13:46:18Z",
              "channelId": "UC5xAPCVizxOfnMECMXkal2Q",
              "title": "Pertama Kali Kiano Ke UGD dan harus Diinfus ..(Kasian Kiano, berkali2 gagal masuk jarum suntik !)",
              "description": "Social Media : INSTAGRAM : https://www.instagram.com/baimwong/ INSTAGRAM : https://www.instagram.com/paula_verhoeven/ ...",
              "thumbnails": {
                  "default": {
                      "url": "https://i.ytimg.com/vi/cwKIPhWOh9M/default.jpg",
                      "width": 120,
                      "height": 90
                  },
                  "medium": {
                      "url": "https://i.ytimg.com/vi/cwKIPhWOh9M/mqdefault.jpg",
                      "width": 320,
                      "height": 180
                  },
                  "high": {
                      "url": "https://i.ytimg.com/vi/cwKIPhWOh9M/hqdefault.jpg",
                      "width": 480,
                      "height": 360
                  }
              },
              "channelTitle": "Baim Paula",
              "liveBroadcastContent": "none",
              "publishTime": "2021-09-18T13:46:18Z"
          }
      },
      {
          "kind": "youtube#searchResult",
          "etag": "sibciNEu0Dcq1492-awi78SrRjI",
          "id": {
              "kind": "youtube#video",
              "videoId": "t33M0qOLXew"
          },
          "snippet": {
              "publishedAt": "2021-10-05T13:33:32Z",
              "channelId": "UCHDzNGcrm2S33k3rORxyNFA",
              "title": "Hari #1, Penggalangan Dana Pasca operasi usus buntu pecah didalam",
              "description": "Kegiatan Penggalangan dana kali ini, perihal Driver ojek online yang mengalami operasi usus buntu, namun terjadi pecah ...",
              "thumbnails": {
                  "default": {
                      "url": "https://i.ytimg.com/vi/t33M0qOLXew/default.jpg",
                      "width": 120,
                      "height": 90
                  },
                  "medium": {
                      "url": "https://i.ytimg.com/vi/t33M0qOLXew/mqdefault.jpg",
                      "width": 320,
                      "height": 180
                  },
                  "high": {
                      "url": "https://i.ytimg.com/vi/t33M0qOLXew/hqdefault.jpg",
                      "width": 480,
                      "height": 360
                  }
              },
              "channelTitle": "CHANNEL OTW TANPA REM",
              "liveBroadcastContent": "none",
              "publishTime": "2021-10-05T13:33:32Z"
          }
      },
      {
          "kind": "youtube#searchResult",
          "etag": "gn5LwSMQ1Lzg7q-4zBVFYQPTnCc",
          "id": {
              "kind": "youtube#video",
              "videoId": "2pnOCiyZXnY"
          },
          "snippet": {
              "publishedAt": "2018-04-04T13:32:10Z",
              "channelId": "UC-oGwtRmg8a9K6vKJqPOSOw",
              "title": "MUJARAB!!! TERNYATA TANAMAN INI BISA SEMBUHKAN USUS BUNTU TANPA OPERASI.",
              "description": "Usus buntu (appendicitis) adalah peradangan yang terjadi di apendiks atau usus buntu.Penyakit ini ternyata bisa disembuhkan ...",
              "thumbnails": {
                  "default": {
                      "url": "https://i.ytimg.com/vi/2pnOCiyZXnY/default.jpg",
                      "width": 120,
                      "height": 90
                  },
                  "medium": {
                      "url": "https://i.ytimg.com/vi/2pnOCiyZXnY/mqdefault.jpg",
                      "width": 320,
                      "height": 180
                  },
                  "high": {
                      "url": "https://i.ytimg.com/vi/2pnOCiyZXnY/hqdefault.jpg",
                      "width": 480,
                      "height": 360
                  }
              },
              "channelTitle": "Seputar Kesehatan",
              "liveBroadcastContent": "none",
              "publishTime": "2018-04-04T13:32:10Z"
          }
      },
      {
          "kind": "youtube#searchResult",
          "etag": "bVBIiGk0lF0bF_va6UaDqf5wS3Q",
          "id": {
              "kind": "youtube#video",
              "videoId": "8HOZzPtF1YU"
          },
          "snippet": {
              "publishedAt": "2020-02-15T09:15:03Z",
              "channelId": "UCm2LtGMsU1kUm5eDbtUCwYA",
              "title": "obat buat mengobati hernia sakit bero sakit perut akibat usus buntu",
              "description": "Spasminal adalah obat untuk mengobatai penyakit kolik abdomen antara lain sakit perut yang kadang di sebabkan oleh bakteri ...",
              "thumbnails": {
                  "default": {
                      "url": "https://i.ytimg.com/vi/8HOZzPtF1YU/default.jpg",
                      "width": 120,
                      "height": 90
                  },
                  "medium": {
                      "url": "https://i.ytimg.com/vi/8HOZzPtF1YU/mqdefault.jpg",
                      "width": 320,
                      "height": 180
                  },
                  "high": {
                      "url": "https://i.ytimg.com/vi/8HOZzPtF1YU/hqdefault.jpg",
                      "width": 480,
                      "height": 360
                  }
              },
              "channelTitle": "Apotek Tanjung mekar channel",
              "liveBroadcastContent": "none",
              "publishTime": "2020-02-15T09:15:03Z"
          }
      },
      {
          "kind": "youtube#searchResult",
          "etag": "hcHJou1eJHq2CEKZA-EJ8vxkNO8",
          "id": {
              "kind": "youtube#video",
              "videoId": "6nh5m89H6JI"
          },
          "snippet": {
              "publishedAt": "2021-02-04T13:38:04Z",
              "channelId": "UCggrLjiy-rMxRnM0vY5TNkQ",
              "title": "INFO SEPUTAR :PENYAKIT  USUS BUNTU, PENYAKIT JANTUNG, PENYAKIT DIABETES,PENYAKIT  KANKER.",
              "description": "INFO SEPUTAR : PENYAKIT USUS BUNTU PENYAKIT JANTUNG PENYAKIT DIABETES PENYAKIT KANKER. Terima kasih buat ...",
              "thumbnails": {
                  "default": {
                      "url": "https://i.ytimg.com/vi/6nh5m89H6JI/default.jpg",
                      "width": 120,
                      "height": 90
                  },
                  "medium": {
                      "url": "https://i.ytimg.com/vi/6nh5m89H6JI/mqdefault.jpg",
                      "width": 320,
                      "height": 180
                  },
                  "high": {
                      "url": "https://i.ytimg.com/vi/6nh5m89H6JI/hqdefault.jpg",
                      "width": 480,
                      "height": 360
                  }
              },
              "channelTitle": "Wisnu Ginting",
              "liveBroadcastContent": "none",
              "publishTime": "2021-02-04T13:38:04Z"
          }
      },
      {
          "kind": "youtube#searchResult",
          "etag": "vnBy2HdziS8aH5JWI6yugZZfY-c",
          "id": {
              "kind": "youtube#video",
              "videoId": "x514AbM2zKo"
          },
          "snippet": {
              "publishedAt": "2016-06-08T22:00:28Z",
              "channelId": "UCI0UnxOgG-m028CE8UJA_sg",
              "title": "Pasien Usus  Buntu Dirawat di Rumah Sakit Pandan",
              "description": "awalnya hanya sakit usus buntu, tetapi ya begini jadinya.",
              "thumbnails": {
                  "default": {
                      "url": "https://i.ytimg.com/vi/x514AbM2zKo/default.jpg",
                      "width": 120,
                      "height": 90
                  },
                  "medium": {
                      "url": "https://i.ytimg.com/vi/x514AbM2zKo/mqdefault.jpg",
                      "width": 320,
                      "height": 180
                  },
                  "high": {
                      "url": "https://i.ytimg.com/vi/x514AbM2zKo/hqdefault.jpg",
                      "width": 480,
                      "height": 360
                  }
              },
              "channelTitle": "Smart News Tapanuli",
              "liveBroadcastContent": "none",
              "publishTime": "2016-06-08T22:00:28Z"
          }
      },
      {
          "kind": "youtube#searchResult",
          "etag": "F7TO9oJCzb6hS7wiYZ-nOi0MnqM",
          "id": {
              "kind": "youtube#video",
              "videoId": "1FrhMeqiwD0"
          },
          "snippet": {
              "publishedAt": "2021-08-12T12:30:01Z",
              "channelId": "UCZF-nsOOgm_VciD2zt-bPXQ",
              "title": "Hindari ! Produk Ini Bisa Menyebabkan Usus Bocor - dr Zaidul Akbar",
              "description": "Bagi yang pernah mendengar istilah usus bocor, kondisi ini bukan berarti usus berlubang dan isinya keluar mencemari organ ...",
              "thumbnails": {
                  "default": {
                      "url": "https://i.ytimg.com/vi/1FrhMeqiwD0/default.jpg",
                      "width": 120,
                      "height": 90
                  },
                  "medium": {
                      "url": "https://i.ytimg.com/vi/1FrhMeqiwD0/mqdefault.jpg",
                      "width": 320,
                      "height": 180
                  },
                  "high": {
                      "url": "https://i.ytimg.com/vi/1FrhMeqiwD0/hqdefault.jpg",
                      "width": 480,
                      "height": 360
                  }
              },
              "channelTitle": "Bisikan.com",
              "liveBroadcastContent": "none",
              "publishTime": "2021-08-12T12:30:01Z"
          }
      },
      {
          "kind": "youtube#searchResult",
          "etag": "uJDG_Oz1ZAfcskrBxHsDzUjSu5Y",
          "id": {
              "kind": "youtube#video",
              "videoId": "ArqpY0I4of4"
          },
          "snippet": {
              "publishedAt": "2022-02-15T05:37:21Z",
              "channelId": "UCTQ4mayjazd0XdaCh_X8abw",
              "title": "Mengenal Gejala Kanker Usus Besar yang Bisa Picu Anemia, Begini Penyebab dan Cara Atasinya",
              "description": "TRIBUN-VIDEO.COM - Kanker adalah pertumbuhan sel abnormal yang tidak terkendali di dalam tubuh. Salah satunya yaitu ...",
              "thumbnails": {
                  "default": {
                      "url": "https://i.ytimg.com/vi/ArqpY0I4of4/default.jpg",
                      "width": 120,
                      "height": 90
                  },
                  "medium": {
                      "url": "https://i.ytimg.com/vi/ArqpY0I4of4/mqdefault.jpg",
                      "width": 320,
                      "height": 180
                  },
                  "high": {
                      "url": "https://i.ytimg.com/vi/ArqpY0I4of4/hqdefault.jpg",
                      "width": 480,
                      "height": 360
                  }
              },
              "channelTitle": "Tribun Health",
              "liveBroadcastContent": "none",
              "publishTime": "2022-02-15T05:37:21Z"
          }
      },
      {
          "kind": "youtube#searchResult",
          "etag": "l43cTqrIptjjRZq3fU2y7EaJWcA",
          "id": {
              "kind": "youtube#video",
              "videoId": "qN4fqwF_CqY"
          },
          "snippet": {
              "publishedAt": "2015-12-28T03:54:18Z",
              "channelId": "UCnVJqEbSkunRgEXMYKyVqYQ",
              "title": "Operasi Usus Buntu Dengan Laparaskopi",
              "description": "Operasi Usus Buntu Dengan Laparaskopi : Bedah operasi merupakan salah satu pengobatan medis yang dilakukan untuk ...",
              "thumbnails": {
                  "default": {
                      "url": "https://i.ytimg.com/vi/qN4fqwF_CqY/default.jpg",
                      "width": 120,
                      "height": 90
                  },
                  "medium": {
                      "url": "https://i.ytimg.com/vi/qN4fqwF_CqY/mqdefault.jpg",
                      "width": 320,
                      "height": 180
                  },
                  "high": {
                      "url": "https://i.ytimg.com/vi/qN4fqwF_CqY/hqdefault.jpg",
                      "width": 480,
                      "height": 360
                  }
              },
              "channelTitle": "QnC Jelly Gamat Original",
              "liveBroadcastContent": "none",
              "publishTime": "2015-12-28T03:54:18Z"
          }
      },
      {
          "kind": "youtube#searchResult",
          "etag": "6li5MeI6jz89INaFZTALbIfXV_4",
          "id": {
              "kind": "youtube#video",
              "videoId": "jZYFVylJ_Rc"
          },
          "snippet": {
              "publishedAt": "2020-09-02T02:49:38Z",
              "channelId": "UC6Nx3blKhXPb5a9p6RWK08Q",
              "title": "Obat alami,,mengobati penyakit USUS BUNTU",
              "description": "",
              "thumbnails": {
                  "default": {
                      "url": "https://i.ytimg.com/vi/jZYFVylJ_Rc/default.jpg",
                      "width": 120,
                      "height": 90
                  },
                  "medium": {
                      "url": "https://i.ytimg.com/vi/jZYFVylJ_Rc/mqdefault.jpg",
                      "width": 320,
                      "height": 180
                  },
                  "high": {
                      "url": "https://i.ytimg.com/vi/jZYFVylJ_Rc/hqdefault.jpg",
                      "width": 480,
                      "height": 360
                  }
              },
              "channelTitle": "Derianna Br barus",
              "liveBroadcastContent": "none",
              "publishTime": "2020-09-02T02:49:38Z"
          }
      },
      {
          "kind": "youtube#searchResult",
          "etag": "5qDrhkoyVs8SKB6_6KUPjUEDL50",
          "id": {
              "kind": "youtube#video",
              "videoId": "w1Q6dxyLWzY"
          },
          "snippet": {
              "publishedAt": "2016-01-15T03:00:34Z",
              "channelId": "UC4lQoyVpAnQkMr07a5tsz7A",
              "title": "089606409119 (Tri), Obat Usus Buntu Al-Bait As-Syifa&#39;, Sakit Usus Buntu, Penyakit Usus Buntu",
              "description": "Pengobatan Usus Buntu Tanpa Operasi, Pengobatan Usus Buntu Kronis, Pengobatan Usus Buntu Tanpa Operasi Terbukti ...",
              "thumbnails": {
                  "default": {
                      "url": "https://i.ytimg.com/vi/w1Q6dxyLWzY/default.jpg",
                      "width": 120,
                      "height": 90
                  },
                  "medium": {
                      "url": "https://i.ytimg.com/vi/w1Q6dxyLWzY/mqdefault.jpg",
                      "width": 320,
                      "height": 180
                  },
                  "high": {
                      "url": "https://i.ytimg.com/vi/w1Q6dxyLWzY/hqdefault.jpg",
                      "width": 480,
                      "height": 360
                  }
              },
              "channelTitle": "Pengobatan Usus Buntu Al-Bait As-Syifa'",
              "liveBroadcastContent": "none",
              "publishTime": "2016-01-15T03:00:34Z"
          }
      },
      {
          "kind": "youtube#searchResult",
          "etag": "AJHXbvrwmZGGzT2X6dToj03OnVA",
          "id": {
              "kind": "youtube#video",
              "videoId": "JMX6nAR4ZDk"
          },
          "snippet": {
              "publishedAt": "2021-06-08T05:42:26Z",
              "channelId": "UCAvIaefg11P_WpSVCKfcctQ",
              "title": "detik.detik menjelang oprasi usus buntu",
              "description": "mohon do.a nya ya temen semua saya akan jalani oprasi usus buntu di RS bayangkara sukabumi #susilawativlog ...",
              "thumbnails": {
                  "default": {
                      "url": "https://i.ytimg.com/vi/JMX6nAR4ZDk/default.jpg",
                      "width": 120,
                      "height": 90
                  },
                  "medium": {
                      "url": "https://i.ytimg.com/vi/JMX6nAR4ZDk/mqdefault.jpg",
                      "width": 320,
                      "height": 180
                  },
                  "high": {
                      "url": "https://i.ytimg.com/vi/JMX6nAR4ZDk/hqdefault.jpg",
                      "width": 480,
                      "height": 360
                  }
              },
              "channelTitle": "susilawati vlog",
              "liveBroadcastContent": "none",
              "publishTime": "2021-06-08T05:42:26Z"
          }
      },
      {
          "kind": "youtube#searchResult",
          "etag": "X8xlnTJMO257tcbB4JHnkzSKOKo",
          "id": {
              "kind": "youtube#video",
              "videoId": "rQ8SRPttC6U"
          },
          "snippet": {
              "publishedAt": "2021-03-01T04:35:13Z",
              "channelId": "UC6I6a2M0j28BTteJLNf0yPA",
              "title": "cara mengobati radang usus",
              "description": "Sering merasakan nyeri perut, bahkan sampai berbulan-bulan? Bisa jadi itu gejala radang usus. Kondisi ini tentu tidak boleh ...",
              "thumbnails": {
                  "default": {
                      "url": "https://i.ytimg.com/vi/rQ8SRPttC6U/default.jpg",
                      "width": 120,
                      "height": 90
                  },
                  "medium": {
                      "url": "https://i.ytimg.com/vi/rQ8SRPttC6U/mqdefault.jpg",
                      "width": 320,
                      "height": 180
                  },
                  "high": {
                      "url": "https://i.ytimg.com/vi/rQ8SRPttC6U/hqdefault.jpg",
                      "width": 480,
                      "height": 360
                  }
              },
              "channelTitle": "Mr OMPONG",
              "liveBroadcastContent": "none",
              "publishTime": "2021-03-01T04:35:13Z"
          }
      },
      {
          "kind": "youtube#searchResult",
          "etag": "cUUr2JOi4acc-hTxfXNd-DBh7DA",
          "id": {
              "kind": "youtube#video",
              "videoId": "1kNyrOZVHUo"
          },
          "snippet": {
              "publishedAt": "2019-07-04T11:13:42Z",
              "channelId": "UCkuAj2NuaHnSacM-QdCis_g",
              "title": "SAKIT BUKAN MAIN #OPERASI USUS BUNTU PART 1",
              "description": "BUAT kalian yang sering makan emi atau pedes hati2 jangan sampe nanti sakit apa lagi sudah kena Usus buntu bisa di operasi ...",
              "thumbnails": {
                  "default": {
                      "url": "https://i.ytimg.com/vi/1kNyrOZVHUo/default.jpg",
                      "width": 120,
                      "height": 90
                  },
                  "medium": {
                      "url": "https://i.ytimg.com/vi/1kNyrOZVHUo/mqdefault.jpg",
                      "width": 320,
                      "height": 180
                  },
                  "high": {
                      "url": "https://i.ytimg.com/vi/1kNyrOZVHUo/hqdefault.jpg",
                      "width": 480,
                      "height": 360
                  }
              },
              "channelTitle": "Riko Creator",
              "liveBroadcastContent": "none",
              "publishTime": "2019-07-04T11:13:42Z"
          }
      },
      {
          "kind": "youtube#searchResult",
          "etag": "BeiMRNkVt1wTGQYNUKzROpHeYGs",
          "id": {
              "kind": "youtube#video",
              "videoId": "RIx9jpobBW4"
          },
          "snippet": {
              "publishedAt": "2020-05-14T06:05:05Z",
              "channelId": "UC4MFy_EIXYIUnhkUSDZ0pUw",
              "title": "Bahaya Usus Buntu (Eps 2) Apakah Sakit Maag Punya Keterkaitan dengan Radang Usus Buntu?",
              "description": "Bersama Dokter Bedah Umum RST dr.Sjarif Darmawan, Sp.B di episede ke 2 ini, Health Time juga mengulas tips untuk terhindar ...",
              "thumbnails": {
                  "default": {
                      "url": "https://i.ytimg.com/vi/RIx9jpobBW4/default.jpg",
                      "width": 120,
                      "height": 90
                  },
                  "medium": {
                      "url": "https://i.ytimg.com/vi/RIx9jpobBW4/mqdefault.jpg",
                      "width": 320,
                      "height": 180
                  },
                  "high": {
                      "url": "https://i.ytimg.com/vi/RIx9jpobBW4/hqdefault.jpg",
                      "width": 480,
                      "height": 360
                  }
              },
              "channelTitle": "Humas RST",
              "liveBroadcastContent": "none",
              "publishTime": "2020-05-14T06:05:05Z"
          }
      },
      {
          "kind": "youtube#searchResult",
          "etag": "uMB7Qf9gy1UPyl5mbxkjUzfjSvQ",
          "id": {
              "kind": "youtube#video",
              "videoId": "vT6B_o42OnE"
          },
          "snippet": {
              "publishedAt": "2018-02-21T01:14:39Z",
              "channelId": "UCiNSIpoK-_IrIDtiK-8quYQ",
              "title": "Cara Mengobati USUS BUNTU Secara Alami TANPA OPERASI - Testimoni QnC Jelly Gamat",
              "description": "TESTIMONI USUS BUNTU TANPA OPERASI Berbagi pengalaman tentang khasiat obat herbal Qnc Jelly Gamat. Sudah terbukti ...",
              "thumbnails": {
                  "default": {
                      "url": "https://i.ytimg.com/vi/vT6B_o42OnE/default.jpg",
                      "width": 120,
                      "height": 90
                  },
                  "medium": {
                      "url": "https://i.ytimg.com/vi/vT6B_o42OnE/mqdefault.jpg",
                      "width": 320,
                      "height": 180
                  },
                  "high": {
                      "url": "https://i.ytimg.com/vi/vT6B_o42OnE/hqdefault.jpg",
                      "width": 480,
                      "height": 360
                  }
              },
              "channelTitle": "BW TV Herbal",
              "liveBroadcastContent": "none",
              "publishTime": "2018-02-21T01:14:39Z"
          }
      },
      {
          "kind": "youtube#searchResult",
          "etag": "fIs643uqc4AatwahXUkd5quiSS4",
          "id": {
              "kind": "youtube#video",
              "videoId": "xskEJiRb_9s"
          },
          "snippet": {
              "publishedAt": "2021-08-26T10:00:33Z",
              "channelId": "UCsnCIThLd6B5lQvD9ImWpBw",
              "title": "Gejala Usus Buntu Pada Anak &amp; Rekomendasi Pengobatannya Secara Alami",
              "description": "Pesan Langsung QnC Jelly Gamat KLIK DISINI http://bit.ly/qncmelayudeli​ Penyakit usus buntu adalah peradangan yang terjadi ...",
              "thumbnails": {
                  "default": {
                      "url": "https://i.ytimg.com/vi/xskEJiRb_9s/default.jpg",
                      "width": 120,
                      "height": 90
                  },
                  "medium": {
                      "url": "https://i.ytimg.com/vi/xskEJiRb_9s/mqdefault.jpg",
                      "width": 320,
                      "height": 180
                  },
                  "high": {
                      "url": "https://i.ytimg.com/vi/xskEJiRb_9s/hqdefault.jpg",
                      "width": 480,
                      "height": 360
                  }
              },
              "channelTitle": "Herbal Melayu Deli",
              "liveBroadcastContent": "none",
              "publishTime": "2021-08-26T10:00:33Z"
          }
      },
      {
          "kind": "youtube#searchResult",
          "etag": "cLBVj8DLy2w0kQZiJhbk7mWUUDg",
          "id": {
              "kind": "youtube#video",
              "videoId": "JksqnzHWLsA"
          },
          "snippet": {
              "publishedAt": "2020-04-29T17:19:29Z",
              "channelId": "UCQomsa950C-9WiwtVa5eaqA",
              "title": "Pengobatan Alternatif Penyakit Usus Buntu dan Terkena Santet",
              "description": "Assalamualaikum Wr. Wb. Pengobatan pada orang yang sakit. Kami melakukan hanya semata untuk beribadah dan menolong ...",
              "thumbnails": {
                  "default": {
                      "url": "https://i.ytimg.com/vi/JksqnzHWLsA/default.jpg",
                      "width": 120,
                      "height": 90
                  },
                  "medium": {
                      "url": "https://i.ytimg.com/vi/JksqnzHWLsA/mqdefault.jpg",
                      "width": 320,
                      "height": 180
                  },
                  "high": {
                      "url": "https://i.ytimg.com/vi/JksqnzHWLsA/hqdefault.jpg",
                      "width": 480,
                      "height": 360
                  }
              },
              "channelTitle": "Mahesa channel 12",
              "liveBroadcastContent": "none",
              "publishTime": "2020-04-29T17:19:29Z"
          }
      },
      {
          "kind": "youtube#searchResult",
          "etag": "NtAIgu_vatPyGlx4KnVrBRCpcJU",
          "id": {
              "kind": "youtube#video",
              "videoId": "lqngwPmRtvQ"
          },
          "snippet": {
              "publishedAt": "2018-09-19T01:26:52Z",
              "channelId": "UC_5YW91eF5LtwtI84fHYA9g",
              "title": "5 Ramuan Tradisional Untuk Mengobati Usus Buntu Secara Alami",
              "description": "Penyakit usus buntu atau umbai cacing biasa disebut sebagai appendicitis dalam istilah medis, dimana pada bagian usus buntu ...",
              "thumbnails": {
                  "default": {
                      "url": "https://i.ytimg.com/vi/lqngwPmRtvQ/default.jpg",
                      "width": 120,
                      "height": 90
                  },
                  "medium": {
                      "url": "https://i.ytimg.com/vi/lqngwPmRtvQ/mqdefault.jpg",
                      "width": 320,
                      "height": 180
                  },
                  "high": {
                      "url": "https://i.ytimg.com/vi/lqngwPmRtvQ/hqdefault.jpg",
                      "width": 480,
                      "height": 360
                  }
              },
              "channelTitle": "Info Sehat",
              "liveBroadcastContent": "none",
              "publishTime": "2018-09-19T01:26:52Z"
          }
      },
      {
          "kind": "youtube#searchResult",
          "etag": "aoRMN-tb7m3BSuehF_JctzqNNjI",
          "id": {
              "kind": "youtube#video",
              "videoId": "AgNseGFKJ2E"
          },
          "snippet": {
              "publishedAt": "2020-01-08T08:22:42Z",
              "channelId": "UCxxb_naO9zeRmpuK6GxpBLg",
              "title": "Cara Menyembuhkan Penyakit Radang Usus Buntu",
              "description": "Inflammatory bowel disease atau radang usus adalah peradangan pada saluran pencernaan yang ditandai dengan adanya iritasi ...",
              "thumbnails": {
                  "default": {
                      "url": "https://i.ytimg.com/vi/AgNseGFKJ2E/default.jpg",
                      "width": 120,
                      "height": 90
                  },
                  "medium": {
                      "url": "https://i.ytimg.com/vi/AgNseGFKJ2E/mqdefault.jpg",
                      "width": 320,
                      "height": 180
                  },
                  "high": {
                      "url": "https://i.ytimg.com/vi/AgNseGFKJ2E/hqdefault.jpg",
                      "width": 480,
                      "height": 360
                  }
              },
              "channelTitle": "Solusi Sehat",
              "liveBroadcastContent": "none",
              "publishTime": "2020-01-08T08:22:42Z"
          }
      },
      {
          "kind": "youtube#searchResult",
          "etag": "ED0AJYaxMEuqWDlWr8Xn8GF4NQY",
          "id": {
              "kind": "youtube#video",
              "videoId": "uM-l1W16Jug"
          },
          "snippet": {
              "publishedAt": "2019-08-08T03:44:09Z",
              "channelId": "UCoDd8lNC4cSfP8voZJ1kKQQ",
              "title": "Benarkah Biji Buah Jambu Sebabkan Penyakit Usus Buntu?",
              "description": "Benarkah Buah Jambu Biji Sebabkan Penyakit Usus Buntu.",
              "thumbnails": {
                  "default": {
                      "url": "https://i.ytimg.com/vi/uM-l1W16Jug/default.jpg",
                      "width": 120,
                      "height": 90
                  },
                  "medium": {
                      "url": "https://i.ytimg.com/vi/uM-l1W16Jug/mqdefault.jpg",
                      "width": 320,
                      "height": 180
                  },
                  "high": {
                      "url": "https://i.ytimg.com/vi/uM-l1W16Jug/hqdefault.jpg",
                      "width": 480,
                      "height": 360
                  }
              },
              "channelTitle": "agusherbal tv",
              "liveBroadcastContent": "none",
              "publishTime": "2019-08-08T03:44:09Z"
          }
      },
      {
          "kind": "youtube#searchResult",
          "etag": "drxz3NLta6IEz6t_OZR10K2w5os",
          "id": {
              "kind": "youtube#video",
              "videoId": "fKEgJcyeNvA"
          },
          "snippet": {
              "publishedAt": "2019-11-07T14:17:35Z",
              "channelId": "UCUK3qTMNxNCHntOL_-v2qJQ",
              "title": "Zikir Penyembuh Amalkan Insya Allah",
              "description": "Zikir Penyembuh Amalkan Ins Sha Allah Jangan lupa SUBSCRIBE, LIKE, COMMENT DAN SHARE link video ini jika anda ingin ...",
              "thumbnails": {
                  "default": {
                      "url": "https://i.ytimg.com/vi/fKEgJcyeNvA/default.jpg",
                      "width": 120,
                      "height": 90
                  },
                  "medium": {
                      "url": "https://i.ytimg.com/vi/fKEgJcyeNvA/mqdefault.jpg",
                      "width": 320,
                      "height": 180
                  },
                  "high": {
                      "url": "https://i.ytimg.com/vi/fKEgJcyeNvA/hqdefault.jpg",
                      "width": 480,
                      "height": 360
                  }
              },
              "channelTitle": "Unkel BMW",
              "liveBroadcastContent": "none",
              "publishTime": "2019-11-07T14:17:35Z"
          }
      },
      {
          "kind": "youtube#searchResult",
          "etag": "4R3zl6BlJi56TiQ_4R5HIcN_qGQ",
          "id": {
              "kind": "youtube#video",
              "videoId": "gsIT7dGUfhQ"
          },
          "snippet": {
              "publishedAt": "2019-03-01T23:09:29Z",
              "channelId": "UC1SdbidYE0wMpnKmQen1jJw",
              "title": "Penyakit Usus Buntu Terindikasi Sihir . Ust Mush ab",
              "description": "Divonis Dokter usus buntu dan telah dilakukan operasi, ternyata gangguan jin sihir pembawa penyakit (Wa)081238780299.",
              "thumbnails": {
                  "default": {
                      "url": "https://i.ytimg.com/vi/gsIT7dGUfhQ/default.jpg",
                      "width": 120,
                      "height": 90
                  },
                  "medium": {
                      "url": "https://i.ytimg.com/vi/gsIT7dGUfhQ/mqdefault.jpg",
                      "width": 320,
                      "height": 180
                  },
                  "high": {
                      "url": "https://i.ytimg.com/vi/gsIT7dGUfhQ/hqdefault.jpg",
                      "width": 480,
                      "height": 360
                  }
              },
              "channelTitle": "Mush' ab TV",
              "liveBroadcastContent": "none",
              "publishTime": "2019-03-01T23:09:29Z"
          }
      },
      {
          "kind": "youtube#searchResult",
          "etag": "YJoIydsK6xAUyq7EkLJoRY7gi6M",
          "id": {
              "kind": "youtube#video",
              "videoId": "dOHLPRRhNCI"
          },
          "snippet": {
              "publishedAt": "2019-10-17T02:09:17Z",
              "channelId": "UCQ7pqKxh1QGYCRwqz8fanTw",
              "title": "Ramuan Obat Usus Buntu Insyaallah Sembuh, Bisa Dicoba | Herbal Sederhana",
              "description": "Ramuan Obat Usus Buntu Insyaallah Sembuh, Bisa Dicoba | Herbal Sederhana #herbal #herbalindonesia #ususbuntu Keyword: ...",
              "thumbnails": {
                  "default": {
                      "url": "https://i.ytimg.com/vi/dOHLPRRhNCI/default.jpg",
                      "width": 120,
                      "height": 90
                  },
                  "medium": {
                      "url": "https://i.ytimg.com/vi/dOHLPRRhNCI/mqdefault.jpg",
                      "width": 320,
                      "height": 180
                  },
                  "high": {
                      "url": "https://i.ytimg.com/vi/dOHLPRRhNCI/hqdefault.jpg",
                      "width": 480,
                      "height": 360
                  }
              },
              "channelTitle": "AK Daily",
              "liveBroadcastContent": "none",
              "publishTime": "2019-10-17T02:09:17Z"
          }
      },
      {
          "kind": "youtube#searchResult",
          "etag": "nlBP10Dll8Qkb0LlIv6TjLB_Et0",
          "id": {
              "kind": "youtube#video",
              "videoId": "9OlkKDuCh_Q"
          },
          "snippet": {
              "publishedAt": "2021-05-20T01:02:49Z",
              "channelId": "UCiAfu6XkYrQDNTyufjuOXVA",
              "title": "ALUR RAWAT JALAN &amp; TINDAKAN OPERASI APENDIKS/USUS BUNTU DI RSU KABUPATEN TANGERANG (2015)",
              "description": "RUMAH SAKIT UMUM KABUPATEN TANGERANG INFORMASI TELP : 021-5523507 / 021-5513709 / 021-5512946 / (947) ...",
              "thumbnails": {
                  "default": {
                      "url": "https://i.ytimg.com/vi/9OlkKDuCh_Q/default.jpg",
                      "width": 120,
                      "height": 90
                  },
                  "medium": {
                      "url": "https://i.ytimg.com/vi/9OlkKDuCh_Q/mqdefault.jpg",
                      "width": 320,
                      "height": 180
                  },
                  "high": {
                      "url": "https://i.ytimg.com/vi/9OlkKDuCh_Q/hqdefault.jpg",
                      "width": 480,
                      "height": 360
                  }
              },
              "channelTitle": "RUMAH SAKIT UMUM KABUPATEN TANGERANG",
              "liveBroadcastContent": "none",
              "publishTime": "2021-05-20T01:02:49Z"
          }
      },
      {
          "kind": "youtube#searchResult",
          "etag": "KMDOYi6mRA1Ad71RVFpIvFR9ipk",
          "id": {
              "kind": "youtube#video",
              "videoId": "1i_vR17AONs"
          },
          "snippet": {
              "publishedAt": "2021-06-08T05:00:01Z",
              "channelId": "UCCOvujfanVo1JKXusX0lgVQ",
              "title": "Kenali Apa Gejala Penyakit Usus Buntu - Obati di Rumah",
              "description": "Beli Obat Penyakit Usus Buntu --KLIK LINK-- Admin 1 : http://bit.ly/Beli-QnC Admin 2 : http://bit.ly/QnC-Jelly-Gamat ...",
              "thumbnails": {
                  "default": {
                      "url": "https://i.ytimg.com/vi/1i_vR17AONs/default.jpg",
                      "width": 120,
                      "height": 90
                  },
                  "medium": {
                      "url": "https://i.ytimg.com/vi/1i_vR17AONs/mqdefault.jpg",
                      "width": 320,
                      "height": 180
                  },
                  "high": {
                      "url": "https://i.ytimg.com/vi/1i_vR17AONs/hqdefault.jpg",
                      "width": 480,
                      "height": 360
                  }
              },
              "channelTitle": "Herbal Cirebon",
              "liveBroadcastContent": "none",
              "publishTime": "2021-06-08T05:00:01Z"
          }
      },
      {
          "kind": "youtube#searchResult",
          "etag": "fL_YWWvqc03_68kfOk0xCjbSFlQ",
          "id": {
              "kind": "youtube#video",
              "videoId": "bHqmq7Quy2w"
          },
          "snippet": {
              "publishedAt": "2020-03-02T03:11:58Z",
              "channelId": "UCImcmbG8VinG1tBtvQakqLQ",
              "title": "AWAS TANDA INI BISA JADI PEMICU USUS BUNTU, #share di IGD hingga pemulihan paska operasi usus buntu",
              "description": "Share pengalaman sakit usus buntu dari awal gejala hingga penyembuhan paska operasi.",
              "thumbnails": {
                  "default": {
                      "url": "https://i.ytimg.com/vi/bHqmq7Quy2w/default.jpg",
                      "width": 120,
                      "height": 90
                  },
                  "medium": {
                      "url": "https://i.ytimg.com/vi/bHqmq7Quy2w/mqdefault.jpg",
                      "width": 320,
                      "height": 180
                  },
                  "high": {
                      "url": "https://i.ytimg.com/vi/bHqmq7Quy2w/hqdefault.jpg",
                      "width": 480,
                      "height": 360
                  }
              },
              "channelTitle": "Zodiak Daily",
              "liveBroadcastContent": "none",
              "publishTime": "2020-03-02T03:11:58Z"
          }
      },
      {
          "kind": "youtube#searchResult",
          "etag": "5LSAw_9ec1aT7dIN8fTQNsE0Clg",
          "id": {
              "kind": "youtube#video",
              "videoId": "C-2lZuhZ_NY"
          },
          "snippet": {
              "publishedAt": "2020-03-09T03:33:57Z",
              "channelId": "UCCOvujfanVo1JKXusX0lgVQ",
              "title": "Biaya Operasi Usus Buntu Tahun 2020 Metode Laparoskopi - QnC Jelly Gamat",
              "description": "Beli Obat Usus Buntu --KLIK LINK-- Admin 1 : http://bit.ly/Beli-QnC Admin 2 : http://bit.ly/QnC-Jelly-Gamat ...",
              "thumbnails": {
                  "default": {
                      "url": "https://i.ytimg.com/vi/C-2lZuhZ_NY/default.jpg",
                      "width": 120,
                      "height": 90
                  },
                  "medium": {
                      "url": "https://i.ytimg.com/vi/C-2lZuhZ_NY/mqdefault.jpg",
                      "width": 320,
                      "height": 180
                  },
                  "high": {
                      "url": "https://i.ytimg.com/vi/C-2lZuhZ_NY/hqdefault.jpg",
                      "width": 480,
                      "height": 360
                  }
              },
              "channelTitle": "Herbal Cirebon",
              "liveBroadcastContent": "none",
              "publishTime": "2020-03-09T03:33:57Z"
          }
      },
      {
          "kind": "youtube#searchResult",
          "etag": "yLK6ymhxvkWJd_BJ-h9LeEHWowo",
          "id": {
              "kind": "youtube#video",
              "videoId": "QlI4CEfokT8"
          },
          "snippet": {
              "publishedAt": "2021-07-17T11:00:07Z",
              "channelId": "UCYr-FT6id8l6-YORXFV1-eA",
              "title": "doa untuk menyembuhkan sakit perut, sakit lambung, sakit kepala, nyeri sendi",
              "description": "Doa Ini Diajarkan Nabi SAW. Kepada Sahabat Usman Bin Abil 'Ash R.A. Yang Ketika Itu Merasakan Sakit Di Bagian Tubuhnya.",
              "thumbnails": {
                  "default": {
                      "url": "https://i.ytimg.com/vi/QlI4CEfokT8/default.jpg",
                      "width": 120,
                      "height": 90
                  },
                  "medium": {
                      "url": "https://i.ytimg.com/vi/QlI4CEfokT8/mqdefault.jpg",
                      "width": 320,
                      "height": 180
                  },
                  "high": {
                      "url": "https://i.ytimg.com/vi/QlI4CEfokT8/hqdefault.jpg",
                      "width": 480,
                      "height": 360
                  }
              },
              "channelTitle": "Fathul Wahhab",
              "liveBroadcastContent": "none",
              "publishTime": "2021-07-17T11:00:07Z"
          }
      },
      {
          "kind": "youtube#searchResult",
          "etag": "fIkfW1NSlv9osGaeVeSywsl_UDg",
          "id": {
              "kind": "youtube#video",
              "videoId": "efsr66SVZJU"
          },
          "snippet": {
              "publishedAt": "2021-04-29T14:53:18Z",
              "channelId": "UC4zAu87USkRUopYSPr80lPw",
              "title": "Usus Buntu Pecah dan Bernanah ||Jika tidak ditangani dengan segera bisa Meninggal",
              "description": "AsalNgerti #UsusBuntu #UsusbuntuPecah Usus Buntu Pecah dan Bernanah ||Jika tidak ditangani dengan segera bisa Meninggal ...",
              "thumbnails": {
                  "default": {
                      "url": "https://i.ytimg.com/vi/efsr66SVZJU/default.jpg",
                      "width": 120,
                      "height": 90
                  },
                  "medium": {
                      "url": "https://i.ytimg.com/vi/efsr66SVZJU/mqdefault.jpg",
                      "width": 320,
                      "height": 180
                  },
                  "high": {
                      "url": "https://i.ytimg.com/vi/efsr66SVZJU/hqdefault.jpg",
                      "width": 480,
                      "height": 360
                  }
              },
              "channelTitle": "Asal Ngerti",
              "liveBroadcastContent": "none",
              "publishTime": "2021-04-29T14:53:18Z"
          }
      },
      {
          "kind": "youtube#searchResult",
          "etag": "-O_HbohIQDjmbTqavc2yju3aQ8E",
          "id": {
              "kind": "youtube#video",
              "videoId": "gg8vNU2YFCM"
          },
          "snippet": {
              "publishedAt": "2020-03-07T06:54:49Z",
              "channelId": "UCEER3htewPRVccxbp7ZKYQw",
              "title": "TESTIMONI QNC JELLY GAMAT_ PENYAKIT USUS BUNTU DAN KISTA!!!",
              "description": "PESAN Online : WA 1 : http://bit.ly/prhqc ( Kode PRH-QC jangan dihapus ) WA 2 : http://bit.ly/prhqnc No. whatsApp ...",
              "thumbnails": {
                  "default": {
                      "url": "https://i.ytimg.com/vi/gg8vNU2YFCM/default.jpg",
                      "width": 120,
                      "height": 90
                  },
                  "medium": {
                      "url": "https://i.ytimg.com/vi/gg8vNU2YFCM/mqdefault.jpg",
                      "width": 320,
                      "height": 180
                  },
                  "high": {
                      "url": "https://i.ytimg.com/vi/gg8vNU2YFCM/hqdefault.jpg",
                      "width": 480,
                      "height": 360
                  }
              },
              "channelTitle": "QncJellyGamat Brebes",
              "liveBroadcastContent": "none",
              "publishTime": "2020-03-07T06:54:49Z"
          }
      },
      {
          "kind": "youtube#searchResult",
          "etag": "WZXSim8v2ky3jPvq8UotmZrldtM",
          "id": {
              "kind": "youtube#video",
              "videoId": "OBXPIfXbw8A"
          },
          "snippet": {
              "publishedAt": "2020-11-18T04:31:00Z",
              "channelId": "UCfxd4HKiuZQSq4E6sivL-6w",
              "title": "Cara Mengobati USUS BUNTU/ APPENDIX tanpa operasi (ENGLISH SUBTITLE)",
              "description": "Penyakit usus buntu adalah peradangan yang terjadi pada usus buntu atau apendiks. Usus buntu merupakan organ berbentuk ...",
              "thumbnails": {
                  "default": {
                      "url": "https://i.ytimg.com/vi/OBXPIfXbw8A/default.jpg",
                      "width": 120,
                      "height": 90
                  },
                  "medium": {
                      "url": "https://i.ytimg.com/vi/OBXPIfXbw8A/mqdefault.jpg",
                      "width": 320,
                      "height": 180
                  },
                  "high": {
                      "url": "https://i.ytimg.com/vi/OBXPIfXbw8A/hqdefault.jpg",
                      "width": 480,
                      "height": 360
                  }
              },
              "channelTitle": "Abu Khalid Alfatih",
              "liveBroadcastContent": "none",
              "publishTime": "2020-11-18T04:31:00Z"
          }
      },
      {
          "kind": "youtube#searchResult",
          "etag": "h_Z63oXef9mVoBmNCyimdVsfkI4",
          "id": {
              "kind": "youtube#video",
              "videoId": "6XKZ_SUBKnE"
          },
          "snippet": {
              "publishedAt": "2021-04-23T17:17:10Z",
              "channelId": "UCyI881ZUHPQbEILY_WaY8Fg",
              "title": "CARA MEMBEDAKAN SAKIT PERUT GEJALAH USUS BUNTU ATAU KARENA MAAG",
              "description": "Bantu Supportnya Dengan Menekan Like,Subscriber, Share Bantu Supportnya Dengan Menekan Like,Subscriber, Share ...",
              "thumbnails": {
                  "default": {
                      "url": "https://i.ytimg.com/vi/6XKZ_SUBKnE/default.jpg",
                      "width": 120,
                      "height": 90
                  },
                  "medium": {
                      "url": "https://i.ytimg.com/vi/6XKZ_SUBKnE/mqdefault.jpg",
                      "width": 320,
                      "height": 180
                  },
                  "high": {
                      "url": "https://i.ytimg.com/vi/6XKZ_SUBKnE/hqdefault.jpg",
                      "width": 480,
                      "height": 360
                  }
              },
              "channelTitle": "Angga project",
              "liveBroadcastContent": "none",
              "publishTime": "2021-04-23T17:17:10Z"
          }
      },
      {
          "kind": "youtube#searchResult",
          "etag": "s_E9icTcKFysEqaIrZMLVma8LL0",
          "id": {
              "kind": "youtube#video",
              "videoId": "T8_s5pWGWhE"
          },
          "snippet": {
              "publishedAt": "2018-10-11T01:56:05Z",
              "channelId": "UCi_moGNuVQLjenenTPGoL8Q",
              "title": "Cara Mengobati USUS BUNTU Dengan Ramuan Herbal",
              "description": "Penyakit usus buntu merupakan peradangan atau pembengkakan apendiks atau usus buntu. Sedangkan usus buntu adalah ...",
              "thumbnails": {
                  "default": {
                      "url": "https://i.ytimg.com/vi/T8_s5pWGWhE/default.jpg",
                      "width": 120,
                      "height": 90
                  },
                  "medium": {
                      "url": "https://i.ytimg.com/vi/T8_s5pWGWhE/mqdefault.jpg",
                      "width": 320,
                      "height": 180
                  },
                  "high": {
                      "url": "https://i.ytimg.com/vi/T8_s5pWGWhE/hqdefault.jpg",
                      "width": 480,
                      "height": 360
                  }
              },
              "channelTitle": "Obat Herbal Tradisional",
              "liveBroadcastContent": "none",
              "publishTime": "2018-10-11T01:56:05Z"
          }
      },
      {
          "kind": "youtube#searchResult",
          "etag": "5dSr4wqt8MPovC3vJQK83btZbik",
          "id": {
              "kind": "youtube#video",
              "videoId": "QBBTjygSyQQ"
          },
          "snippet": {
              "publishedAt": "2021-10-06T13:12:11Z",
              "channelId": "UCIMtNDq0LXaE4qK7HI1TEcQ",
              "title": "Apendisitis (radang usus buntu)",
              "description": "Tugas Biomedik ( Apendisitis atau radang usus buntu) Nama : Tiara Salsabilla Irman NIM : 2111212014 Prodi : Ilmu Kesehatan ...",
              "thumbnails": {
                  "default": {
                      "url": "https://i.ytimg.com/vi/QBBTjygSyQQ/default.jpg",
                      "width": 120,
                      "height": 90
                  },
                  "medium": {
                      "url": "https://i.ytimg.com/vi/QBBTjygSyQQ/mqdefault.jpg",
                      "width": 320,
                      "height": 180
                  },
                  "high": {
                      "url": "https://i.ytimg.com/vi/QBBTjygSyQQ/hqdefault.jpg",
                      "width": 480,
                      "height": 360
                  }
              },
              "channelTitle": "Tiara salsabilla Irman_FKM_Kesmas",
              "liveBroadcastContent": "none",
              "publishTime": "2021-10-06T13:12:11Z"
          }
      },
      {
          "kind": "youtube#searchResult",
          "etag": "A99mfcWjaBf4_7F3SGo423RM3Mc",
          "id": {
              "kind": "youtube#video",
              "videoId": "yODqql-4M9g"
          },
          "snippet": {
              "publishedAt": "2020-07-23T11:43:16Z",
              "channelId": "UCZez_UnBanwJ91kVpu6gQiQ",
              "title": "OPERASI USUS BUNTU, TERNYATA NORMAL ??",
              "description": "",
              "thumbnails": {
                  "default": {
                      "url": "https://i.ytimg.com/vi/yODqql-4M9g/default.jpg",
                      "width": 120,
                      "height": 90
                  },
                  "medium": {
                      "url": "https://i.ytimg.com/vi/yODqql-4M9g/mqdefault.jpg",
                      "width": 320,
                      "height": 180
                  },
                  "high": {
                      "url": "https://i.ytimg.com/vi/yODqql-4M9g/hqdefault.jpg",
                      "width": 480,
                      "height": 360
                  }
              },
              "channelTitle": "Walking To Another World",
              "liveBroadcastContent": "none",
              "publishTime": "2020-07-23T11:43:16Z"
          }
      },
      {
          "kind": "youtube#searchResult",
          "etag": "8w5lL9r0q_nfcOOp-wkGmf8a4wk",
          "id": {
              "kind": "youtube#video",
              "videoId": "f_TVLbOLJcw"
          },
          "snippet": {
              "publishedAt": "2020-10-20T00:41:45Z",
              "channelId": "UCYidKiKLCq-6LheJ75I76eg",
              "title": "Usus Buntu",
              "description": "",
              "thumbnails": {
                  "default": {
                      "url": "https://i.ytimg.com/vi/f_TVLbOLJcw/default.jpg",
                      "width": 120,
                      "height": 90
                  },
                  "medium": {
                      "url": "https://i.ytimg.com/vi/f_TVLbOLJcw/mqdefault.jpg",
                      "width": 320,
                      "height": 180
                  },
                  "high": {
                      "url": "https://i.ytimg.com/vi/f_TVLbOLJcw/hqdefault.jpg",
                      "width": 480,
                      "height": 360
                  }
              },
              "channelTitle": "Siher Channel",
              "liveBroadcastContent": "none",
              "publishTime": "2020-10-20T00:41:45Z"
          }
      },
      {
          "kind": "youtube#searchResult",
          "etag": "CDFbksFHDKWQkHFzToWUOkX28Dw",
          "id": {
              "kind": "youtube#video",
              "videoId": "Qcn_YENxlFw"
          },
          "snippet": {
              "publishedAt": "2020-06-25T08:00:08Z",
              "channelId": "UCNSyhzknXnXD-tKF5LMSfPQ",
              "title": "Penyakit Usus Buntu Menahun Sembuh Dengan Terapi Ini",
              "description": "Pendaftaran Terapi Reiki Silakan menghubungi Mbak Dina di nomor 0819629402 Pada video kali ini saya ingin bercerita tentang ...",
              "thumbnails": {
                  "default": {
                      "url": "https://i.ytimg.com/vi/Qcn_YENxlFw/default.jpg",
                      "width": 120,
                      "height": 90
                  },
                  "medium": {
                      "url": "https://i.ytimg.com/vi/Qcn_YENxlFw/mqdefault.jpg",
                      "width": 320,
                      "height": 180
                  },
                  "high": {
                      "url": "https://i.ytimg.com/vi/Qcn_YENxlFw/hqdefault.jpg",
                      "width": 480,
                      "height": 360
                  }
              },
              "channelTitle": "Terapi Reiki",
              "liveBroadcastContent": "none",
              "publishTime": "2020-06-25T08:00:08Z"
          }
      },
      {
          "kind": "youtube#searchResult",
          "etag": "l59H-FGZEOKDrqy2uiBC6X0khVg",
          "id": {
              "kind": "youtube#video",
              "videoId": "H5bBemqSsNc"
          },
          "snippet": {
              "publishedAt": "2020-06-16T17:04:12Z",
              "channelId": "UC0n_koxXmnybh4wjG5aJWRw",
              "title": "Makan Mie Bikin Usus Buntu? Benarkah Fakta Atau Hoax?",
              "description": "\"Jangan banyak makan mie, nanti bisa usus buntu lho\" pernah dengar kalimat tersebut? sering banget kan kita dengar kalau ...",
              "thumbnails": {
                  "default": {
                      "url": "https://i.ytimg.com/vi/H5bBemqSsNc/default.jpg",
                      "width": 120,
                      "height": 90
                  },
                  "medium": {
                      "url": "https://i.ytimg.com/vi/H5bBemqSsNc/mqdefault.jpg",
                      "width": 320,
                      "height": 180
                  },
                  "high": {
                      "url": "https://i.ytimg.com/vi/H5bBemqSsNc/hqdefault.jpg",
                      "width": 480,
                      "height": 360
                  }
              },
              "channelTitle": "Ingin Tahu!",
              "liveBroadcastContent": "none",
              "publishTime": "2020-06-16T17:04:12Z"
          }
      }
  ]
}