{
    "total": 3,
    "page": 1,
    "per_page": 25,
    "paging": {
        "next": null,
        "previous": null,
        "first": "/videos?client_id=4fb4f63fdde29900061514b3f809b6b951db7b54&client_secret=RhftNCV5BIuatbfPHxMN8aXbH8dfTrJ8GKj%2FZcHVTtt6lk9nsQM9DCU%20pewtu9pXLIwFG%205OyfTTxj70PsygKIMRsRnhIUdES%20mMB2lnCsj9qXTwwf1lzqQjmyydxS%2Fv&query=penyakit%20diare&page=1",
        "last": "/videos?client_id=4fb4f63fdde29900061514b3f809b6b951db7b54&client_secret=RhftNCV5BIuatbfPHxMN8aXbH8dfTrJ8GKj%2FZcHVTtt6lk9nsQM9DCU%20pewtu9pXLIwFG%205OyfTTxj70PsygKIMRsRnhIUdES%20mMB2lnCsj9qXTwwf1lzqQjmyydxS%2Fv&query=penyakit%20diare&page=1"
    },
    "data": [
        {
            "uri": "/videos/181913329",
            "name": "Menjaga Kesehatan Anak dengan Melakukan Pengobatan Cacingan Secara Tradisional",
            "description": "Simaklah beberapa tips dari kami dalam menjaga kesehatan anak anda sekalian, hindari tempat yang kotor, dan jangan sampai anak terpapar langsung oleh kuman penyakit penyebab bakteri, yuk simak informasi lebih lengkapnya di sini, bagaimana cara mencegah kuman penyakit diare agar kesehatan anak terjaga. referensi: http://bit.do/kesehatan-anak",
            "type": "video",
            "link": "https://vimeo.com/181913329",
            "player_embed_url": "https://player.vimeo.com/video/181913329?h=026c610d66",
            "duration": 40,
            "width": 640,
            "language": "id",
            "height": 360,
            "embed": {
                "html": "<iframe src=\"https://player.vimeo.com/video/181913329?h=026c610d66&amp;title=0&amp;byline=0&amp;portrait=0&amp;speed=0&amp;badge=0&amp;autopause=0&amp;player_id=0&amp;app_id=239169\" width=\"640\" height=\"360\" frameborder=\"0\" allow=\"autoplay; fullscreen; picture-in-picture\" allowfullscreen title=\"Menjaga Kesehatan Anak dengan Melakukan Pengobatan Cacingan Secara Tradisional\"></iframe>",
                "badges": {
                    "hdr": false,
                    "live": {
                        "streaming": false,
                        "archived": false
                    },
                    "staff_pick": {
                        "normal": false,
                        "best_of_the_month": false,
                        "best_of_the_year": false,
                        "premiere": false
                    },
                    "vod": false,
                    "weekend_challenge": false
                }
            },
            "created_time": "2016-09-08T09:50:18+00:00",
            "modified_time": "2016-09-08T09:54:32+00:00",
            "release_time": "2016-09-08T09:50:18+00:00",
            "content_rating": [
                "safe"
            ],
            "content_rating_class": "safe",
            "rating_mod_locked": false,
            "license": null,
            "privacy": {
                "view": "anybody",
                "embed": "public",
                "download": false,
                "add": true,
                "comments": "anybody"
            },
            "pictures": {
                "uri": "/videos/181913329/pictures/590632163",
                "active": true,
                "type": "custom",
                "base_link": "https://i.vimeocdn.com/video/590632163-da80d237a1cbcea84fc1bc6b62a73075256766370b6d3c5f37e59dfcdf6af526-d",
                "sizes": [
                    {
                        "width": 100,
                        "height": 75,
                        "link": "https://i.vimeocdn.com/video/590632163-da80d237a1cbcea84fc1bc6b62a73075256766370b6d3c5f37e59dfcdf6af526-d_100x75?r=pad",
                        "link_with_play_button": "https://i.vimeocdn.com/filter/overlay?src0=https%3A%2F%2Fi.vimeocdn.com%2Fvideo%2F590632163-da80d237a1cbcea84fc1bc6b62a73075256766370b6d3c5f37e59dfcdf6af526-d_100x75&src1=http%3A%2F%2Ff.vimeocdn.com%2Fp%2Fimages%2Fcrawler_play.png"
                    },
                    {
                        "width": 200,
                        "height": 150,
                        "link": "https://i.vimeocdn.com/video/590632163-da80d237a1cbcea84fc1bc6b62a73075256766370b6d3c5f37e59dfcdf6af526-d_200x150?r=pad",
                        "link_with_play_button": "https://i.vimeocdn.com/filter/overlay?src0=https%3A%2F%2Fi.vimeocdn.com%2Fvideo%2F590632163-da80d237a1cbcea84fc1bc6b62a73075256766370b6d3c5f37e59dfcdf6af526-d_200x150&src1=http%3A%2F%2Ff.vimeocdn.com%2Fp%2Fimages%2Fcrawler_play.png"
                    },
                    {
                        "width": 295,
                        "height": 166,
                        "link": "https://i.vimeocdn.com/video/590632163-da80d237a1cbcea84fc1bc6b62a73075256766370b6d3c5f37e59dfcdf6af526-d_295x166?r=pad",
                        "link_with_play_button": "https://i.vimeocdn.com/filter/overlay?src0=https%3A%2F%2Fi.vimeocdn.com%2Fvideo%2F590632163-da80d237a1cbcea84fc1bc6b62a73075256766370b6d3c5f37e59dfcdf6af526-d_295x166&src1=http%3A%2F%2Ff.vimeocdn.com%2Fp%2Fimages%2Fcrawler_play.png"
                    },
                    {
                        "width": 640,
                        "height": 360,
                        "link": "https://i.vimeocdn.com/video/590632163-da80d237a1cbcea84fc1bc6b62a73075256766370b6d3c5f37e59dfcdf6af526-d_640x360?r=pad",
                        "link_with_play_button": "https://i.vimeocdn.com/filter/overlay?src0=https%3A%2F%2Fi.vimeocdn.com%2Fvideo%2F590632163-da80d237a1cbcea84fc1bc6b62a73075256766370b6d3c5f37e59dfcdf6af526-d_640x360&src1=http%3A%2F%2Ff.vimeocdn.com%2Fp%2Fimages%2Fcrawler_play.png"
                    },
                    {
                        "width": 960,
                        "height": 540,
                        "link": "https://i.vimeocdn.com/video/590632163-da80d237a1cbcea84fc1bc6b62a73075256766370b6d3c5f37e59dfcdf6af526-d_960x540?r=pad",
                        "link_with_play_button": "https://i.vimeocdn.com/filter/overlay?src0=https%3A%2F%2Fi.vimeocdn.com%2Fvideo%2F590632163-da80d237a1cbcea84fc1bc6b62a73075256766370b6d3c5f37e59dfcdf6af526-d_960x540&src1=http%3A%2F%2Ff.vimeocdn.com%2Fp%2Fimages%2Fcrawler_play.png"
                    },
                    {
                        "width": 1280,
                        "height": 720,
                        "link": "https://i.vimeocdn.com/video/590632163-da80d237a1cbcea84fc1bc6b62a73075256766370b6d3c5f37e59dfcdf6af526-d_1280x720?r=pad",
                        "link_with_play_button": "https://i.vimeocdn.com/filter/overlay?src0=https%3A%2F%2Fi.vimeocdn.com%2Fvideo%2F590632163-da80d237a1cbcea84fc1bc6b62a73075256766370b6d3c5f37e59dfcdf6af526-d_1280x720&src1=http%3A%2F%2Ff.vimeocdn.com%2Fp%2Fimages%2Fcrawler_play.png"
                    },
                    {
                        "width": 1920,
                        "height": 1080,
                        "link": "https://i.vimeocdn.com/video/590632163-da80d237a1cbcea84fc1bc6b62a73075256766370b6d3c5f37e59dfcdf6af526-d_1920x1080?r=pad",
                        "link_with_play_button": "https://i.vimeocdn.com/filter/overlay?src0=https%3A%2F%2Fi.vimeocdn.com%2Fvideo%2F590632163-da80d237a1cbcea84fc1bc6b62a73075256766370b6d3c5f37e59dfcdf6af526-d_1920x1080&src1=http%3A%2F%2Ff.vimeocdn.com%2Fp%2Fimages%2Fcrawler_play.png"
                    }
                ],
                "resource_key": "36f9b5ef2b654e539f556453cb715d8822168342",
                "default_picture": false
            },
            "tags": [
                {
                    "uri": "/tags/cacingananak",
                    "name": "cacingan anak",
                    "tag": "cacingan anak",
                    "canonical": "cacingananak",
                    "metadata": {
                        "connections": {
                            "videos": {
                                "uri": "/tags/cacingananak/videos",
                                "options": [
                                    "GET"
                                ],
                                "total": 1
                            }
                        }
                    },
                    "resource_key": "31a456924da920f5dfc5b09fa7fedfe2f1b9e37c"
                },
                {
                    "uri": "/tags/kesehatananak",
                    "name": "kesehatan anak",
                    "tag": "kesehatan anak",
                    "canonical": "kesehatananak",
                    "metadata": {
                        "connections": {
                            "videos": {
                                "uri": "/tags/kesehatananak/videos",
                                "options": [
                                    "GET"
                                ],
                                "total": 1
                            }
                        }
                    },
                    "resource_key": "0ba43752aa2600e637cafe019fdc986a1f7c85e7"
                }
            ],
            "stats": {
                "plays": null
            },
            "categories": [],
            "uploader": {
                "pictures": {
                    "uri": null,
                    "active": false,
                    "type": "default",
                    "base_link": "https://i.vimeocdn.com/portrait/defaults-blue",
                    "sizes": [
                        {
                            "width": 30,
                            "height": 30,
                            "link": "https://i.vimeocdn.com/portrait/defaults-blue_30x30"
                        },
                        {
                            "width": 72,
                            "height": 72,
                            "link": "https://i.vimeocdn.com/portrait/defaults-blue_72x72"
                        },
                        {
                            "width": 75,
                            "height": 75,
                            "link": "https://i.vimeocdn.com/portrait/defaults-blue_75x75"
                        },
                        {
                            "width": 100,
                            "height": 100,
                            "link": "https://i.vimeocdn.com/portrait/defaults-blue_100x100"
                        },
                        {
                            "width": 144,
                            "height": 144,
                            "link": "https://i.vimeocdn.com/portrait/defaults-blue_144x144"
                        },
                        {
                            "width": 216,
                            "height": 216,
                            "link": "https://i.vimeocdn.com/portrait/defaults-blue_216x216"
                        },
                        {
                            "width": 288,
                            "height": 288,
                            "link": "https://i.vimeocdn.com/portrait/defaults-blue_288x288"
                        },
                        {
                            "width": 300,
                            "height": 300,
                            "link": "https://i.vimeocdn.com/portrait/defaults-blue_300x300"
                        },
                        {
                            "width": 360,
                            "height": 360,
                            "link": "https://i.vimeocdn.com/portrait/defaults-blue_360x360"
                        }
                    ],
                    "resource_key": "06cd312fcc3908e2d839aeb00ccaaf434acb0859",
                    "default_picture": true
                }
            },
            "metadata": {
                "connections": {
                    "comments": {
                        "uri": "/videos/181913329/comments",
                        "options": [
                            "GET"
                        ],
                        "total": 0
                    },
                    "credits": {
                        "uri": "/videos/181913329/credits",
                        "options": [
                            "GET",
                            "POST"
                        ],
                        "total": 0
                    },
                    "likes": {
                        "uri": "/videos/181913329/likes",
                        "options": [
                            "GET"
                        ],
                        "total": 0
                    },
                    "pictures": {
                        "uri": "/videos/181913329/pictures",
                        "options": [
                            "GET",
                            "POST"
                        ],
                        "total": 1
                    },
                    "texttracks": {
                        "uri": "/videos/181913329/texttracks",
                        "options": [
                            "GET",
                            "POST"
                        ],
                        "total": 0
                    },
                    "related": {
                        "uri": "/videos?client_id=4fb4f63fdde29900061514b3f809b6b951db7b54&client_secret=RhftNCV5BIuatbfPHxMN8aXbH8dfTrJ8GKj/ZcHVTtt6lk9nsQM9DCU pewtu9pXLIwFG 5OyfTTxj70PsygKIMRsRnhIUdES mMB2lnCsj9qXTwwf1lzqQjmyydxS/v&query=penyakit diare&offset=1",
                        "options": [
                            "GET"
                        ]
                    },
                    "recommendations": {
                        "uri": "/videos/181913329/recommendations",
                        "options": [
                            "GET"
                        ]
                    }
                },
                "interactions": {
                    "report": {
                        "uri": "/videos/181913329/report",
                        "options": [
                            "POST"
                        ],
                        "reason": [
                            "pornographic",
                            "harassment",
                            "ripoff",
                            "incorrect rating",
                            "spam",
                            "causes harm",
                            "csam"
                        ]
                    }
                },
                "is_vimeo_create": false,
                "is_screen_record": false
            },
            "user": {
                "uri": "/users/50386456",
                "name": "Yello Hotels",
                "link": "https://vimeo.com/hoteljemursari",
                "capabilities": {
                    "hasLiveSubscription": false,
                    "hasEnterpriseLihp": false,
                    "hasSvvTimecodedComments": false
                },
                "location": "indonesia",
                "gender": "m",
                "bio": "Yello hotel Jemursari Surabaya is a tech-friendly 3-star brand that doesn't take its lead from mainstream hospitality. This hotel is non-conformist, sociable and 'wired'.\nYello Hotel Jemursari emphasize on a trendy sense of style, and provide you the fundamentals to create a sociable and cozy environment, where interaction and new experiences come alive.\nWe are one of the best hotel murah di surabaya, visit us now http://www.yellohotels.com/surabaya-jemursari",
                "short_bio": null,
                "created_time": "2016-03-24T03:28:46+00:00",
                "pictures": {
                    "uri": null,
                    "active": false,
                    "type": "default",
                    "base_link": "https://i.vimeocdn.com/portrait/defaults-blue",
                    "sizes": [
                        {
                            "width": 30,
                            "height": 30,
                            "link": "https://i.vimeocdn.com/portrait/defaults-blue_30x30"
                        },
                        {
                            "width": 72,
                            "height": 72,
                            "link": "https://i.vimeocdn.com/portrait/defaults-blue_72x72"
                        },
                        {
                            "width": 75,
                            "height": 75,
                            "link": "https://i.vimeocdn.com/portrait/defaults-blue_75x75"
                        },
                        {
                            "width": 100,
                            "height": 100,
                            "link": "https://i.vimeocdn.com/portrait/defaults-blue_100x100"
                        },
                        {
                            "width": 144,
                            "height": 144,
                            "link": "https://i.vimeocdn.com/portrait/defaults-blue_144x144"
                        },
                        {
                            "width": 216,
                            "height": 216,
                            "link": "https://i.vimeocdn.com/portrait/defaults-blue_216x216"
                        },
                        {
                            "width": 288,
                            "height": 288,
                            "link": "https://i.vimeocdn.com/portrait/defaults-blue_288x288"
                        },
                        {
                            "width": 300,
                            "height": 300,
                            "link": "https://i.vimeocdn.com/portrait/defaults-blue_300x300"
                        },
                        {
                            "width": 360,
                            "height": 360,
                            "link": "https://i.vimeocdn.com/portrait/defaults-blue_360x360"
                        }
                    ],
                    "resource_key": "06cd312fcc3908e2d839aeb00ccaaf434acb0859",
                    "default_picture": true
                },
                "websites": [
                    {
                        "uri": "/users/50386456/links/4248208",
                        "name": "hotel jemursari surabaya",
                        "link": "www.yellohotels.com/surabaya-jemursari/",
                        "type": "link",
                        "description": "hotel murah di surabaya menawarkan berbagai fasilitas dengan harga yang terjangkau dan lokasi yang strategis visit yello hotel jemursari surabaya"
                    }
                ],
                "metadata": {
                    "connections": {
                        "albums": {
                            "uri": "/users/50386456/albums",
                            "options": [
                                "GET"
                            ],
                            "total": 0
                        },
                        "appearances": {
                            "uri": "/users/50386456/appearances",
                            "options": [
                                "GET"
                            ],
                            "total": 0
                        },
                        "channels": {
                            "uri": "/users/50386456/channels",
                            "options": [
                                "GET"
                            ],
                            "total": 1
                        },
                        "feed": {
                            "uri": "/users/50386456/feed",
                            "options": [
                                "GET"
                            ]
                        },
                        "followers": {
                            "uri": "/users/50386456/followers",
                            "options": [
                                "GET"
                            ],
                            "total": 1
                        },
                        "following": {
                            "uri": "/users/50386456/following",
                            "options": [
                                "GET"
                            ],
                            "total": 0
                        },
                        "groups": {
                            "uri": "/users/50386456/groups",
                            "options": [
                                "GET"
                            ],
                            "total": 0
                        },
                        "likes": {
                            "uri": "/users/50386456/likes",
                            "options": [
                                "GET"
                            ],
                            "total": 0
                        },
                        "membership": {
                            "uri": "/users/50386456/membership/",
                            "options": [
                                "PATCH"
                            ]
                        },
                        "moderated_channels": {
                            "uri": "/users/50386456/channels?filter=moderated",
                            "options": [
                                "GET"
                            ],
                            "total": 1
                        },
                        "portfolios": {
                            "uri": "/users/50386456/portfolios",
                            "options": [
                                "GET"
                            ],
                            "total": 0
                        },
                        "videos": {
                            "uri": "/users/50386456/videos",
                            "options": [
                                "GET"
                            ],
                            "total": 6
                        },
                        "shared": {
                            "uri": "/users/50386456/shared/videos",
                            "options": [
                                "GET"
                            ],
                            "total": 0
                        },
                        "pictures": {
                            "uri": "/users/50386456/pictures",
                            "options": [
                                "GET",
                                "POST"
                            ],
                            "total": 0
                        },
                        "folders_root": {
                            "uri": "/users/50386456/folders/root",
                            "options": [
                                "GET"
                            ]
                        },
                        "teams": {
                            "uri": "/users/50386456/teams",
                            "options": [
                                "GET"
                            ],
                            "total": 1
                        }
                    }
                },
                "location_details": {
                    "formatted_address": "indonesia",
                    "latitude": null,
                    "longitude": null,
                    "city": null,
                    "state": null,
                    "neighborhood": null,
                    "sub_locality": null,
                    "state_iso_code": null,
                    "country": null,
                    "country_iso_code": null
                },
                "skills": [],
                "available_for_hire": false,
                "can_work_remotely": false,
                "resource_key": "6bdf5ecbf1ba907bd7f0b5343839e141a810effc",
                "account": "basic"
            },
            "app": null,
            "status": "available",
            "resource_key": "34b31e82f91254f6275c2656599df2996ab54bf9",
            "upload": null,
            "transcode": null,
            "is_playable": true,
            "has_audio": true
        },
        {
            "uri": "/videos/70776410",
            "name": "Jiang Zhi Tea, Untuk Kesehatan Anda dan Keluarga",
            "description": "Menhancurkan lemak / kolesterol, menstabilkan tekanan darah, atasi rematik, asam urat, darah tinggi, sakit jantung dan otak, perkuat hati dan daya tahan tubuh.\nGynostemma Pentaplyllum yang mampu meredakan panas dalam dan mengeluarkan racun dari di dalam tubuh.\nSemen Cassiae yang berfungsi menghilangkan diare, mengeluarkan gas di perut, mengurangi endapan lemak, dan mengandung banyak zat yang dibutuhkan tubuh manusia.\nFolium nolumbinis atau daun teratai untuk mengurangi panas dalam dan menghilangkan dahaga.\nRadix Polygoni Multiflori untuk mengeluarkan racun, menghilangkan rasa sakit, melembabkan usus, melancarkan BAB, mencegah kelebihan lemak dalam darah, memperbaiki metabolisme tubuh, dan menurunkan penggumpalan darah.\nGreen Tea/Teh Hijau untuk menjernihkan mata, menghilangkan panas dalam, mencernakan makanan, menyaring urin, mengurai racun, menghentikan diare dan mengurangi berat badan.\nKandungan gynosaponins di dalam teh ini berguna untuk mengatur metabolisme tubuh, menurunkan kolesterol dalam plasma darah, menghambat pembentukan asam lemak, mencegah jantung koroner, menurunkan lemak darah, melawan penuaan, memperbaiki metabolisme tubuh, dan memperkuat imunitas.\n\nFungsi :\nMenurunkan kadar lemak darah, membantu penyembuhan penyakit pembuluh darah di jantung dan otak\nMenurunkan kekentalan darah, menghambat penggumpalan keping darah\nMengatur fungsi saluran pencernaan, menghilangkan sembelit.\nSebagai anti oksidan, menghilangkan radikal bebas dan memperlambat penuaan.\nMeningkatkan imunitas tubuh, mencegah tumbuhnya tumor.\nMeningkatkan fungsi melawan kekurangan oksigen dalam tubuh.\n\nSangat disarankan bagi orang yang :\nPenderita penyakit hiperlipidemia, penyakit pembuluh darah jantung, penderita hipertensi\nSering panas dalam, kulit kering, wajah kusam, berbadan lemah, imunitas menurun, mudah terserang flu, berusia di atas 40 tahun, sering sembelit, penderita diabetes.\n\nAturan : 2 - 3 bungkus sehari\n\nHub: Sam, Eni, Fidyani & Majid Ph 0271591333, HP 08122988187, email sameddyantospkj@yahoo.com",
            "type": "video",
            "link": "https://vimeo.com/70776410",
            "player_embed_url": "https://player.vimeo.com/video/70776410?h=505a055166",
            "duration": 487,
            "width": 602,
            "language": null,
            "height": 480,
            "embed": {
                "html": "<iframe src=\"https://player.vimeo.com/video/70776410?h=505a055166&amp;title=0&amp;byline=0&amp;portrait=0&amp;speed=0&amp;badge=0&amp;autopause=0&amp;player_id=0&amp;app_id=239169\" width=\"602\" height=\"480\" frameborder=\"0\" allow=\"autoplay; fullscreen; picture-in-picture\" allowfullscreen title=\"Jiang Zhi Tea, Untuk Kesehatan Anda dan Keluarga\"></iframe>",
                "badges": {
                    "hdr": false,
                    "live": {
                        "streaming": false,
                        "archived": false
                    },
                    "staff_pick": {
                        "normal": false,
                        "best_of_the_month": false,
                        "best_of_the_year": false,
                        "premiere": false
                    },
                    "vod": false,
                    "weekend_challenge": false
                }
            },
            "created_time": "2013-07-22T12:52:48+00:00",
            "modified_time": "2021-02-05T11:27:00+00:00",
            "release_time": "2013-07-22T12:52:48+00:00",
            "content_rating": [
                "unrated"
            ],
            "content_rating_class": "unrated",
            "rating_mod_locked": false,
            "license": null,
            "privacy": {
                "view": "anybody",
                "embed": "public",
                "download": false,
                "add": true,
                "comments": "anybody"
            },
            "pictures": {
                "uri": "/videos/70776410/pictures/444146786",
                "active": true,
                "type": "custom",
                "base_link": "https://i.vimeocdn.com/video/444146786-807ccab775fff2dfc16b3ecd04f5ff9f3240ae03ce3607b3e691bf3edd9825c5-d",
                "sizes": [
                    {
                        "width": 100,
                        "height": 75,
                        "link": "https://i.vimeocdn.com/video/444146786-807ccab775fff2dfc16b3ecd04f5ff9f3240ae03ce3607b3e691bf3edd9825c5-d_100x75?r=pad",
                        "link_with_play_button": "https://i.vimeocdn.com/filter/overlay?src0=https%3A%2F%2Fi.vimeocdn.com%2Fvideo%2F444146786-807ccab775fff2dfc16b3ecd04f5ff9f3240ae03ce3607b3e691bf3edd9825c5-d_100x75&src1=http%3A%2F%2Ff.vimeocdn.com%2Fp%2Fimages%2Fcrawler_play.png"
                    },
                    {
                        "width": 200,
                        "height": 150,
                        "link": "https://i.vimeocdn.com/video/444146786-807ccab775fff2dfc16b3ecd04f5ff9f3240ae03ce3607b3e691bf3edd9825c5-d_200x150?r=pad",
                        "link_with_play_button": "https://i.vimeocdn.com/filter/overlay?src0=https%3A%2F%2Fi.vimeocdn.com%2Fvideo%2F444146786-807ccab775fff2dfc16b3ecd04f5ff9f3240ae03ce3607b3e691bf3edd9825c5-d_200x150&src1=http%3A%2F%2Ff.vimeocdn.com%2Fp%2Fimages%2Fcrawler_play.png"
                    },
                    {
                        "width": 295,
                        "height": 166,
                        "link": "https://i.vimeocdn.com/video/444146786-807ccab775fff2dfc16b3ecd04f5ff9f3240ae03ce3607b3e691bf3edd9825c5-d_295x166?r=pad",
                        "link_with_play_button": "https://i.vimeocdn.com/filter/overlay?src0=https%3A%2F%2Fi.vimeocdn.com%2Fvideo%2F444146786-807ccab775fff2dfc16b3ecd04f5ff9f3240ae03ce3607b3e691bf3edd9825c5-d_295x166&src1=http%3A%2F%2Ff.vimeocdn.com%2Fp%2Fimages%2Fcrawler_play.png"
                    },
                    {
                        "width": 640,
                        "height": 360,
                        "link": "https://i.vimeocdn.com/video/444146786-807ccab775fff2dfc16b3ecd04f5ff9f3240ae03ce3607b3e691bf3edd9825c5-d_640x360?r=pad",
                        "link_with_play_button": "https://i.vimeocdn.com/filter/overlay?src0=https%3A%2F%2Fi.vimeocdn.com%2Fvideo%2F444146786-807ccab775fff2dfc16b3ecd04f5ff9f3240ae03ce3607b3e691bf3edd9825c5-d_640x360&src1=http%3A%2F%2Ff.vimeocdn.com%2Fp%2Fimages%2Fcrawler_play.png"
                    },
                    {
                        "width": 960,
                        "height": 540,
                        "link": "https://i.vimeocdn.com/video/444146786-807ccab775fff2dfc16b3ecd04f5ff9f3240ae03ce3607b3e691bf3edd9825c5-d_960x540?r=pad",
                        "link_with_play_button": "https://i.vimeocdn.com/filter/overlay?src0=https%3A%2F%2Fi.vimeocdn.com%2Fvideo%2F444146786-807ccab775fff2dfc16b3ecd04f5ff9f3240ae03ce3607b3e691bf3edd9825c5-d_960x540&src1=http%3A%2F%2Ff.vimeocdn.com%2Fp%2Fimages%2Fcrawler_play.png"
                    },
                    {
                        "width": 1280,
                        "height": 720,
                        "link": "https://i.vimeocdn.com/video/444146786-807ccab775fff2dfc16b3ecd04f5ff9f3240ae03ce3607b3e691bf3edd9825c5-d_1280x720?r=pad",
                        "link_with_play_button": "https://i.vimeocdn.com/filter/overlay?src0=https%3A%2F%2Fi.vimeocdn.com%2Fvideo%2F444146786-807ccab775fff2dfc16b3ecd04f5ff9f3240ae03ce3607b3e691bf3edd9825c5-d_1280x720&src1=http%3A%2F%2Ff.vimeocdn.com%2Fp%2Fimages%2Fcrawler_play.png"
                    },
                    {
                        "width": 1920,
                        "height": 1080,
                        "link": "https://i.vimeocdn.com/video/444146786-807ccab775fff2dfc16b3ecd04f5ff9f3240ae03ce3607b3e691bf3edd9825c5-d_1920x1080?r=pad",
                        "link_with_play_button": "https://i.vimeocdn.com/filter/overlay?src0=https%3A%2F%2Fi.vimeocdn.com%2Fvideo%2F444146786-807ccab775fff2dfc16b3ecd04f5ff9f3240ae03ce3607b3e691bf3edd9825c5-d_1920x1080&src1=http%3A%2F%2Ff.vimeocdn.com%2Fp%2Fimages%2Fcrawler_play.png"
                    }
                ],
                "resource_key": "ac5603a5f248ed7b6ac1b53f37efa2ec187584e5",
                "default_picture": false
            },
            "tags": [
                {
                    "uri": "/tags/artritis",
                    "name": "artritis",
                    "tag": "artritis",
                    "canonical": "artritis",
                    "metadata": {
                        "connections": {
                            "videos": {
                                "uri": "/tags/artritis/videos",
                                "options": [
                                    "GET"
                                ],
                                "total": 276
                            }
                        }
                    },
                    "resource_key": "9b03de3af68671772ac52a4651a855a3a4dae2cb"
                },
                {
                    "uri": "/tags/jantung",
                    "name": "jantung",
                    "tag": "jantung",
                    "canonical": "jantung",
                    "metadata": {
                        "connections": {
                            "videos": {
                                "uri": "/tags/jantung/videos",
                                "options": [
                                    "GET"
                                ],
                                "total": 12
                            }
                        }
                    },
                    "resource_key": "a6230c240e8a2a8acbe0934f622dd03ae1844258"
                },
                {
                    "uri": "/tags/asamurat",
                    "name": "asam urat",
                    "tag": "asam urat",
                    "canonical": "asamurat",
                    "metadata": {
                        "connections": {
                            "videos": {
                                "uri": "/tags/asamurat/videos",
                                "options": [
                                    "GET"
                                ],
                                "total": 3
                            }
                        }
                    },
                    "resource_key": "91abfd842e3fd8b553f023cb73ca3eb236fd1422"
                },
                {
                    "uri": "/tags/trigliserid",
                    "name": "trigliserid",
                    "tag": "trigliserid",
                    "canonical": "trigliserid",
                    "metadata": {
                        "connections": {
                            "videos": {
                                "uri": "/tags/trigliserid/videos",
                                "options": [
                                    "GET"
                                ],
                                "total": 1
                            }
                        }
                    },
                    "resource_key": "807b84dd2f862041dd6b3bf7ad0b789cceb88069"
                },
                {
                    "uri": "/tags/hdl",
                    "name": "HDL",
                    "tag": "HDL",
                    "canonical": "hdl",
                    "metadata": {
                        "connections": {
                            "videos": {
                                "uri": "/tags/hdl/videos",
                                "options": [
                                    "GET"
                                ],
                                "total": 246
                            }
                        }
                    },
                    "resource_key": "fc5d0d179606cab46130352a25f39a5f53ff2f62"
                },
                {
                    "uri": "/tags/ldl",
                    "name": "LDL",
                    "tag": "LDL",
                    "canonical": "ldl",
                    "metadata": {
                        "connections": {
                            "videos": {
                                "uri": "/tags/ldl/videos",
                                "options": [
                                    "GET"
                                ],
                                "total": 259
                            }
                        }
                    },
                    "resource_key": "f93d79dccb264464d15681cf3c5550e0a26bb825"
                },
                {
                    "uri": "/tags/greentea",
                    "name": "green tea",
                    "tag": "green tea",
                    "canonical": "greentea",
                    "metadata": {
                        "connections": {
                            "videos": {
                                "uri": "/tags/greentea/videos",
                                "options": [
                                    "GET"
                                ],
                                "total": 1345
                            }
                        }
                    },
                    "resource_key": "60a99fcf6027450146070fda201e6f41f2aaff5d"
                }
            ],
            "stats": {
                "plays": null
            },
            "categories": [],
            "uploader": {
                "pictures": {
                    "uri": null,
                    "active": false,
                    "type": "default",
                    "base_link": "https://i.vimeocdn.com/portrait/defaults-blue",
                    "sizes": [
                        {
                            "width": 30,
                            "height": 30,
                            "link": "https://i.vimeocdn.com/portrait/defaults-blue_30x30"
                        },
                        {
                            "width": 72,
                            "height": 72,
                            "link": "https://i.vimeocdn.com/portrait/defaults-blue_72x72"
                        },
                        {
                            "width": 75,
                            "height": 75,
                            "link": "https://i.vimeocdn.com/portrait/defaults-blue_75x75"
                        },
                        {
                            "width": 100,
                            "height": 100,
                            "link": "https://i.vimeocdn.com/portrait/defaults-blue_100x100"
                        },
                        {
                            "width": 144,
                            "height": 144,
                            "link": "https://i.vimeocdn.com/portrait/defaults-blue_144x144"
                        },
                        {
                            "width": 216,
                            "height": 216,
                            "link": "https://i.vimeocdn.com/portrait/defaults-blue_216x216"
                        },
                        {
                            "width": 288,
                            "height": 288,
                            "link": "https://i.vimeocdn.com/portrait/defaults-blue_288x288"
                        },
                        {
                            "width": 300,
                            "height": 300,
                            "link": "https://i.vimeocdn.com/portrait/defaults-blue_300x300"
                        },
                        {
                            "width": 360,
                            "height": 360,
                            "link": "https://i.vimeocdn.com/portrait/defaults-blue_360x360"
                        }
                    ],
                    "resource_key": "06cd312fcc3908e2d839aeb00ccaaf434acb0859",
                    "default_picture": true
                }
            },
            "metadata": {
                "connections": {
                    "comments": {
                        "uri": "/videos/70776410/comments",
                        "options": [
                            "GET"
                        ],
                        "total": 0
                    },
                    "credits": {
                        "uri": "/videos/70776410/credits",
                        "options": [
                            "GET",
                            "POST"
                        ],
                        "total": 0
                    },
                    "likes": {
                        "uri": "/videos/70776410/likes",
                        "options": [
                            "GET"
                        ],
                        "total": 0
                    },
                    "pictures": {
                        "uri": "/videos/70776410/pictures",
                        "options": [
                            "GET",
                            "POST"
                        ],
                        "total": 1
                    },
                    "texttracks": {
                        "uri": "/videos/70776410/texttracks",
                        "options": [
                            "GET",
                            "POST"
                        ],
                        "total": 0
                    },
                    "related": {
                        "uri": "/videos?client_id=4fb4f63fdde29900061514b3f809b6b951db7b54&client_secret=RhftNCV5BIuatbfPHxMN8aXbH8dfTrJ8GKj/ZcHVTtt6lk9nsQM9DCU pewtu9pXLIwFG 5OyfTTxj70PsygKIMRsRnhIUdES mMB2lnCsj9qXTwwf1lzqQjmyydxS/v&query=penyakit diare&offset=2",
                        "options": [
                            "GET"
                        ]
                    },
                    "recommendations": {
                        "uri": "/videos/70776410/recommendations",
                        "options": [
                            "GET"
                        ]
                    }
                },
                "interactions": {
                    "report": {
                        "uri": "/videos/70776410/report",
                        "options": [
                            "POST"
                        ],
                        "reason": [
                            "pornographic",
                            "harassment",
                            "ripoff",
                            "incorrect rating",
                            "spam",
                            "causes harm",
                            "csam"
                        ]
                    }
                },
                "is_vimeo_create": false,
                "is_screen_record": false
            },
            "user": {
                "uri": "/users/19681252",
                "name": "Sam Eddyanto",
                "link": "https://vimeo.com/user19681252",
                "capabilities": {
                    "hasLiveSubscription": false,
                    "hasEnterpriseLihp": false,
                    "hasSvvTimecodedComments": false
                },
                "location": "",
                "gender": "m",
                "bio": null,
                "short_bio": null,
                "created_time": "2013-07-22T12:50:32+00:00",
                "pictures": {
                    "uri": null,
                    "active": false,
                    "type": "default",
                    "base_link": "https://i.vimeocdn.com/portrait/defaults-blue",
                    "sizes": [
                        {
                            "width": 30,
                            "height": 30,
                            "link": "https://i.vimeocdn.com/portrait/defaults-blue_30x30"
                        },
                        {
                            "width": 72,
                            "height": 72,
                            "link": "https://i.vimeocdn.com/portrait/defaults-blue_72x72"
                        },
                        {
                            "width": 75,
                            "height": 75,
                            "link": "https://i.vimeocdn.com/portrait/defaults-blue_75x75"
                        },
                        {
                            "width": 100,
                            "height": 100,
                            "link": "https://i.vimeocdn.com/portrait/defaults-blue_100x100"
                        },
                        {
                            "width": 144,
                            "height": 144,
                            "link": "https://i.vimeocdn.com/portrait/defaults-blue_144x144"
                        },
                        {
                            "width": 216,
                            "height": 216,
                            "link": "https://i.vimeocdn.com/portrait/defaults-blue_216x216"
                        },
                        {
                            "width": 288,
                            "height": 288,
                            "link": "https://i.vimeocdn.com/portrait/defaults-blue_288x288"
                        },
                        {
                            "width": 300,
                            "height": 300,
                            "link": "https://i.vimeocdn.com/portrait/defaults-blue_300x300"
                        },
                        {
                            "width": 360,
                            "height": 360,
                            "link": "https://i.vimeocdn.com/portrait/defaults-blue_360x360"
                        }
                    ],
                    "resource_key": "06cd312fcc3908e2d839aeb00ccaaf434acb0859",
                    "default_picture": true
                },
                "websites": [],
                "metadata": {
                    "connections": {
                        "albums": {
                            "uri": "/users/19681252/albums",
                            "options": [
                                "GET"
                            ],
                            "total": 0
                        },
                        "appearances": {
                            "uri": "/users/19681252/appearances",
                            "options": [
                                "GET"
                            ],
                            "total": 0
                        },
                        "channels": {
                            "uri": "/users/19681252/channels",
                            "options": [
                                "GET"
                            ],
                            "total": 0
                        },
                        "feed": {
                            "uri": "/users/19681252/feed",
                            "options": [
                                "GET"
                            ]
                        },
                        "followers": {
                            "uri": "/users/19681252/followers",
                            "options": [
                                "GET"
                            ],
                            "total": 0
                        },
                        "following": {
                            "uri": "/users/19681252/following",
                            "options": [
                                "GET"
                            ],
                            "total": 0
                        },
                        "groups": {
                            "uri": "/users/19681252/groups",
                            "options": [
                                "GET"
                            ],
                            "total": 0
                        },
                        "likes": {
                            "uri": "/users/19681252/likes",
                            "options": [
                                "GET"
                            ],
                            "total": 0
                        },
                        "membership": {
                            "uri": "/users/19681252/membership/",
                            "options": [
                                "PATCH"
                            ]
                        },
                        "moderated_channels": {
                            "uri": "/users/19681252/channels?filter=moderated",
                            "options": [
                                "GET"
                            ],
                            "total": 0
                        },
                        "portfolios": {
                            "uri": "/users/19681252/portfolios",
                            "options": [
                                "GET"
                            ],
                            "total": 0
                        },
                        "videos": {
                            "uri": "/users/19681252/videos",
                            "options": [
                                "GET"
                            ],
                            "total": 1
                        },
                        "shared": {
                            "uri": "/users/19681252/shared/videos",
                            "options": [
                                "GET"
                            ],
                            "total": 0
                        },
                        "pictures": {
                            "uri": "/users/19681252/pictures",
                            "options": [
                                "GET",
                                "POST"
                            ],
                            "total": 0
                        },
                        "folders_root": {
                            "uri": "/users/19681252/folders/root",
                            "options": [
                                "GET"
                            ]
                        },
                        "teams": {
                            "uri": "/users/19681252/teams",
                            "options": [
                                "GET"
                            ],
                            "total": 1
                        }
                    }
                },
                "location_details": {
                    "formatted_address": "",
                    "latitude": null,
                    "longitude": null,
                    "city": null,
                    "state": null,
                    "neighborhood": null,
                    "sub_locality": null,
                    "state_iso_code": null,
                    "country": null,
                    "country_iso_code": null
                },
                "skills": [],
                "available_for_hire": false,
                "can_work_remotely": false,
                "resource_key": "cb2a1cc7f477166aeffbac065acf1461f958d731",
                "account": "basic"
            },
            "app": null,
            "status": "available",
            "resource_key": "d4e38592573d88adba1809c9870b535ed54e756c",
            "upload": null,
            "transcode": null,
            "is_playable": true,
            "has_audio": true
        },
        {
            "uri": "/videos/148049624",
            "name": "Mual Saat Hamil Sampai Berapa Bulan",
            "description": "Mual Saat Hamil, http://prenagen.com/terapi-pengurang-rasa-mual-saat-hamil Untuk kebanyakan wanita hamil, merasa sakit bersama dengan penyakit yang biasanya untuk membangun di dalam utama beberapa saat terhubung dengan kehamilan Anda perlu meruncing off melalui berhenti dari primer trimester-oleh 7 hari 17 pada eksternal. Meskipun sebanyak 20 persen terhubung dengan perempuan mungkin menemukan tanda-tanda yang khusus mereka terhubung dengan kehamilan perasaan sakit berkelanjutan untuk akhirnya trimester, bersama dengan 5 persen keahlian merasa sakit bersama dengan penyakit yang tepat hampir pengiriman.\n\nBagi banyak wanita, penyakit pagi berhenti setelah beberapa minggu di awal kehamilan mereka, hanya untuk datang kembali sekali lagi semua sekitar 7 hari 27 atau segera setelah. Namun perempuan yang berbeda tidak memiliki sakit perasaan dalam hal apapun di seluruh tahap pertama, dan benar-benar kagum untuk mendapatkan yang menciptakan dalam beberapa 11 minggu terakhir.\n\nTentu saja, tanpa pemberitahuan, titik awal ekstrim terhubung dengan merasa sakit bersama dengan penyakit dapat karena malware atau kondisi yang berbeda. Khususnya ketika itu bersama-sama dengan diare, mungkin flu aktual atau keracunan makanan. Jika semacam ini tanda-tanda biasanya ekstrim tanpa pemberitahuan sementara pada kehamilan, disarankan untuk curiga terhubung dengan dehidrasi bersama dengan selalu meremajakan cairan penting sebenarnya mendapatkan hilang.\n\nTerhitung sekitar 7 hari 27, aksi hormon kemungkinan untuk mendapatkan sekali lagi, setelah memiliki menyamakan kedudukan off untuk beberapa derajat untuk beberapa wanita selama pertengahan tahap terhubung dengan kehamilan. Wanita yang mempertahankan nomor berlebihan hormon hCG yang sebenarnya biasanya sangat rentan untuk menemukan bahwa NVP khusus mereka juga terus sepanjang kehamilan.\n\nSatu penghasut lebih terhubung dengan merasa sakit bersama dengan penyakit yang sebenarnya setelah periode terhubung dengan kehamilan hanyalah seberapa besar peningkatan janin yang sebenarnya. Saat itu benar-benar paling biasa dimaksudkan untuk merasa sakit untuk mencapai setelah makan malam, biasanya bersama-sama dengan mulas. Untuk alasan bahwa si kecil akan mendapatkan lebih besar, rahim sebenarnya memberi tekanan lebih lanjut tentang perut mulas menciptakan bersama dengan merasa sakit ketika perut akan diisi. Pada tahap ini, kemampuan perut juga akan lebih kompak, dan itu semua lebih penting untuk tetap makan lebih kompak untuk skala kembali semacam ini tekanan.\n\nDan begitu merasa sakit di dalam akhirnya trimester hanya tidak konvensional atau mengkhawatirkan. Namun, beberapa besar parah akhir-kehamilan bekerja keras penyakit hati yang juga bisa menghasilkan perasaan sakit bersama dengan penyakit, serta hati berminyak akut bekerja keras terhubung dengan kehamilan bersama dengan HELLP penderitaan. Meskipun kedua penyakit ini biasanya benar-benar luar biasa, untungnya mereka hidup-mengancam dalam hal tanpa pengobatan. Itu sebabnya, dokter sekarang merekomendasikan bahwa hampir semua gadis abadi merasa sakit bersama dengan penyakit bersama dengan nyeri perut kedua bersama dengan \"malaise\" di dalam akhirnya trimester terhubung dengan kehamilan sudah mendapat keras mineral hati bekerja wanita bersama dengan fungsi ginjal diperiksa, dan juga darah yang komprehensif bergantung.\n\nDemikian juga, hampir semua gadis yang abadi perasaan sakit bersama dengan penyakit dalam hubungannya dengan sakit kepala yang ekstrim, iritasi wajah, iritasi tiba-tiba, nyeri perut, bersama dengan gangguan citra (misalnya, melihat bintik-bintik) harus menelepon dokter wanita langsung. Mereka gejala terhubung dengan preeklamsia, masalah kesehatan yang bisa memperoleh benar-benar cepat kapan saja setelah dua puluh 7 hari terhubung dengan kehamilan knowning bahwa dampak sebanyak 8 persen terhubung dengan kehamilan. Preeklamsia berpotensi menyebabkan ayunan bersama dengan kerusakan ginjal, bekerja keras kekecewaan hati, pembekuan blot, daerah paru-paru dalam kelancaran, kejang, dan dalam banyak kasus meninggal terhubung dengan kedua anak serta ibu baru.\n\nAda satu unsur yang tersisa dari yang dapat menyebabkan perasaan sakit seluruh akhir kehamilan-meskipun dalam situasi ini ini bisa menjadi sedikit lebih baik untuk mengidentifikasi. Jika merasa sakit, sakit bersama dengan diare bertepatan memiliki nyeri, sakit punggung, tekanan panggul, bersama dengan kontraksi berkembang di bawah 10 min terpisah, penawaran tenaga kerja mulai.\n\nMeskipun tidak aneh, setelah itu, merasa sakit di akhir nilai kehamilan sesi dengan semua pemasok perawatan Anda. Biasanya Anda dapat menemukan setiap hari bersama dengan alasan jinak di balik itu, namun mungkin ada kemungkinan pihak ketiga yang merupakan indikator yang berhubungan dengan salah satu dari ini banyak kondisi parah brilian yang sering terjadi selama bulan-bulan akhir terhubung dengan kehamilan.",
            "type": "video",
            "link": "https://vimeo.com/148049624",
            "player_embed_url": "https://player.vimeo.com/video/148049624?h=5a4cc7bca1",
            "duration": 175,
            "width": 640,
            "language": "id",
            "height": 360,
            "embed": {
                "html": "<iframe src=\"https://player.vimeo.com/video/148049624?h=5a4cc7bca1&amp;title=0&amp;byline=0&amp;portrait=0&amp;speed=0&amp;badge=0&amp;autopause=0&amp;player_id=0&amp;app_id=239169\" width=\"640\" height=\"360\" frameborder=\"0\" allow=\"autoplay; fullscreen; picture-in-picture\" allowfullscreen title=\"Mual Saat Hamil Sampai Berapa Bulan\"></iframe>",
                "badges": {
                    "hdr": false,
                    "live": {
                        "streaming": false,
                        "archived": false
                    },
                    "staff_pick": {
                        "normal": false,
                        "best_of_the_month": false,
                        "best_of_the_year": false,
                        "premiere": false
                    },
                    "vod": false,
                    "weekend_challenge": false
                }
            },
            "created_time": "2015-12-07T04:03:21+00:00",
            "modified_time": "2021-11-26T10:13:18+00:00",
            "release_time": "2015-12-07T04:03:21+00:00",
            "content_rating": [
                "unrated"
            ],
            "content_rating_class": "unrated",
            "rating_mod_locked": false,
            "license": null,
            "privacy": {
                "view": "anybody",
                "embed": "public",
                "download": false,
                "add": true,
                "comments": "anybody"
            },
            "pictures": {
                "uri": "/videos/148049624/pictures/546881182",
                "active": true,
                "type": "custom",
                "base_link": "https://i.vimeocdn.com/video/546881182-7129b97221defbf96cccb76ecb322d22779d0a8fc0230dfa5fec37a05a41e734-d",
                "sizes": [
                    {
                        "width": 100,
                        "height": 75,
                        "link": "https://i.vimeocdn.com/video/546881182-7129b97221defbf96cccb76ecb322d22779d0a8fc0230dfa5fec37a05a41e734-d_100x75?r=pad",
                        "link_with_play_button": "https://i.vimeocdn.com/filter/overlay?src0=https%3A%2F%2Fi.vimeocdn.com%2Fvideo%2F546881182-7129b97221defbf96cccb76ecb322d22779d0a8fc0230dfa5fec37a05a41e734-d_100x75&src1=http%3A%2F%2Ff.vimeocdn.com%2Fp%2Fimages%2Fcrawler_play.png"
                    },
                    {
                        "width": 200,
                        "height": 150,
                        "link": "https://i.vimeocdn.com/video/546881182-7129b97221defbf96cccb76ecb322d22779d0a8fc0230dfa5fec37a05a41e734-d_200x150?r=pad",
                        "link_with_play_button": "https://i.vimeocdn.com/filter/overlay?src0=https%3A%2F%2Fi.vimeocdn.com%2Fvideo%2F546881182-7129b97221defbf96cccb76ecb322d22779d0a8fc0230dfa5fec37a05a41e734-d_200x150&src1=http%3A%2F%2Ff.vimeocdn.com%2Fp%2Fimages%2Fcrawler_play.png"
                    },
                    {
                        "width": 295,
                        "height": 166,
                        "link": "https://i.vimeocdn.com/video/546881182-7129b97221defbf96cccb76ecb322d22779d0a8fc0230dfa5fec37a05a41e734-d_295x166?r=pad",
                        "link_with_play_button": "https://i.vimeocdn.com/filter/overlay?src0=https%3A%2F%2Fi.vimeocdn.com%2Fvideo%2F546881182-7129b97221defbf96cccb76ecb322d22779d0a8fc0230dfa5fec37a05a41e734-d_295x166&src1=http%3A%2F%2Ff.vimeocdn.com%2Fp%2Fimages%2Fcrawler_play.png"
                    },
                    {
                        "width": 640,
                        "height": 360,
                        "link": "https://i.vimeocdn.com/video/546881182-7129b97221defbf96cccb76ecb322d22779d0a8fc0230dfa5fec37a05a41e734-d_640x360?r=pad",
                        "link_with_play_button": "https://i.vimeocdn.com/filter/overlay?src0=https%3A%2F%2Fi.vimeocdn.com%2Fvideo%2F546881182-7129b97221defbf96cccb76ecb322d22779d0a8fc0230dfa5fec37a05a41e734-d_640x360&src1=http%3A%2F%2Ff.vimeocdn.com%2Fp%2Fimages%2Fcrawler_play.png"
                    },
                    {
                        "width": 960,
                        "height": 540,
                        "link": "https://i.vimeocdn.com/video/546881182-7129b97221defbf96cccb76ecb322d22779d0a8fc0230dfa5fec37a05a41e734-d_960x540?r=pad",
                        "link_with_play_button": "https://i.vimeocdn.com/filter/overlay?src0=https%3A%2F%2Fi.vimeocdn.com%2Fvideo%2F546881182-7129b97221defbf96cccb76ecb322d22779d0a8fc0230dfa5fec37a05a41e734-d_960x540&src1=http%3A%2F%2Ff.vimeocdn.com%2Fp%2Fimages%2Fcrawler_play.png"
                    },
                    {
                        "width": 1280,
                        "height": 720,
                        "link": "https://i.vimeocdn.com/video/546881182-7129b97221defbf96cccb76ecb322d22779d0a8fc0230dfa5fec37a05a41e734-d_1280x720?r=pad",
                        "link_with_play_button": "https://i.vimeocdn.com/filter/overlay?src0=https%3A%2F%2Fi.vimeocdn.com%2Fvideo%2F546881182-7129b97221defbf96cccb76ecb322d22779d0a8fc0230dfa5fec37a05a41e734-d_1280x720&src1=http%3A%2F%2Ff.vimeocdn.com%2Fp%2Fimages%2Fcrawler_play.png"
                    },
                    {
                        "width": 1920,
                        "height": 1080,
                        "link": "https://i.vimeocdn.com/video/546881182-7129b97221defbf96cccb76ecb322d22779d0a8fc0230dfa5fec37a05a41e734-d_1920x1080?r=pad",
                        "link_with_play_button": "https://i.vimeocdn.com/filter/overlay?src0=https%3A%2F%2Fi.vimeocdn.com%2Fvideo%2F546881182-7129b97221defbf96cccb76ecb322d22779d0a8fc0230dfa5fec37a05a41e734-d_1920x1080&src1=http%3A%2F%2Ff.vimeocdn.com%2Fp%2Fimages%2Fcrawler_play.png"
                    }
                ],
                "resource_key": "3f1568a5bfe817c47d644849a3974d13fbeba429",
                "default_picture": false
            },
            "tags": [
                {
                    "uri": "/tags/ibuhamil",
                    "name": "Ibu Hamil",
                    "tag": "Ibu Hamil",
                    "canonical": "ibuhamil",
                    "metadata": {
                        "connections": {
                            "videos": {
                                "uri": "/tags/ibuhamil/videos",
                                "options": [
                                    "GET"
                                ],
                                "total": 11
                            }
                        }
                    },
                    "resource_key": "181d1446a7d16a105cd12ed31eb4b7078a83b7a8"
                },
                {
                    "uri": "/tags/hamil",
                    "name": "Hamil",
                    "tag": "Hamil",
                    "canonical": "hamil",
                    "metadata": {
                        "connections": {
                            "videos": {
                                "uri": "/tags/hamil/videos",
                                "options": [
                                    "GET"
                                ],
                                "total": 76
                            }
                        }
                    },
                    "resource_key": "4e7661b3ea6888cb1450735125d4112fab8008ef"
                }
            ],
            "stats": {
                "plays": null
            },
            "categories": [
                {
                    "uri": "/categories/instructionals",
                    "name": "Instructionals",
                    "link": "https://vimeo.com/categories/instructionals",
                    "top_level": true,
                    "is_deprecated": true,
                    "pictures": {
                        "uri": "/videos/191730738/pictures/680161870",
                        "active": true,
                        "type": "custom",
                        "base_link": "https://i.vimeocdn.com/video/680161870-6c03951e2e49dd325620a5de6a4ca1759f87d91d4f736f8281e839712dfd8d9b-d",
                        "sizes": [
                            {
                                "width": 100,
                                "height": 75,
                                "link": "https://i.vimeocdn.com/video/680161870-6c03951e2e49dd325620a5de6a4ca1759f87d91d4f736f8281e839712dfd8d9b-d_100x75?r=pad",
                                "link_with_play_button": "https://i.vimeocdn.com/filter/overlay?src0=https%3A%2F%2Fi.vimeocdn.com%2Fvideo%2F680161870-6c03951e2e49dd325620a5de6a4ca1759f87d91d4f736f8281e839712dfd8d9b-d_100x75&src1=http%3A%2F%2Ff.vimeocdn.com%2Fp%2Fimages%2Fcrawler_play.png"
                            },
                            {
                                "width": 200,
                                "height": 150,
                                "link": "https://i.vimeocdn.com/video/680161870-6c03951e2e49dd325620a5de6a4ca1759f87d91d4f736f8281e839712dfd8d9b-d_200x150?r=pad",
                                "link_with_play_button": "https://i.vimeocdn.com/filter/overlay?src0=https%3A%2F%2Fi.vimeocdn.com%2Fvideo%2F680161870-6c03951e2e49dd325620a5de6a4ca1759f87d91d4f736f8281e839712dfd8d9b-d_200x150&src1=http%3A%2F%2Ff.vimeocdn.com%2Fp%2Fimages%2Fcrawler_play.png"
                            },
                            {
                                "width": 295,
                                "height": 166,
                                "link": "https://i.vimeocdn.com/video/680161870-6c03951e2e49dd325620a5de6a4ca1759f87d91d4f736f8281e839712dfd8d9b-d_295x166?r=pad",
                                "link_with_play_button": "https://i.vimeocdn.com/filter/overlay?src0=https%3A%2F%2Fi.vimeocdn.com%2Fvideo%2F680161870-6c03951e2e49dd325620a5de6a4ca1759f87d91d4f736f8281e839712dfd8d9b-d_295x166&src1=http%3A%2F%2Ff.vimeocdn.com%2Fp%2Fimages%2Fcrawler_play.png"
                            },
                            {
                                "width": 640,
                                "height": 360,
                                "link": "https://i.vimeocdn.com/video/680161870-6c03951e2e49dd325620a5de6a4ca1759f87d91d4f736f8281e839712dfd8d9b-d_640x360?r=pad",
                                "link_with_play_button": "https://i.vimeocdn.com/filter/overlay?src0=https%3A%2F%2Fi.vimeocdn.com%2Fvideo%2F680161870-6c03951e2e49dd325620a5de6a4ca1759f87d91d4f736f8281e839712dfd8d9b-d_640x360&src1=http%3A%2F%2Ff.vimeocdn.com%2Fp%2Fimages%2Fcrawler_play.png"
                            },
                            {
                                "width": 960,
                                "height": 540,
                                "link": "https://i.vimeocdn.com/video/680161870-6c03951e2e49dd325620a5de6a4ca1759f87d91d4f736f8281e839712dfd8d9b-d_960x540?r=pad",
                                "link_with_play_button": "https://i.vimeocdn.com/filter/overlay?src0=https%3A%2F%2Fi.vimeocdn.com%2Fvideo%2F680161870-6c03951e2e49dd325620a5de6a4ca1759f87d91d4f736f8281e839712dfd8d9b-d_960x540&src1=http%3A%2F%2Ff.vimeocdn.com%2Fp%2Fimages%2Fcrawler_play.png"
                            },
                            {
                                "width": 1280,
                                "height": 720,
                                "link": "https://i.vimeocdn.com/video/680161870-6c03951e2e49dd325620a5de6a4ca1759f87d91d4f736f8281e839712dfd8d9b-d_1280x720?r=pad",
                                "link_with_play_button": "https://i.vimeocdn.com/filter/overlay?src0=https%3A%2F%2Fi.vimeocdn.com%2Fvideo%2F680161870-6c03951e2e49dd325620a5de6a4ca1759f87d91d4f736f8281e839712dfd8d9b-d_1280x720&src1=http%3A%2F%2Ff.vimeocdn.com%2Fp%2Fimages%2Fcrawler_play.png"
                            },
                            {
                                "width": 1920,
                                "height": 1080,
                                "link": "https://i.vimeocdn.com/video/680161870-6c03951e2e49dd325620a5de6a4ca1759f87d91d4f736f8281e839712dfd8d9b-d_1920x1080?r=pad",
                                "link_with_play_button": "https://i.vimeocdn.com/filter/overlay?src0=https%3A%2F%2Fi.vimeocdn.com%2Fvideo%2F680161870-6c03951e2e49dd325620a5de6a4ca1759f87d91d4f736f8281e839712dfd8d9b-d_1920x1080&src1=http%3A%2F%2Ff.vimeocdn.com%2Fp%2Fimages%2Fcrawler_play.png"
                            }
                        ],
                        "resource_key": "ecfccd44b18fdabece81f47de151d427cae8b8a2",
                        "default_picture": false
                    },
                    "last_video_featured_time": "2020-04-17T22:03:22+00:00",
                    "parent": null,
                    "metadata": {
                        "connections": {
                            "channels": {
                                "uri": "/categories/instructionals/channels",
                                "options": [
                                    "GET"
                                ],
                                "total": 13635
                            },
                            "groups": {
                                "uri": "/categories/instructionals/groups",
                                "options": [
                                    "GET"
                                ],
                                "total": 1915
                            },
                            "users": {
                                "uri": "/categories/instructionals/users",
                                "options": [
                                    "GET"
                                ],
                                "total": 1307795
                            },
                            "videos": {
                                "uri": "/categories/instructionals/videos",
                                "options": [
                                    "GET"
                                ],
                                "total": 191658
                            }
                        }
                    },
                    "subcategories": [],
                    "icon": {
                        "uri": "/categories/instructionals/icon",
                        "active": false,
                        "type": "custom",
                        "base_link": "https://i.vimeocdn.com/grab?s=https%3A%2F%2Ff.vimeocdn.com%2Fimages_v6%2Fcategories%2Firis_icon_instructionals",
                        "sizes": [
                            {
                                "width": 20,
                                "height": 20,
                                "link": "https://i.vimeocdn.com/grab?s=https%3A%2F%2Ff.vimeocdn.com%2Fimages_v6%2Fcategories%2Firis_icon_instructionals_64.png%3Fb08277609695702eb47537ccd4616ac0d85a03a7%3Fv%3D2&r=pad&w=20&h=20&f=png"
                            },
                            {
                                "width": 40,
                                "height": 40,
                                "link": "https://i.vimeocdn.com/grab?s=https%3A%2F%2Ff.vimeocdn.com%2Fimages_v6%2Fcategories%2Firis_icon_instructionals_64.png%3Fb08277609695702eb47537ccd4616ac0d85a03a7%3Fv%3D2&r=pad&w=40&h=40&f=png"
                            },
                            {
                                "width": 60,
                                "height": 60,
                                "link": "https://i.vimeocdn.com/grab?s=https%3A%2F%2Ff.vimeocdn.com%2Fimages_v6%2Fcategories%2Firis_icon_instructionals_64.png%3Fb08277609695702eb47537ccd4616ac0d85a03a7%3Fv%3D2&r=pad&w=60&h=60&f=png"
                            },
                            {
                                "width": 80,
                                "height": 80,
                                "link": "https://i.vimeocdn.com/grab?s=https%3A%2F%2Ff.vimeocdn.com%2Fimages_v6%2Fcategories%2Firis_icon_instructionals_64.png%3Fb08277609695702eb47537ccd4616ac0d85a03a7%3Fv%3D2&r=pad&w=80&h=80&f=png"
                            },
                            {
                                "width": 100,
                                "height": 100,
                                "link": "https://i.vimeocdn.com/grab?s=https%3A%2F%2Ff.vimeocdn.com%2Fimages_v6%2Fcategories%2Firis_icon_instructionals_64.png%3Fb08277609695702eb47537ccd4616ac0d85a03a7%3Fv%3D2&r=pad&w=100&h=100&f=png"
                            },
                            {
                                "width": 120,
                                "height": 120,
                                "link": "https://i.vimeocdn.com/grab?s=https%3A%2F%2Ff.vimeocdn.com%2Fimages_v6%2Fcategories%2Firis_icon_instructionals_64.png%3Fb08277609695702eb47537ccd4616ac0d85a03a7%3Fv%3D2&r=pad&w=120&h=120&f=png"
                            },
                            {
                                "width": 140,
                                "height": 140,
                                "link": "https://i.vimeocdn.com/grab?s=https%3A%2F%2Ff.vimeocdn.com%2Fimages_v6%2Fcategories%2Firis_icon_instructionals_64.png%3Fb08277609695702eb47537ccd4616ac0d85a03a7%3Fv%3D2&r=pad&w=140&h=140&f=png"
                            },
                            {
                                "width": 160,
                                "height": 160,
                                "link": "https://i.vimeocdn.com/grab?s=https%3A%2F%2Ff.vimeocdn.com%2Fimages_v6%2Fcategories%2Firis_icon_instructionals_64.png%3Fb08277609695702eb47537ccd4616ac0d85a03a7%3Fv%3D2&r=pad&w=160&h=160&f=png"
                            },
                            {
                                "width": 180,
                                "height": 180,
                                "link": "https://i.vimeocdn.com/grab?s=https%3A%2F%2Ff.vimeocdn.com%2Fimages_v6%2Fcategories%2Firis_icon_instructionals_64.png%3Fb08277609695702eb47537ccd4616ac0d85a03a7%3Fv%3D2&r=pad&w=180&h=180&f=png"
                            }
                        ],
                        "resource_key": "52691bfdc22bd6e0500f23e34d9427769333f996",
                        "default_picture": false
                    },
                    "resource_key": "cce8fa1adf8a3baa45807a979140b3e895b7696b"
                },
                {
                    "uri": "/categories/instructionals/subcategories/education",
                    "name": "Education",
                    "link": "https://vimeo.com/categories/instructionals/education/videos",
                    "top_level": false,
                    "is_deprecated": true,
                    "pictures": {
                        "uri": "/videos/183513396/pictures/592740376",
                        "active": true,
                        "type": "custom",
                        "base_link": "https://i.vimeocdn.com/video/592740376-ccd303a2391706a6de7b54fb635b00e76a1601e86e235bfb1b5ef3695795eb07-d",
                        "sizes": [
                            {
                                "width": 100,
                                "height": 75,
                                "link": "https://i.vimeocdn.com/video/592740376-ccd303a2391706a6de7b54fb635b00e76a1601e86e235bfb1b5ef3695795eb07-d_100x75?r=pad",
                                "link_with_play_button": "https://i.vimeocdn.com/filter/overlay?src0=https%3A%2F%2Fi.vimeocdn.com%2Fvideo%2F592740376-ccd303a2391706a6de7b54fb635b00e76a1601e86e235bfb1b5ef3695795eb07-d_100x75&src1=http%3A%2F%2Ff.vimeocdn.com%2Fp%2Fimages%2Fcrawler_play.png"
                            },
                            {
                                "width": 200,
                                "height": 150,
                                "link": "https://i.vimeocdn.com/video/592740376-ccd303a2391706a6de7b54fb635b00e76a1601e86e235bfb1b5ef3695795eb07-d_200x150?r=pad",
                                "link_with_play_button": "https://i.vimeocdn.com/filter/overlay?src0=https%3A%2F%2Fi.vimeocdn.com%2Fvideo%2F592740376-ccd303a2391706a6de7b54fb635b00e76a1601e86e235bfb1b5ef3695795eb07-d_200x150&src1=http%3A%2F%2Ff.vimeocdn.com%2Fp%2Fimages%2Fcrawler_play.png"
                            },
                            {
                                "width": 295,
                                "height": 166,
                                "link": "https://i.vimeocdn.com/video/592740376-ccd303a2391706a6de7b54fb635b00e76a1601e86e235bfb1b5ef3695795eb07-d_295x166?r=pad",
                                "link_with_play_button": "https://i.vimeocdn.com/filter/overlay?src0=https%3A%2F%2Fi.vimeocdn.com%2Fvideo%2F592740376-ccd303a2391706a6de7b54fb635b00e76a1601e86e235bfb1b5ef3695795eb07-d_295x166&src1=http%3A%2F%2Ff.vimeocdn.com%2Fp%2Fimages%2Fcrawler_play.png"
                            },
                            {
                                "width": 640,
                                "height": 360,
                                "link": "https://i.vimeocdn.com/video/592740376-ccd303a2391706a6de7b54fb635b00e76a1601e86e235bfb1b5ef3695795eb07-d_640x360?r=pad",
                                "link_with_play_button": "https://i.vimeocdn.com/filter/overlay?src0=https%3A%2F%2Fi.vimeocdn.com%2Fvideo%2F592740376-ccd303a2391706a6de7b54fb635b00e76a1601e86e235bfb1b5ef3695795eb07-d_640x360&src1=http%3A%2F%2Ff.vimeocdn.com%2Fp%2Fimages%2Fcrawler_play.png"
                            },
                            {
                                "width": 960,
                                "height": 540,
                                "link": "https://i.vimeocdn.com/video/592740376-ccd303a2391706a6de7b54fb635b00e76a1601e86e235bfb1b5ef3695795eb07-d_960x540?r=pad",
                                "link_with_play_button": "https://i.vimeocdn.com/filter/overlay?src0=https%3A%2F%2Fi.vimeocdn.com%2Fvideo%2F592740376-ccd303a2391706a6de7b54fb635b00e76a1601e86e235bfb1b5ef3695795eb07-d_960x540&src1=http%3A%2F%2Ff.vimeocdn.com%2Fp%2Fimages%2Fcrawler_play.png"
                            },
                            {
                                "width": 1280,
                                "height": 720,
                                "link": "https://i.vimeocdn.com/video/592740376-ccd303a2391706a6de7b54fb635b00e76a1601e86e235bfb1b5ef3695795eb07-d_1280x720?r=pad",
                                "link_with_play_button": "https://i.vimeocdn.com/filter/overlay?src0=https%3A%2F%2Fi.vimeocdn.com%2Fvideo%2F592740376-ccd303a2391706a6de7b54fb635b00e76a1601e86e235bfb1b5ef3695795eb07-d_1280x720&src1=http%3A%2F%2Ff.vimeocdn.com%2Fp%2Fimages%2Fcrawler_play.png"
                            },
                            {
                                "width": 1920,
                                "height": 1080,
                                "link": "https://i.vimeocdn.com/video/592740376-ccd303a2391706a6de7b54fb635b00e76a1601e86e235bfb1b5ef3695795eb07-d_1920x1080?r=pad",
                                "link_with_play_button": "https://i.vimeocdn.com/filter/overlay?src0=https%3A%2F%2Fi.vimeocdn.com%2Fvideo%2F592740376-ccd303a2391706a6de7b54fb635b00e76a1601e86e235bfb1b5ef3695795eb07-d_1920x1080&src1=http%3A%2F%2Ff.vimeocdn.com%2Fp%2Fimages%2Fcrawler_play.png"
                            }
                        ],
                        "resource_key": "306cc6ed8c1ec124d6e6cc30a30da9e84bdbeff0",
                        "default_picture": false
                    },
                    "last_video_featured_time": "2016-09-20T23:22:16+00:00",
                    "parent": {
                        "uri": "/categories/instructionals",
                        "name": "Instructionals",
                        "link": "https://vimeo.com/categories/instructionals"
                    },
                    "metadata": {
                        "connections": {
                            "channels": {
                                "uri": "/categories/instructionals/subcategories/education/channels",
                                "options": [
                                    "GET"
                                ],
                                "total": 16
                            },
                            "groups": {
                                "uri": "/categories/instructionals/subcategories/education/groups",
                                "options": [
                                    "GET"
                                ],
                                "total": 5
                            },
                            "users": {
                                "uri": "/categories/instructionals/subcategories/education/users",
                                "options": [
                                    "GET"
                                ],
                                "total": 10420
                            },
                            "videos": {
                                "uri": "/categories/instructionals/subcategories/education/videos",
                                "options": [
                                    "GET"
                                ],
                                "total": 32922
                            }
                        }
                    },
                    "resource_key": "54375cd6879d825162220c52350c640db16159a7"
                }
            ],
            "uploader": {
                "pictures": {
                    "uri": "/users/44767398/pictures/10227277",
                    "active": true,
                    "type": "custom",
                    "base_link": "https://i.vimeocdn.com/portrait/10227277",
                    "sizes": [
                        {
                            "width": 30,
                            "height": 30,
                            "link": "https://i.vimeocdn.com/portrait/10227277_30x30"
                        },
                        {
                            "width": 72,
                            "height": 72,
                            "link": "https://i.vimeocdn.com/portrait/10227277_72x72"
                        },
                        {
                            "width": 75,
                            "height": 75,
                            "link": "https://i.vimeocdn.com/portrait/10227277_75x75"
                        },
                        {
                            "width": 100,
                            "height": 100,
                            "link": "https://i.vimeocdn.com/portrait/10227277_100x100"
                        },
                        {
                            "width": 144,
                            "height": 144,
                            "link": "https://i.vimeocdn.com/portrait/10227277_144x144"
                        },
                        {
                            "width": 216,
                            "height": 216,
                            "link": "https://i.vimeocdn.com/portrait/10227277_216x216"
                        },
                        {
                            "width": 288,
                            "height": 288,
                            "link": "https://i.vimeocdn.com/portrait/10227277_288x288"
                        },
                        {
                            "width": 300,
                            "height": 300,
                            "link": "https://i.vimeocdn.com/portrait/10227277_300x300"
                        },
                        {
                            "width": 360,
                            "height": 360,
                            "link": "https://i.vimeocdn.com/portrait/10227277_360x360"
                        }
                    ],
                    "resource_key": "783c012ff7cfcc5582bca0e03bcf014741c47847",
                    "default_picture": false
                }
            },
            "metadata": {
                "connections": {
                    "comments": {
                        "uri": "/videos/148049624/comments",
                        "options": [
                            "GET"
                        ],
                        "total": 0
                    },
                    "credits": {
                        "uri": "/videos/148049624/credits",
                        "options": [
                            "GET",
                            "POST"
                        ],
                        "total": 0
                    },
                    "likes": {
                        "uri": "/videos/148049624/likes",
                        "options": [
                            "GET"
                        ],
                        "total": 0
                    },
                    "pictures": {
                        "uri": "/videos/148049624/pictures",
                        "options": [
                            "GET",
                            "POST"
                        ],
                        "total": 1
                    },
                    "texttracks": {
                        "uri": "/videos/148049624/texttracks",
                        "options": [
                            "GET",
                            "POST"
                        ],
                        "total": 0
                    },
                    "related": null,
                    "recommendations": {
                        "uri": "/videos/148049624/recommendations",
                        "options": [
                            "GET"
                        ]
                    }
                },
                "interactions": {
                    "report": {
                        "uri": "/videos/148049624/report",
                        "options": [
                            "POST"
                        ],
                        "reason": [
                            "pornographic",
                            "harassment",
                            "ripoff",
                            "incorrect rating",
                            "spam",
                            "causes harm",
                            "csam"
                        ]
                    }
                },
                "is_vimeo_create": false,
                "is_screen_record": false
            },
            "user": {
                "uri": "/users/44767398",
                "name": "Dude Ganteng",
                "link": "https://vimeo.com/user44767398",
                "capabilities": {
                    "hasLiveSubscription": false,
                    "hasEnterpriseLihp": false,
                    "hasSvvTimecodedComments": false
                },
                "location": "",
                "gender": "m",
                "bio": null,
                "short_bio": null,
                "created_time": "2015-10-12T09:40:07+00:00",
                "pictures": {
                    "uri": "/users/44767398/pictures/10227277",
                    "active": true,
                    "type": "custom",
                    "base_link": "https://i.vimeocdn.com/portrait/10227277",
                    "sizes": [
                        {
                            "width": 30,
                            "height": 30,
                            "link": "https://i.vimeocdn.com/portrait/10227277_30x30"
                        },
                        {
                            "width": 72,
                            "height": 72,
                            "link": "https://i.vimeocdn.com/portrait/10227277_72x72"
                        },
                        {
                            "width": 75,
                            "height": 75,
                            "link": "https://i.vimeocdn.com/portrait/10227277_75x75"
                        },
                        {
                            "width": 100,
                            "height": 100,
                            "link": "https://i.vimeocdn.com/portrait/10227277_100x100"
                        },
                        {
                            "width": 144,
                            "height": 144,
                            "link": "https://i.vimeocdn.com/portrait/10227277_144x144"
                        },
                        {
                            "width": 216,
                            "height": 216,
                            "link": "https://i.vimeocdn.com/portrait/10227277_216x216"
                        },
                        {
                            "width": 288,
                            "height": 288,
                            "link": "https://i.vimeocdn.com/portrait/10227277_288x288"
                        },
                        {
                            "width": 300,
                            "height": 300,
                            "link": "https://i.vimeocdn.com/portrait/10227277_300x300"
                        },
                        {
                            "width": 360,
                            "height": 360,
                            "link": "https://i.vimeocdn.com/portrait/10227277_360x360"
                        }
                    ],
                    "resource_key": "783c012ff7cfcc5582bca0e03bcf014741c47847",
                    "default_picture": false
                },
                "websites": [],
                "metadata": {
                    "connections": {
                        "albums": {
                            "uri": "/users/44767398/albums",
                            "options": [
                                "GET"
                            ],
                            "total": 0
                        },
                        "appearances": {
                            "uri": "/users/44767398/appearances",
                            "options": [
                                "GET"
                            ],
                            "total": 0
                        },
                        "channels": {
                            "uri": "/users/44767398/channels",
                            "options": [
                                "GET"
                            ],
                            "total": 0
                        },
                        "feed": {
                            "uri": "/users/44767398/feed",
                            "options": [
                                "GET"
                            ]
                        },
                        "followers": {
                            "uri": "/users/44767398/followers",
                            "options": [
                                "GET"
                            ],
                            "total": 3
                        },
                        "following": {
                            "uri": "/users/44767398/following",
                            "options": [
                                "GET"
                            ],
                            "total": 0
                        },
                        "groups": {
                            "uri": "/users/44767398/groups",
                            "options": [
                                "GET"
                            ],
                            "total": 0
                        },
                        "likes": {
                            "uri": "/users/44767398/likes",
                            "options": [
                                "GET"
                            ],
                            "total": 0
                        },
                        "membership": {
                            "uri": "/users/44767398/membership/",
                            "options": [
                                "PATCH"
                            ]
                        },
                        "moderated_channels": {
                            "uri": "/users/44767398/channels?filter=moderated",
                            "options": [
                                "GET"
                            ],
                            "total": 0
                        },
                        "portfolios": {
                            "uri": "/users/44767398/portfolios",
                            "options": [
                                "GET"
                            ],
                            "total": 0
                        },
                        "videos": {
                            "uri": "/users/44767398/videos",
                            "options": [
                                "GET"
                            ],
                            "total": 12
                        },
                        "shared": {
                            "uri": "/users/44767398/shared/videos",
                            "options": [
                                "GET"
                            ],
                            "total": 0
                        },
                        "pictures": {
                            "uri": "/users/44767398/pictures",
                            "options": [
                                "GET",
                                "POST"
                            ],
                            "total": 1
                        },
                        "folders_root": {
                            "uri": "/users/44767398/folders/root",
                            "options": [
                                "GET"
                            ]
                        },
                        "teams": {
                            "uri": "/users/44767398/teams",
                            "options": [
                                "GET"
                            ],
                            "total": 1
                        }
                    }
                },
                "location_details": {
                    "formatted_address": "",
                    "latitude": null,
                    "longitude": null,
                    "city": null,
                    "state": null,
                    "neighborhood": null,
                    "sub_locality": null,
                    "state_iso_code": null,
                    "country": null,
                    "country_iso_code": null
                },
                "skills": [],
                "available_for_hire": false,
                "can_work_remotely": false,
                "resource_key": "e155547140ca3c4459eb57c8d21f8f8e7b274640",
                "account": "basic"
            },
            "app": null,
            "status": "available",
            "resource_key": "7c6b8f4acb4fe95ece38274e25b121a389606106",
            "upload": null,
            "transcode": null,
            "is_playable": true,
            "has_audio": true
        }
    ]
}